semestre,era,id_estudiante,estado,nota_100,parcial_1,parcial_1_modo,parcial_2,parcial_2_modo,parcial_3,parcial_3_modo,fase_1,fase_1_modo,fase_2,fase_2_modo,taller_1,taller_1_modo,taller_2,taller_2_modo,taller_3,taller_3_modo,am_1,am_1_modo,am_2,am_2_modo,am_3,am_3_modo,am_4,am_4_modo,am_5,am_5_modo,am_6,am_6_modo,quiz_1,quiz_1_modo,quiz_2,quiz_2_modo,quiz_3,quiz_3_modo,quiz_4,quiz_4_modo,quiz_5,quiz_5_modo,quiz_6,quiz_6_modo,promedio_ams,promedio_quices,actividades_n_realizadas,actividades_tiempo_promedio,actividades_tiempo_total,actividades_visitas_total,engagement_hasta_p1,engagement_hasta_p2,engagement_hasta_p3,parcial_1_modulos_unicos,parcial_1_temas_unicos,parcial_1_tiempo_hrs,parcial_1_tiempo_por_visita,parcial_1_visitas,parcial_1_visitas_por_tema,parcial_2_modulos_unicos,parcial_2_temas_unicos,parcial_2_tiempo_hrs,parcial_2_tiempo_por_visita,parcial_2_visitas,parcial_2_visitas_por_tema,parcial_3_modulos_unicos,parcial_3_temas_unicos,parcial_3_tiempo_hrs,parcial_3_tiempo_por_visita,parcial_3_visitas,parcial_3_visitas_por_tema,promedio_tiempo_por_visita,total_modulos,total_temas,total_tiempo_hrs,total_visitas
202320,formato_antiguo,00b3a84bea6a2e92337a5355fe21f474df3f5b369cdc51f84d64512ac59055d3,REPROBÓ,1.18,0.71,ind,0.0,ind,0.0,ind,4.55,grup,4.75,grup,3.0,grup,0.0,grup,0.0,grup,,,,,,,,,,,,,,,,,,,,,,,,,1.1,,0.0,0.0,0.0,0.0,4.899444444444445,9.57777777777778,10.823333333333334,4.0,8.0,4.899444444444445,11.306410256410258,26.0,3.25,4.0,5.0,4.678333333333334,14.773684210526318,19.0,3.8,6.0,7.0,1.2455555555555555,2.989333333333333,25.0,3.571428571428572,7.505369127516778,26.0,49.0,18.63833333333333,149.0
202320,formato_antiguo,0225069088595c227ac35f2105e2f61f07562692f707535d66e7005c711e8dfe,APROBÓ,4.29,4.41,ind,4.28,ind,3.58,ind,5.0,grup,4.85,grup,3.5,grup,4.75,grup,5.0,grup,,,,,,,,,,,,,,,,,,,,,,,,,4.69,,1.0,0.0402777777777777,0.0402777777777777,5.0,2.002222222222222,25.266666666666666,45.8475,6.0,12.0,2.002222222222222,4.142528735632184,29.0,2.4166666666666665,12.0,18.0,23.264444444444443,24.488888888888887,57.0,3.1666666666666665,6.0,8.0,20.58083333333333,53.68913043478261,23.0,2.875,20.128506375227687,39.0,75.0,61.39194444444445,183.0
202320,formato_antiguo,02492b11909b2b9829e4b8e87398b9311c3737219dda02e905c15fcfc291d232,APROBÓ,4.39,5.21,ind,4.45,ind,3.18,ind,4.95,grup,4.9,grup,3.85,grup,4.9,grup,4.9,grup,,,,,,,,,,,,,,,,,,,,,,,,,4.55,,0.0,0.0,0.0,0.0,12.123333333333331,30.27555555555556,30.460833333333333,10.0,18.0,12.123333333333331,11.365625,64.0,3.555555555555556,6.0,10.0,18.15222222222222,40.33827160493826,27.0,2.7,6.0,7.0,0.1852777777777778,0.653921568627451,17.0,2.4285714285714284,16.297900262467188,34.0,77.0,68.99444444444444,254.0
202320,formato_antiguo,069c84b35a20bdcab258a42cd3fc83c35a363f6d192c2d57be3391ac62689b7b,APROBÓ,4.7,6.31,ind,4.35,ind,3.69,ind,5.0,grup,5.0,grup,4.8,grup,5.0,grup,2.55,grup,,,,,,,,,,,,,,,,,,,,,,,,,4.51,,0.0,0.0,0.0,0.0,10.478333333333332,20.186944444444443,24.060277777777777,9.0,16.0,10.478333333333332,9.8234375,64.0,4.0,10.0,14.0,9.70861111111111,14.562916666666666,40.0,2.857142857142857,10.0,14.0,3.8733333333333335,7.042424242424243,33.0,2.357142857142857,11.335507246376812,43.0,91.0,60.833888888888886,322.0
202320,formato_antiguo,0e8e664a15da4b94fd73a34258e28732bd7cb54881836d3422202ab817f694ed,APROBÓ,3.02,2.81,ind,2.38,ind,2.33,ind,4.55,grup,4.75,grup,4.4,grup,4.75,grup,3.9,grup,,,,,,,,,,,,,,,,,,,,,,,,,2.62,,0.0,0.0,0.0,0.0,5.396944444444444,6.458888888888889,8.668888888888889,6.0,14.0,5.396944444444444,7.195925925925926,45.0,3.2142857142857144,7.0,14.0,1.0619444444444444,2.197126436781609,29.0,2.071428571428572,6.0,11.0,2.21,5.303999999999999,25.0,2.272727272727273,7.966795366795367,40.0,97.0,34.39,259.0
202320,formato_antiguo,10218c9778d97cf375ba894b69cb5938f4c105a830eb89007984a42652d73c64,REPROBÓ,2.65,2.59,ind,1.55,ind,2.1,ind,4.7,grup,4.8,grup,3.05,grup,2.95,grup,3.2,grup,,,,,,,,,,,,,,,,,,,,,,,,,2.37,,0.0,0.0,0.0,0.0,0.0,0.0,0.0,0.0,0.0,0.0,0.0,0.0,0.0,0.0,0.0,0.0,0.0,0.0,0.0,0.0,0.0,0.0,0.0,0.0,0.0,0.0,0.0,0.0,0.0,0.0
202320,formato_antiguo,1230c27c018962955d1ffd82d94c835cbada1690a926498183c89289699c601a,APROBÓ,4.47,4.66,ind,4.03,ind,4.27,ind,4.9,grup,5.0,grup,4.1,grup,4.9,grup,4.8,grup,,,,,,,,,,,,,,,,,,,,,,,,,4.92,,2.0,2.4522222222222223,4.904444444444445,8.0,11.799166666666666,46.89888888888888,69.17416666666666,7.0,15.0,11.799166666666666,22.837096774193547,31.0,2.066666666666667,8.0,11.0,35.09972222222222,51.36544715447154,41.0,3.727272727272727,9.0,11.0,22.275277777777777,25.70224358974359,52.0,4.727272727272728,29.370214521452148,37.0,75.0,98.87972222222224,202.0
202320,formato_antiguo,1250ceaac19b2b3a75c283338d5344ab14669a34304e5fd0a00e05dde388dfa6,APROBÓ,4.19,3.66,ind,4.46,ind,3.48,ind,4.9,grup,5.0,grup,4.5,grup,4.9,grup,5.0,grup,,,,,,,,,,,,,,,,,,,,,,,,,4.92,,2.0,3.0075000000000003,6.015,21.0,56.055,91.8825,121.00777777777778,9.0,18.0,56.055,29.50263157894737,114.0,6.333333333333333,10.0,14.0,35.8275,32.570454545454545,66.0,4.714285714285714,10.0,13.0,29.12527777777778,16.032262996941895,109.0,8.384615384615385,23.087011884550083,57.0,115.0,226.6375,589.0
202320,formato_antiguo,14403a1ca86aee7d416b186bc31d8f67df434a682bf465967495aa4e70f36de2,APROBÓ,3.45,2.06,ind,3.09,ind,3.28,ind,4.78,grup,5.0,grup,5.0,grup,5.0,grup,5.0,grup,,,,,,,,,,,,,,,,,,,,,,,,,4.28,,0.0,0.0,0.0,0.0,67.93166666666667,108.89166666666668,160.35194444444446,11.0,23.0,67.93166666666667,32.09370078740158,127.0,5.521739130434782,12.0,17.0,40.96,35.61739130434783,69.0,4.0588235294117645,14.0,23.0,51.460277777777776,25.102574525745258,123.0,5.3478260869565215,30.200679205851618,55.0,130.0,321.13388888888886,638.0
202320,formato_antiguo,15dbd58aeb338372f608844fa985348e95e7873ab637e35f84f68fc4a78c026b,RETIRADO,0.36,0.0,ind,0.0,ind,0.0,ind,3.58,grup,0.0,grup,0.0,grup,0.0,grup,0.0,grup,,,,,,,,,,,,,,,,,,,,,,,,,0.0,,0.0,0.0,0.0,0.0,0.0,0.0,0.0,0.0,0.0,0.0,0.0,0.0,0.0,0.0,0.0,0.0,0.0,0.0,0.0,0.0,0.0,0.0,0.0,0.0,0.0,0.0,0.0,0.0,0.0,0.0
202320,formato_antiguo,182b23ce5d2ec6851f316e4afba9bf10a9f7b39517e227f97e17a731877ae77e,RETIRADO,0.36,1.79,ind,0.0,ind,0.0,ind,0.0,grup,0.0,grup,0.0,grup,0.0,grup,0.0,grup,,,,,,,,,,,,,,,,,,,,,,,,,0.0,,0.0,0.0,0.0,0.0,0.0,0.0,0.0,0.0,0.0,0.0,0.0,0.0,0.0,0.0,0.0,0.0,0.0,0.0,0.0,0.0,0.0,0.0,0.0,0.0,0.0,0.0,0.0,0.0,0.0,0.0
202320,formato_antiguo,18bc5bb20cb67d3a6ed4a846cbdf07fb3ec177096727446ba69e616ada06ce9e,APROBÓ,3.84,3.41,ind,3.2,ind,3.8,ind,5.0,grup,4.85,grup,4.8,grup,5.0,grup,4.0,grup,,,,,,,,,,,,,,,,,,,,,,,,,3.82,,0.0,0.0,0.0,0.0,3.564722222222222,13.888055555555557,20.32166666666667,6.0,9.0,3.564722222222222,8.226282051282052,26.0,2.888888888888889,5.0,6.0,10.323333333333334,34.41111111111112,18.0,3.0,7.0,10.0,6.433611111111111,19.300833333333337,20.0,2.0,12.399063670411984,36.0,68.0,36.78388888888889,178.0
202320,formato_antiguo,1bbd0136d965da6aa3fc085d62fed504f59f2d0c96f46982acf141beb5dc2282,RETIRADO,0.75,1.31,ind,0.0,ind,0.0,ind,4.74,grup,0.0,grup,0.85,grup,0.0,grup,0.0,grup,,,,,,,,,,,,,,,,,,,,,,,,,0.0,,0.0,0.0,0.0,0.0,0.0,0.0,0.0,0.0,0.0,0.0,0.0,0.0,0.0,0.0,0.0,0.0,0.0,0.0,0.0,0.0,0.0,0.0,0.0,0.0,0.0,0.0,0.0,0.0,0.0,0.0
202320,formato_antiguo,1c6c07eebbfd02f721268123a1f28b0972b7573cb7e0dc03e4149bf47d2389d0,APROBÓ,4.71,5.86,ind,4.13,ind,4.45,ind,4.95,grup,4.5,grup,5.0,grup,4.05,grup,5.0,grup,,,,,,,,,,,,,,,,,,,,,,,,,4.27,,0.0,0.0,0.0,0.0,30.10083333333333,40.778333333333336,60.14,10.0,19.0,30.10083333333333,18.429081632653062,98.0,5.157894736842105,10.0,13.0,10.6775,12.561764705882352,51.0,3.923076923076923,13.0,20.0,19.361666666666668,15.087012987012988,77.0,3.85,13.782261208576996,64.0,140.0,157.11777777777775,684.0
202320,formato_antiguo,1db1f5efdb3558b62a865a1bd2b8189f3dbd24fc99a8ad56dbed4a3159b7fc9f,APROBÓ,3.05,2.84,ind,2.05,ind,2.6,ind,4.35,grup,4.4,grup,4.4,grup,4.5,grup,5.0,grup,,,,,,,,,,,,,,,,,,,,,,,,,4.17,,0.0,0.0,0.0,0.0,0.0,0.0,0.0,0.0,0.0,0.0,0.0,0.0,0.0,0.0,0.0,0.0,0.0,0.0,0.0,0.0,0.0,0.0,0.0,0.0,0.0,0.0,0.0,0.0,0.0,0.0
202320,formato_antiguo,1f20040f2eed15800f9b2fa45e53eb12ad2dc2a61d44432f48d8b5f9ea301ccd,APROBÓ,4.53,4.94,ind,3.68,ind,4.73,ind,4.8,grup,4.8,grup,4.85,grup,5.0,grup,4.75,grup,,,,,,,,,,,,,,,,,,,,,,,,,4.63,,0.0,0.0,0.0,0.0,0.0,0.0,0.0,0.0,0.0,0.0,0.0,0.0,0.0,0.0,0.0,0.0,0.0,0.0,0.0,0.0,0.0,0.0,0.0,0.0,0.0,0.0,0.0,0.0,0.0,0.0
202320,formato_antiguo,2238f7d1dd0633c3b4583243299c8fd61e8a4d915e5f3837a0d8d6edd9b63463,APROBÓ,3.68,2.86,ind,2.7,ind,4.13,ind,4.75,grup,5.0,grup,3.95,grup,4.9,grup,5.0,grup,,,,,,,,,,,,,,,,,,,,,,,,,3.89,,0.0,0.0,0.0,0.0,0.0,0.0,0.0,0.0,0.0,0.0,0.0,0.0,0.0,0.0,0.0,0.0,0.0,0.0,0.0,0.0,0.0,0.0,0.0,0.0,0.0,0.0,0.0,0.0,0.0,0.0
202320,formato_antiguo,2295e56d61cfa0a2824543c80f9b5d4b463e8f4915f6bcda5156242e1182a840,APROBÓ,3.6,5.24,ind,3.0,ind,2.5,ind,5.0,grup,4.7,grup,4.0,grup,3.85,grup,1.8,grup,,,,,,,,,,,,,,,,,,,,,,,,,1.0,,0.0,0.0,0.0,0.0,0.0,0.0,0.0,0.0,0.0,0.0,0.0,0.0,0.0,0.0,0.0,0.0,0.0,0.0,0.0,0.0,0.0,0.0,0.0,0.0,0.0,0.0,0.0,0.0,0.0,0.0
202320,formato_antiguo,249fe6c822d1cf354ec416d09254616216c3898f89d373a1efba647cb65a15ef,APROBÓ,3.79,3.34,ind,3.53,ind,3.45,ind,4.95,grup,4.5,grup,4.0,grup,5.0,grup,4.65,grup,,,,,,,,,,,,,,,,,,,,,,,,,3.99,,0.0,0.0,0.0,0.0,20.41777777777778,33.30305555555556,35.77166666666667,10.0,20.0,20.41777777777778,14.75983935742972,83.0,4.15,8.0,11.0,12.885277777777778,28.63395061728395,27.0,2.4545454545454546,7.0,8.0,2.468611111111111,10.579761904761906,14.0,1.75,14.757866666666668,51.0,114.0,92.23666666666666,375.0
202320,formato_antiguo,2684753c6ce7ad40b989d8156006463e8b7dc242a687c10c8bf5e1505528d55d,APROBÓ,3.96,3.29,ind,3.73,ind,3.88,ind,4.5,grup,4.8,grup,4.55,grup,4.9,grup,5.0,grup,,,,,,,,,,,,,,,,,,,,,,,,,4.58,,0.0,0.0,0.0,0.0,0.0,0.0,0.0,0.0,0.0,0.0,0.0,0.0,0.0,0.0,0.0,0.0,0.0,0.0,0.0,0.0,0.0,0.0,0.0,0.0,0.0,0.0,0.0,0.0,0.0,0.0
202320,formato_antiguo,290e9011da780e8d430f9ac87685226b4f6e16345cf091f75b94ae7d91039a2b,APROBÓ,3.29,2.74,ind,2.03,ind,3.73,ind,4.7,grup,5.0,grup,4.9,grup,4.4,grup,4.5,grup,,,,,,,,,,,,,,,,,,,,,,,,,2.0,,0.0,0.0,0.0,0.0,3.7688888888888887,4.424722222222222,14.63111111111111,8.0,13.0,3.7688888888888887,6.460952380952381,35.0,2.6923076923076925,6.0,10.0,0.6558333333333334,3.026923076923077,13.0,1.3,8.0,15.0,10.206388888888888,15.309583333333332,40.0,2.6666666666666665,12.273560606060606,44.0,95.0,45.00305555555556,220.0
202320,formato_antiguo,2c2754a8096695332b47dbee54ce59d6f62ae6f24e54809b1081e7fad479e444,APROBÓ,3.3,2.56,ind,3.18,ind,3.28,ind,4.0,grup,4.85,grup,2.88,grup,3.9,grup,2.75,grup,,,,,,,,,,,,,,,,,,,,,,,,,2.63,,0.0,0.0,0.0,0.0,0.0,0.0,0.0,0.0,0.0,0.0,0.0,0.0,0.0,0.0,0.0,0.0,0.0,0.0,0.0,0.0,0.0,0.0,0.0,0.0,0.0,0.0,0.0,0.0,0.0,0.0
202320,formato_antiguo,3010ab2b6a7b5a9819e5b74da3d043d8f79ac964f6f82e850107aceca28db259,APROBÓ,3.85,3.19,ind,3.03,ind,4.23,ind,5.0,grup,4.9,grup,4.5,grup,4.3,grup,5.0,grup,,,,,,,,,,,,,,,,,,,,,,,,,3.63,,0.0,0.0,0.0,0.0,14.248888888888889,27.106388888888887,32.12444444444444,10.0,20.0,14.248888888888889,14.248888888888889,60.0,3.0,8.0,10.0,12.8575,35.065909090909095,22.0,2.2,6.0,10.0,5.018055555555556,10.036111111111111,30.0,3.0,13.271546961325967,50.0,111.0,80.07166666666667,362.0
202320,formato_antiguo,3173748a76fb45d7ae84d07e6627ae653bed94176a4c615296e56b3a23b79d5d,APROBÓ,3.2,2.91,ind,3.0,ind,2.1,ind,4.7,grup,4.73,grup,2.15,grup,3.75,grup,3.25,grup,,,,,,,,,,,,,,,,,,,,,,,,,5.0,,0.0,0.0,0.0,0.0,18.89527777777778,23.329444444444444,24.81055555555556,9.0,18.0,18.89527777777778,15.116222222222223,75.0,4.166666666666667,8.0,11.0,4.434166666666667,8.3140625,32.0,2.909090909090909,8.0,11.0,1.481111111111111,2.2786324786324785,39.0,3.5454545454545454,9.571009389671362,56.0,120.0,67.95416666666667,426.0
202320,formato_antiguo,319ce8be1bf0e2fa8aedcc6a4a28ff7a987c3f371c480b9ea7834d97e61345e4,REPROBÓ,2.71,2.21,ind,2.5,ind,2.3,ind,4.33,grup,4.35,grup,4.1,grup,4.75,grup,0.0,grup,,,,,,,,,,,,,,,,,,,,,,,,,0.96,,0.0,0.0,0.0,0.0,0.0,0.0,0.0,0.0,0.0,0.0,0.0,0.0,0.0,0.0,0.0,0.0,0.0,0.0,0.0,0.0,0.0,0.0,0.0,0.0,0.0,0.0,0.0,0.0,0.0,0.0
202320,formato_antiguo,33b61ba5f7abaa613dc790a9a8f8244ea85e785d60b3aac1358cf690b899f55d,APROBÓ,3.41,1.36,ind,3.85,ind,4.63,ind,4.0,grup,4.85,grup,0.7,grup,4.25,grup,0.0,grup,,,,,,,,,,,,,,,,,,,,,,,,,1.0,,0.0,0.0,0.0,0.0,12.909166666666666,15.094722222222222,15.255555555555556,8.0,14.0,12.909166666666666,12.697540983606556,61.0,4.357142857142857,8.0,10.0,2.185555555555556,5.043589743589744,26.0,2.6,8.0,11.0,0.1608333333333333,0.5078947368421053,19.0,1.7272727272727273,7.74132075471698,34.0,77.0,34.19083333333333,265.0
202320,formato_antiguo,3425c60b4d00bc5095e81b6ce4305a9cddb2b9f50d5e14b34aa324d0cfb3c9f2,APROBÓ,3.53,2.36,ind,2.95,ind,3.68,ind,4.95,grup,4.5,grup,5.0,grup,4.05,grup,5.0,grup,,,,,,,,,,,,,,,,,,,,,,,,,4.35,,0.0,0.0,0.0,0.0,9.383333333333333,10.058055555555557,14.256666666666666,3.0,5.0,9.383333333333333,40.21428571428572,14.0,2.8,2.0,2.0,0.6747222222222222,5.783333333333333,7.0,3.5,4.0,8.0,4.198611111111111,10.952898550724637,23.0,2.875,15.88068376068376,36.0,67.0,51.61222222222222,195.0
202320,formato_antiguo,35a2e712719ebe8015090c0c5577c12c2aca38aaf118eb0768d923fb6377a082,APROBÓ,3.88,3.56,ind,3.98,ind,3.33,ind,4.47,grup,4.7,grup,3.2,grup,4.75,grup,5.0,grup,,,,,,,,,,,,,,,,,,,,,,,,,4.12,,0.0,0.0,0.0,0.0,0.0,0.0,0.0,0.0,0.0,0.0,0.0,0.0,0.0,0.0,0.0,0.0,0.0,0.0,0.0,0.0,0.0,0.0,0.0,0.0,0.0,0.0,0.0,0.0,0.0,0.0
202320,formato_antiguo,383e15d930c6e207412b208abaf0815589a8c594d1b3b122544b44db7abfc860,APROBÓ,4.65,4.51,ind,4.73,ind,4.41,ind,4.78,grup,5.0,grup,5.0,grup,5.0,grup,5.0,grup,,,,,,,,,,,,,,,,,,,,,,,,,4.68,,0.0,0.0,0.0,0.0,73.06194444444445,135.76611111111112,197.79472222222225,11.0,25.0,73.06194444444445,18.496694796061888,237.0,9.48,12.0,20.0,62.704166666666666,19.3930412371134,194.0,9.7,15.0,29.0,62.02861111111111,20.337249544626594,183.0,6.310344827586207,16.528812559017943,62.0,164.0,388.9780555555556,1412.0
202320,formato_antiguo,3875b8f43c813a5d3a8ee80136208140bb0960032a27455b1caaa667a26f067b,APROBÓ,3.08,2.96,ind,1.75,ind,3.1,ind,4.95,grup,4.9,grup,4.8,grup,3.8,grup,0.9,grup,,,,,,,,,,,,,,,,,,,,,,,,,2.71,,0.0,0.0,0.0,0.0,4.802777777777778,6.050555555555556,9.348055555555556,6.0,15.0,4.802777777777778,6.003472222222222,48.0,3.2,4.0,8.0,1.247777777777778,3.119444444444445,24.0,3.0,5.0,10.0,3.2975,5.347297297297297,37.0,3.7,8.07671497584541,39.0,93.0,46.44111111111111,345.0
202320,formato_antiguo,38f2dacfb18a47c76c0271d06b79b62090a6add12af416e1e87db04d58f50421,RETIRADO,0.98,1.59,ind,0.0,ind,0.0,ind,3.5,grup,0.0,grup,4.05,grup,5.0,grup,0.0,grup,,,,,,,,,,,,,,,,,,,,,,,,,3.28,,0.0,0.0,0.0,0.0,0.0,0.0,0.0,0.0,0.0,0.0,0.0,0.0,0.0,0.0,0.0,0.0,0.0,0.0,0.0,0.0,0.0,0.0,0.0,0.0,0.0,0.0,0.0,0.0,0.0,0.0
202320,formato_antiguo,3bb796a79dd0f34bf7573236441ecc4338057f380ba44e4d302f9d162364b688,REPROBÓ,2.93,3.96,ind,1.8,ind,2.9,ind,3.75,grup,5.0,grup,0.0,grup,0.0,grup,0.0,grup,,,,,,,,,,,,,,,,,,,,,,,,,1.77,,0.0,0.0,0.0,0.0,0.0,0.0,0.0,0.0,0.0,0.0,0.0,0.0,0.0,0.0,0.0,0.0,0.0,0.0,0.0,0.0,0.0,0.0,0.0,0.0,0.0,0.0,0.0,0.0,0.0,0.0
202320,formato_antiguo,3e1ff9ecc23a1e252cc4e07f8a43fd2f72644aabef58773d2b8041d368146df0,RETIRADO,0.5,0.0,ind,0.0,ind,0.0,ind,3.45,grup,0.0,grup,4.55,grup,4.9,grup,0.0,grup,,,,,,,,,,,,,,,,,,,,,,,,,0.0,,0.0,0.0,0.0,0.0,0.0,0.0,0.0,0.0,0.0,0.0,0.0,0.0,0.0,0.0,0.0,0.0,0.0,0.0,0.0,0.0,0.0,0.0,0.0,0.0,0.0,0.0,0.0,0.0,0.0,0.0
202320,formato_antiguo,3e8d4564d5dffc519a920bc9d5c9f722331d1286e0735a5e31b10f36d94ef810,RETIRADO,0.61,0.99,ind,0.0,ind,0.0,ind,3.45,grup,0.0,grup,4.1,grup,0.0,grup,0.0,grup,,,,,,,,,,,,,,,,,,,,,,,,,0.0,,0.0,0.0,0.0,0.0,0.0,0.0,0.0,0.0,0.0,0.0,0.0,0.0,0.0,0.0,0.0,0.0,0.0,0.0,0.0,0.0,0.0,0.0,0.0,0.0,0.0,0.0,0.0,0.0,0.0,0.0
202320,formato_antiguo,3fd05b99810b552c0f6f5a9b8b057de2e9473ba5d41763eba56bd273c7d65e8b,APROBÓ,4.73,5.71,ind,4.4,ind,4.32,ind,5.0,grup,4.95,grup,4.8,grup,5.0,grup,2.55,grup,,,,,,,,,,,,,,,,,,,,,,,,,4.22,,0.0,0.0,0.0,0.0,13.219722222222222,19.418333333333333,23.439722222222223,7.0,12.0,13.219722222222222,14.42151515151515,55.0,4.583333333333333,7.0,10.0,6.198611111111111,14.30448717948718,26.0,2.6,9.0,10.0,4.021388888888889,12.064166666666669,20.0,2.0,10.518326947637291,41.0,85.0,45.75472222222222,261.0
202320,formato_antiguo,438cd82562d9cdcd20013f33634df6c5d87f97ac987feb2e6e8838a86d7a30f7,REPROBÓ,2.41,2.39,ind,2.08,ind,1.78,ind,3.75,grup,5.0,grup,0.0,grup,0.0,grup,0.0,grup,,,,,,,,,,,,,,,,,,,,,,,,,1.91,,0.0,0.0,0.0,0.0,3.450833333333333,11.2625,11.70472222222222,6.0,13.0,3.450833333333333,5.17625,40.0,3.076923076923077,9.0,14.0,7.811666666666666,12.667567567567568,37.0,2.642857142857143,11.0,18.0,0.4422222222222222,1.1055555555555556,24.0,1.3333333333333333,8.425086805555555,41.0,88.0,26.960277777777776,192.0
202320,formato_antiguo,456e223c1584f490be558a35b8eef8308d17634c828ee48adcbe9d743ffbfffa,APROBÓ,3.48,3.69,ind,3.45,ind,3.74,ind,3.45,grup,2.6,grup,2.85,grup,4.75,grup,3.75,grup,,,,,,,,,,,,,,,,,,,,,,,,,3.03,,0.0,0.0,0.0,0.0,0.0,0.0,0.0,0.0,0.0,0.0,0.0,0.0,0.0,0.0,0.0,0.0,0.0,0.0,0.0,0.0,0.0,0.0,0.0,0.0,0.0,0.0,0.0,0.0,0.0,0.0
202320,formato_antiguo,4617819012039f6fd944f4e49d8335b64a4a6f1e642a27075e0451d3ae9acdf1,APROBÓ,3.29,2.71,ind,2.68,ind,2.88,ind,5.0,grup,5.0,grup,3.0,grup,4.3,grup,2.8,grup,,,,,,,,,,,,,,,,,,,,,,,,,3.77,,0.0,0.0,0.0,0.0,3.0877777777777777,7.252222222222223,19.69083333333333,10.0,21.0,3.0877777777777777,2.287242798353909,81.0,3.857142857142857,12.0,18.0,4.164444444444444,6.575438596491228,38.0,2.111111111111111,13.0,23.0,12.438611111111111,11.481794871794872,65.0,2.8260869565217392,11.134440104166666,60.0,154.0,95.01388888888889,512.0
202320,formato_antiguo,4a45f945c789170a5c943ee4406a12fdb00c0bc921e5f37d30dad9ab11fea7da,RETIRADO,1.14,4.26,ind,0.0,ind,0.0,ind,1.4,grup,0.0,grup,4.05,grup,0.0,grup,0.0,grup,,,,,,,,,,,,,,,,,,,,,,,,,1.67,,0.0,0.0,0.0,0.0,0.0,0.0,0.0,0.0,0.0,0.0,0.0,0.0,0.0,0.0,0.0,0.0,0.0,0.0,0.0,0.0,0.0,0.0,0.0,0.0,0.0,0.0,0.0,0.0,0.0,0.0
202320,formato_antiguo,4a4fb272df25ab9d9e6be014bf49a664bc92c8e4c1a5e3921d6d2a8fc1d345f9,APROBÓ,4.06,4.11,ind,3.03,ind,4.68,ind,4.7,grup,4.7,grup,3.3,grup,4.5,grup,4.15,grup,,,,,,,,,,,,,,,,,,,,,,,,,3.39,,0.0,0.0,0.0,0.0,0.0,0.0,0.0,0.0,0.0,0.0,0.0,0.0,0.0,0.0,0.0,0.0,0.0,0.0,0.0,0.0,0.0,0.0,0.0,0.0,0.0,0.0,0.0,0.0,0.0,0.0
202320,formato_antiguo,4c667e4fb38169e1e9554a8cb2c862bd70cfcdaebea2b30928b4dc23efe57d94,APROBÓ,3.7,3.74,ind,2.83,ind,3.68,ind,4.65,grup,5.0,grup,3.4,grup,5.0,grup,4.8,grup,,,,,,,,,,,,,,,,,,,,,,,,,2.85,,0.0,0.0,0.0,0.0,0.0,0.0,0.0,0.0,0.0,0.0,0.0,0.0,0.0,0.0,0.0,0.0,0.0,0.0,0.0,0.0,0.0,0.0,0.0,0.0,0.0,0.0,0.0,0.0,0.0,0.0
202320,formato_antiguo,4d47bcb9b710c47e0ca6e4f0b5fc2dbdfa8716d1580bca1ff56a80702aeae332,APROBÓ,4.89,5.44,ind,4.9,ind,4.39,ind,5.0,grup,4.9,grup,5.0,grup,4.85,grup,4.75,grup,,,,,,,,,,,,,,,,,,,,,,,,,5.0,,0.0,0.0,0.0,0.0,35.91388888888889,70.81416666666667,86.94666666666666,10.0,18.0,35.91388888888889,14.461968680089486,149.0,8.277777777777779,12.0,18.0,34.90027777777778,20.330258899676377,103.0,5.722222222222222,15.0,25.0,16.1325,10.875842696629212,89.0,3.56,12.229290429042903,56.0,132.0,164.68777777777777,808.0
202320,formato_antiguo,4dba12a0d6f7332f18017043345751b2dd5c042b25444e2a0952005f21682361,APROBÓ,3.4,3.89,ind,2.23,ind,3.13,ind,4.95,grup,4.5,grup,4.0,grup,3.85,grup,3.25,grup,,,,,,,,,,,,,,,,,,,,,,,,,3.01,,0.0,0.0,0.0,0.0,8.86111111111111,14.45722222222222,24.935,8.0,10.0,8.86111111111111,20.44871794871795,26.0,2.6,8.0,8.0,5.596111111111111,14.59855072463768,23.0,2.875,9.0,13.0,10.477777777777778,17.961904761904762,35.0,2.6923076923076925,12.822246065808296,50.0,85.0,49.793055555555554,233.0
202320,formato_antiguo,4f080de074b69fb584c894e2fdef1cf52928599aa8e31b392d95628611dd1dd2,APROBÓ,3.83,3.36,ind,3.08,ind,4.05,ind,5.0,grup,4.95,grup,3.85,grup,4.9,grup,4.9,grup,,,,,,,,,,,,,,,,,,,,,,,,,3.13,,0.0,0.0,0.0,0.0,8.83,13.836944444444445,17.46027777777778,7.0,9.0,8.83,24.08181818181818,22.0,2.4444444444444446,5.0,7.0,5.006944444444445,20.02777777777778,15.0,2.142857142857143,2.0,3.0,3.6233333333333335,24.155555555555555,9.0,3.0,21.5026402640264,28.0,47.0,36.19611111111111,101.0
202320,formato_antiguo,4f1044c99dae03e856fb2160ae4d85ff36b5e693647ed2fe624d0fbbd7fb551c,APROBÓ,3.86,4.16,ind,2.35,ind,4.2,ind,4.9,grup,5.0,grup,4.95,grup,4.5,grup,4.4,grup,,,,,,,,,,,,,,,,,,,,,,,,,3.45,,0.0,0.0,0.0,0.0,5.220833333333333,7.969444444444444,13.198055555555555,7.0,11.0,5.220833333333333,11.1875,28.0,2.5454545454545454,8.0,9.0,2.748611111111111,9.700980392156865,17.0,1.8888888888888888,8.0,16.0,5.228611111111111,9.803645833333334,32.0,2.0,12.10576131687243,44.0,87.0,49.028333333333336,243.0
202320,formato_antiguo,5051d75a5a010a3b1a80e25421857360345821763e887a364dd52ccc6ab4905a,APROBÓ,4.84,6.16,ind,4.1,ind,4.62,ind,4.95,grup,4.8,grup,5.0,grup,5.0,grup,4.6,grup,,,,,,,,,,,,,,,,,,,,,,,,,4.1,,0.0,0.0,0.0,0.0,8.606666666666667,8.625833333333334,10.218055555555557,6.0,7.0,8.606666666666667,30.3764705882353,17.0,2.4285714285714284,3.0,3.0,0.0191666666666666,0.1916666666666666,6.0,2.0,4.0,5.0,1.5922222222222222,11.941666666666666,8.0,1.6,26.47619047619048,24.0,41.0,43.24444444444445,98.0
202320,formato_antiguo,557689dc9b989d5b5190f768e7af1f781f4f8be420ee0a889d89c299aaa845f6,APROBÓ,3.48,4.21,ind,2.25,ind,2.9,ind,4.7,grup,4.7,grup,3.5,grup,4.25,grup,3.75,grup,,,,,,,,,,,,,,,,,,,,,,,,,4.37,,0.0,0.0,0.0,0.0,16.43166666666667,19.41055555555556,22.922222222222224,8.0,16.0,16.43166666666667,15.4046875,64.0,4.0,4.0,7.0,2.9788888888888887,5.1066666666666665,35.0,5.0,6.0,14.0,3.5116666666666667,3.098529411764705,68.0,4.857142857142857,10.667206790123457,42.0,105.0,76.80388888888889,432.0
202320,formato_antiguo,5582c4fa430b06c2e5ca3dcbc7dc1cfefe5da237f5d5eb1d070df054c812e830,APROBÓ,3.75,4.66,ind,2.15,ind,3.78,ind,5.0,grup,4.9,grup,4.25,grup,4.65,grup,4.1,grup,,,,,,,,,,,,,,,,,,,,,,,,,2.59,,0.0,0.0,0.0,0.0,18.105555555555554,29.40611111111111,35.558055555555555,5.0,10.0,18.105555555555554,19.75151515151515,55.0,5.5,5.0,8.0,11.300555555555556,18.32522522522523,37.0,4.625,4.0,9.0,6.151944444444444,13.182738095238095,28.0,3.111111111111111,12.404781420765026,26.0,64.0,50.44611111111111,244.0
202320,formato_antiguo,558f4fd5af669cda4ef1bd297700158cb494351126b17f41bf90ad86840cc082,APROBÓ,4.24,3.89,ind,3.98,ind,4.38,ind,4.1,grup,4.8,grup,4.5,grup,4.9,grup,4.5,grup,,,,,,,,,,,,,,,,,,,,,,,,,5.0,,0.0,0.0,0.0,0.0,18.794166666666666,30.75333333333333,33.153055555555554,10.0,19.0,18.794166666666666,12.814204545454544,88.0,4.631578947368421,11.0,16.0,11.959166666666668,13.79903846153846,52.0,3.25,14.0,25.0,2.399722222222222,2.526023391812865,57.0,2.28,10.943954918032787,59.0,128.0,89.01083333333334,488.0
202320,formato_antiguo,55c5fe81bec1007fbed5503e32ac6097ee5fed47d1b833a7e5105e493ccc22f2,REPROBÓ,2.61,2.19,ind,1.75,ind,1.53,ind,5.0,grup,4.8,grup,3.4,grup,4.5,grup,4.4,grup,,,,,,,,,,,,,,,,,,,,,,,,,3.36,,0.0,0.0,0.0,0.0,15.21861111111111,24.24527777777778,30.74055555555556,11.0,21.0,15.21861111111111,11.706623931623932,78.0,3.7142857142857135,11.0,19.0,9.026666666666667,7.849275362318841,69.0,3.631578947368421,15.0,24.0,6.495277777777778,5.995641025641026,65.0,2.708333333333333,8.81089588377724,58.0,137.0,60.64833333333333,413.0
202320,formato_antiguo,5714d9785016382eb45c56059429e54310f48527af048e5ca6f68cafde3f9f83,RETIRADO,0.87,1.49,ind,0.0,ind,0.0,ind,4.7,grup,0.0,grup,2.0,grup,4.25,grup,0.0,grup,,,,,,,,,,,,,,,,,,,,,,,,,0.0,,0.0,0.0,0.0,0.0,0.0,0.0,0.0,0.0,0.0,0.0,0.0,0.0,0.0,0.0,0.0,0.0,0.0,0.0,0.0,0.0,0.0,0.0,0.0,0.0,0.0,0.0,0.0,0.0,0.0,0.0
202320,formato_antiguo,57b41f69a04b79e37101e6247ad4220b0f09703a7f3b9c3852b12608c51563fb,APROBÓ,3.4,2.69,ind,2.93,ind,3.05,ind,4.78,grup,5.0,grup,4.0,grup,4.0,grup,3.25,grup,,,,,,,,,,,,,,,,,,,,,,,,,4.01,,0.0,0.0,0.0,0.0,5.148055555555556,11.855555555555554,14.659166666666666,9.0,18.0,5.148055555555556,6.177666666666666,50.0,2.7777777777777777,7.0,11.0,6.7075,13.415,30.0,2.727272727272727,10.0,20.0,2.803611111111111,2.803611111111111,60.0,3.0,6.721527777777777,51.0,127.0,43.01777777777778,384.0
202320,formato_antiguo,57d82b6f101107b84caa10ad698da4831a7704593887ab9ade134aa70a34ded5,REPROBÓ,2.81,1.91,ind,1.95,ind,2.38,ind,4.74,grup,5.0,grup,4.5,grup,4.5,grup,2.1,grup,,,,,,,,,,,,,,,,,,,,,,,,,3.78,,0.0,0.0,0.0,0.0,2.2575,2.2875,3.4563888888888883,3.0,4.0,2.2575,13.544999999999998,10.0,2.5,2.0,2.0,0.03,0.8999999999999999,2.0,1.0,2.0,2.0,1.1688888888888889,17.53333333333333,4.0,2.0,10.38722222222222,20.0,42.0,15.580833333333333,90.0
202320,formato_antiguo,58b98a6712f399aa97f39b65f5a0ed4ef6ad972741f7acf12bb2e9336b26ea6f,APROBÓ,4.41,3.74,ind,4.25,ind,4.53,ind,4.9,grup,5.0,grup,5.0,grup,5.0,grup,3.75,grup,,,,,,,,,,,,,,,,,,,,,,,,,4.98,,0.0,0.0,0.0,0.0,0.0,0.0,0.0,0.0,0.0,0.0,0.0,0.0,0.0,0.0,0.0,0.0,0.0,0.0,0.0,0.0,0.0,0.0,0.0,0.0,0.0,0.0,0.0,0.0,0.0,0.0
202320,formato_antiguo,5ae8f4891a8d7b0576d8bf04e79e074513e5ac3873057220e7543d5acb072953,REPROBÓ,2.91,3.81,ind,1.88,ind,1.68,ind,4.0,grup,4.85,grup,4.5,grup,3.95,grup,2.95,grup,,,,,,,,,,,,,,,,,,,,,,,,,3.73,,0.0,0.0,0.0,0.0,0.0,0.0,0.0,0.0,0.0,0.0,0.0,0.0,0.0,0.0,0.0,0.0,0.0,0.0,0.0,0.0,0.0,0.0,0.0,0.0,0.0,0.0,0.0,0.0,0.0,0.0
202320,formato_antiguo,5b07b07abab92cac1915842c308de6462aacf938f6a860abf5e9197071f4b266,REPROBÓ,2.92,1.96,ind,2.43,ind,2.5,ind,5.0,grup,5.0,grup,3.0,grup,4.65,grup,5.0,grup,,,,,,,,,,,,,,,,,,,,,,,,,1.75,,0.0,0.0,0.0,0.0,22.88305555555556,30.60472222222222,39.46416666666666,10.0,20.0,22.88305555555556,11.07244623655914,124.0,6.2,11.0,18.0,7.721666666666667,6.016883116883117,77.0,4.277777777777778,13.0,22.0,8.859444444444444,8.177948717948716,65.0,2.9545454545454546,12.992516001969475,59.0,144.0,146.5988888888889,677.0
202320,formato_antiguo,5f4533842e9afb3ef37f0d0f548b384bfa5c42a72ea85ff52aeccf3db6cfc8b5,APROBÓ,3.81,2.99,ind,3.85,ind,3.15,ind,4.9,grup,5.0,grup,4.3,grup,4.75,grup,4.75,grup,,,,,,,,,,,,,,,,,,,,,,,,,4.92,,0.0,0.0,0.0,0.0,15.938611111111111,25.761944444444445,41.01055555555556,7.0,10.0,15.938611111111111,35.419135802469135,27.0,2.7,9.0,10.0,9.823333333333334,20.324137931034485,29.0,2.9,11.0,17.0,15.248611111111112,18.298333333333336,50.0,2.9411764705882355,20.918046357615893,48.0,95.0,105.2875,302.0
202320,formato_antiguo,616ac09e47bea9f166a3bb6d7612905f2932fb9a42691c39bfcebc7398a36263,REPROBÓ,2.88,3.34,ind,2.35,ind,2.18,ind,4.0,grup,4.35,grup,4.5,grup,4.3,grup,2.8,grup,,,,,,,,,,,,,,,,,,,,,,,,,1.0,,0.0,0.0,0.0,0.0,0.0,0.0,0.0,0.0,0.0,0.0,0.0,0.0,0.0,0.0,0.0,0.0,0.0,0.0,0.0,0.0,0.0,0.0,0.0,0.0,0.0,0.0,0.0,0.0,0.0,0.0
202320,formato_antiguo,6401f5632d86f8e5785e54f3be6716517dc37947e8a667ff7bd50b42568baa47,APROBÓ,4.67,5.34,ind,4.0,ind,4.65,ind,5.0,grup,5.0,grup,4.65,grup,5.0,grup,4.25,grup,,,,,,,,,,,,,,,,,,,,,,,,,4.08,,0.0,0.0,0.0,0.0,41.91638888888889,57.47166666666666,99.6747222222222,11.0,23.0,41.91638888888889,20.958194444444448,120.0,5.217391304347826,11.0,17.0,15.555277777777778,21.211742424242427,44.0,2.588235294117647,14.0,27.0,42.20305555555556,20.92713498622589,121.0,4.481481481481482,19.841467661691546,59.0,154.0,221.5630555555556,670.0
202320,formato_antiguo,640a87062598ca969111e23bf34e12015a1367a79f50b796b467cbc9fe5df016,APROBÓ,3.26,3.61,ind,2.38,ind,3.2,ind,3.35,grup,5.0,grup,4.5,grup,4.9,grup,4.5,grup,,,,,,,,,,,,,,,,,,,,,,,,,1.53,,0.0,0.0,0.0,0.0,6.0525,9.009722222222225,11.348055555555556,6.0,9.0,6.0525,8.646428571428572,42.0,4.666666666666667,5.0,6.0,2.957222222222222,29.572222222222223,6.0,1.0,5.0,7.0,2.3383333333333334,10.021428571428572,14.0,2.0,12.471557971014493,43.0,97.0,57.369166666666665,276.0
202320,formato_antiguo,6498cd1a588be1ab284c23c252fcbcbaf0b22b9da298d10c1882c252804f4021,RETIRADO,0.55,0.64,ind,0.0,ind,0.0,ind,3.45,grup,0.0,grup,4.5,grup,0.0,grup,0.0,grup,,,,,,,,,,,,,,,,,,,,,,,,,0.0,,0.0,0.0,0.0,0.0,0.0,0.0,0.0,0.0,0.0,0.0,0.0,0.0,0.0,0.0,0.0,0.0,0.0,0.0,0.0,0.0,0.0,0.0,0.0,0.0,0.0,0.0,0.0,0.0,0.0,0.0
202320,formato_antiguo,659e3f662d2862b19bdfdc4cf0fdf326c944c880aad6bc844412da671481b477,RETIRADO,0.08,0.0,ind,0.0,ind,0.0,ind,0.0,grup,0.0,grup,4.5,grup,0.0,grup,0.0,grup,,,,,,,,,,,,,,,,,,,,,,,,,0.0,,0.0,0.0,0.0,0.0,0.0,0.0,0.0,0.0,0.0,0.0,0.0,0.0,0.0,0.0,0.0,0.0,0.0,0.0,0.0,0.0,0.0,0.0,0.0,0.0,0.0,0.0,0.0,0.0,0.0,0.0
202320,formato_antiguo,6610b7c86b67245865485b0281a1e272ecf2811e3edb99c28b2aa0a0e6f6bbfc,APROBÓ,4.68,5.39,ind,4.58,ind,4.08,ind,5.0,grup,4.85,grup,4.8,grup,4.75,grup,4.15,grup,,,,,,,,,,,,,,,,,,,,,,,,,4.53,,0.0,0.0,0.0,0.0,15.746944444444445,22.442222222222224,32.43416666666667,10.0,15.0,15.746944444444445,25.535585585585583,37.0,2.466666666666667,9.0,12.0,6.695277777777778,22.3175925925926,18.0,1.5,10.0,14.0,9.991944444444444,24.97986111111111,24.0,1.7142857142857142,16.363389121338912,45.0,92.0,65.18083333333334,239.0
202320,formato_antiguo,6869aed694cdfa3c9b238b00e2638e97d48b602ffb24def5d5530f8fd05e4589,APROBÓ,4.5,4.14,ind,4.78,ind,4.0,ind,5.0,grup,4.9,grup,4.75,grup,5.0,grup,5.0,grup,,,,,,,,,,,,,,,,,,,,,,,,,4.87,,0.0,0.0,0.0,0.0,6.548611111111111,11.651944444444444,27.534444444444446,6.0,13.0,6.548611111111111,12.674731182795698,31.0,2.3846153846153846,8.0,13.0,5.1033333333333335,11.776923076923076,26.0,2.0,6.0,11.0,15.8825,23.82375,40.0,3.636363636363636,13.813660130718953,41.0,93.0,58.70805555555555,255.0
202320,formato_antiguo,69fe2bbbcef9f2ae87cd712208912788885b5ffb8c5991974cedd62bae9ea974,RETIRADO,0.72,0.74,ind,0.0,ind,0.0,ind,4.9,grup,0.0,grup,5.0,grup,0.0,grup,0.0,grup,,,,,,,,,,,,,,,,,,,,,,,,,0.0,,0.0,0.0,0.0,0.0,0.0,0.0,0.0,0.0,0.0,0.0,0.0,0.0,0.0,0.0,0.0,0.0,0.0,0.0,0.0,0.0,0.0,0.0,0.0,0.0,0.0,0.0,0.0,0.0,0.0,0.0
202320,formato_antiguo,6d015ef532dcdd8cae33ab67fbec743e16ad45743645a00ef0b36313bbd32278,RETIRADO,0.0,0.0,ind,0.0,ind,0.0,ind,0.0,grup,0.0,grup,0.0,grup,0.0,grup,0.0,grup,,,,,,,,,,,,,,,,,,,,,,,,,0.0,,0.0,0.0,0.0,0.0,0.0,0.0,0.0,0.0,0.0,0.0,0.0,0.0,0.0,0.0,0.0,0.0,0.0,0.0,0.0,0.0,0.0,0.0,0.0,0.0,0.0,0.0,0.0,0.0,0.0,0.0
202320,formato_antiguo,6d66599bf7a61ea7753fda0dfd41b097730371a9283f1ae56c2b6b7910054e39,RETIRADO,0.45,0.0,ind,0.0,ind,0.0,ind,4.35,grup,0.0,grup,0.0,grup,0.0,grup,0.0,grup,,,,,,,,,,,,,,,,,,,,,,,,,0.36,,0.0,0.0,0.0,0.0,0.0,0.0,0.0,0.0,0.0,0.0,0.0,0.0,0.0,0.0,0.0,0.0,0.0,0.0,0.0,0.0,0.0,0.0,0.0,0.0,0.0,0.0,0.0,0.0,0.0,0.0
202320,formato_antiguo,6da1b0587e04abb7de35972bbeda580ac53d39ddbf1e787a479be55a580b7d35,APROBÓ,3.86,3.49,ind,3.38,ind,3.93,ind,4.9,grup,5.0,grup,3.05,grup,2.95,grup,3.2,grup,,,,,,,,,,,,,,,,,,,,,,,,,3.74,,0.0,0.0,0.0,0.0,11.69111111111111,18.14444444444445,21.069722222222225,4.0,5.0,11.69111111111111,43.84166666666667,16.0,3.2,8.0,9.0,6.453333333333333,22.77647058823529,17.0,1.8888888888888888,3.0,4.0,2.9252777777777776,19.50185185185185,9.0,2.25,18.49289855072464,31.0,53.0,35.444722222222225,115.0
202320,formato_antiguo,6db1597f509927b03db1aca18bfb8f2efbb7d9c1f4e17e6ac68ddb1e6ad67a16,APROBÓ,3.17,3.21,ind,2.4,ind,2.45,ind,4.6,grup,4.8,grup,4.0,grup,5.0,grup,4.65,grup,,,,,,,,,,,,,,,,,,,,,,,,,3.03,,0.0,0.0,0.0,0.0,11.9125,20.85805555555556,23.52055555555556,9.0,16.0,11.9125,8.508928571428571,84.0,5.25,8.0,12.0,8.945555555555556,10.734666666666667,50.0,4.166666666666667,11.0,16.0,2.6625,3.1323529411764706,51.0,3.1875,10.578201865988126,50.0,111.0,69.28722222222223,393.0
202320,formato_antiguo,73db38167520a077551aec9c11658fbe44f9e85ad36bc47119a9354da0d56169,RETIRADO,0.62,0.0,ind,0.0,ind,0.0,ind,4.8,grup,0.0,grup,2.0,grup,0.0,grup,0.0,grup,,,,,,,,,,,,,,,,,,,,,,,,,2.11,,0.0,0.0,0.0,0.0,0.0,0.0,0.0,0.0,0.0,0.0,0.0,0.0,0.0,0.0,0.0,0.0,0.0,0.0,0.0,0.0,0.0,0.0,0.0,0.0,0.0,0.0,0.0,0.0,0.0,0.0
202320,formato_antiguo,757d4fb41c09549249f72b2d909c8a6d214af5000bb4c0de8367ac6dadb578c5,APROBÓ,4.3,4.91,ind,3.5,ind,4.33,ind,4.5,grup,4.4,grup,4.8,grup,5.0,grup,4.75,grup,,,,,,,,,,,,,,,,,,,,,,,,,4.52,,2.0,0.0290277777777777,0.0580555555555555,13.0,22.406944444444445,29.7625,40.58694444444444,10.0,19.0,22.406944444444445,10.503255208333334,128.0,6.7368421052631575,10.0,15.0,7.355555555555555,5.658119658119658,78.0,5.2,10.0,15.0,10.824444444444444,9.99179487179487,65.0,4.333333333333333,7.424300254452927,55.0,132.0,81.04861111111111,655.0
202320,formato_antiguo,770f53cbf3235adbae5fe33a7071d87d5a8c80b4121b1c5dc266f1a97d3f9c1e,RETIRADO,0.77,1.09,ind,0.0,ind,0.0,ind,4.45,grup,0.0,grup,4.35,grup,0.0,grup,0.0,grup,,,,,,,,,,,,,,,,,,,,,,,,,0.77,,0.0,0.0,0.0,0.0,0.0,0.0,0.0,0.0,0.0,0.0,0.0,0.0,0.0,0.0,0.0,0.0,0.0,0.0,0.0,0.0,0.0,0.0,0.0,0.0,0.0,0.0,0.0,0.0,0.0,0.0
202320,formato_antiguo,794e2d3f053ff719977751606fc1b91c35ad50260cd17b39a8c27f0f476b13cd,APROBÓ,3.43,2.99,ind,2.7,ind,3.48,ind,4.55,grup,4.75,grup,4.4,grup,4.5,grup,5.0,grup,,,,,,,,,,,,,,,,,,,,,,,,,2.5,,0.0,0.0,0.0,0.0,6.443611111111111,8.960277777777778,9.677222222222222,4.0,4.0,6.443611111111111,35.1469696969697,11.0,2.75,7.0,9.0,2.5166666666666666,11.615384615384617,13.0,1.4444444444444444,4.0,4.0,0.7169444444444445,6.1452380952380965,7.0,1.75,18.563131313131315,16.0,32.0,20.419444444444444,66.0
202320,formato_antiguo,799d3dc1da88433d3539e0f74a666bec7b5c0a603c1c17ef0a74a8c8fe75251f,APROBÓ,3.6,3.36,ind,2.5,ind,3.95,ind,3.8,grup,4.5,grup,5.0,grup,4.75,grup,5.0,grup,,,,,,,,,,,,,,,,,,,,,,,,,4.88,,2.0,0.9804166666666668,1.9608333333333328,3.0,10.963333333333331,24.399444444444445,35.76916666666666,5.0,13.0,10.963333333333331,13.704166666666666,48.0,3.692307692307693,12.0,16.0,13.436111111111112,18.74806201550388,43.0,2.6875,10.0,13.0,11.369722222222222,21.31822916666667,32.0,2.4615384615384617,14.040039840637451,44.0,93.0,58.73416666666667,251.0
202320,formato_antiguo,79eab88d5d05f18c9c47fb3736d4a48cfc5ca9f5ffa7bae1d3f9cb348b9afa01,REPROBÓ,2.73,1.69,ind,1.55,ind,2.18,ind,4.9,grup,5.0,grup,4.45,grup,4.85,grup,5.0,grup,,,,,,,,,,,,,,,,,,,,,,,,,4.56,,0.0,0.0,0.0,0.0,8.923333333333334,19.249166666666667,23.181944444444447,10.0,13.0,8.923333333333334,17.270967741935483,31.0,2.3846153846153846,8.0,10.0,10.325833333333334,32.607894736842105,19.0,1.9,7.0,15.0,3.932777777777778,6.377477477477478,37.0,2.466666666666667,13.182825719120135,42.0,82.0,43.28361111111112,197.0
202320,formato_antiguo,7ae5db72137b07d0b5ed155e99ff225a216fde6706d497105ee52a1572aaae77,APROBÓ,3.26,3.84,ind,2.45,ind,1.98,ind,4.9,grup,5.0,grup,4.6,grup,4.5,grup,2.2,grup,,,,,,,,,,,,,,,,,,,,,,,,,4.04,,0.0,0.0,0.0,0.0,7.327222222222222,26.447222222222223,31.287777777777777,6.0,10.0,7.327222222222222,6.465196078431372,68.0,6.8,8.0,10.0,19.12,23.9,48.0,4.8,12.0,22.0,4.840555555555556,5.007471264367816,58.0,2.636363636363636,9.1722621902478,42.0,99.0,63.74722222222222,417.0
202320,formato_antiguo,7de359d8f76d7c7706d4ded612aa78f69aea90d55f427a00dc4f8c0099349a5d,APROBÓ,4.26,5.16,ind,3.13,ind,3.98,ind,4.9,grup,5.0,grup,5.0,grup,5.0,grup,3.75,grup,,,,,,,,,,,,,,,,,,,,,,,,,4.52,,2.0,0.0204166666666666,0.0408333333333333,11.0,15.201666666666666,26.559444444444445,35.41027777777778,11.0,23.0,15.201666666666666,7.2968,125.0,5.434782608695652,13.0,21.0,11.35777777777778,10.991397849462366,62.0,2.952380952380953,14.0,25.0,8.850833333333334,9.00084745762712,59.0,2.36,8.343631669535284,65.0,140.0,80.79416666666667,581.0
202320,formato_antiguo,7f0a054e41dba2c38e7a75541f007d165c4f74f93235ba64c936adaa79c18457,APROBÓ,3.56,2.59,ind,3.43,ind,3.0,ind,4.95,grup,5.0,grup,5.0,grup,5.0,grup,4.6,grup,,,,,,,,,,,,,,,,,,,,,,,,,3.93,,0.0,0.0,0.0,0.0,4.490277777777778,12.006944444444445,16.448888888888888,10.0,17.0,4.490277777777778,4.989197530864198,54.0,3.176470588235294,12.0,18.0,7.516666666666667,9.20408163265306,49.0,2.7222222222222223,11.0,17.0,4.441944444444444,7.40324074074074,36.0,2.117647058823529,9.335754504504504,50.0,109.0,46.05638888888889,296.0
202320,formato_antiguo,809d5a1ca81143cd0a2b3604959b2a1d5e94dfcbe529cbe3fb75785f7b6c4228,APROBÓ,3.05,3.89,ind,1.4,ind,2.84,ind,5.0,grup,5.0,grup,4.05,grup,0.0,grup,4.8,grup,,,,,,,,,,,,,,,,,,,,,,,,,1.2,,0.0,0.0,0.0,0.0,2.5819444444444444,3.883888888888889,5.927777777777777,6.0,12.0,2.5819444444444444,4.694444444444444,33.0,2.75,5.0,6.0,1.3019444444444443,7.811666666666666,10.0,1.6666666666666667,4.0,5.0,2.043888888888889,11.148484848484848,11.0,2.2,7.929203539823009,26.0,51.0,14.933333333333334,113.0
202320,formato_antiguo,84767b8612bbc3b1144ad16ee8c340b7fd89d2269fd2d89d14a5bfe2f1a1bde7,RETIRADO,0.92,1.46,ind,0.0,ind,0.0,ind,4.65,grup,0.0,grup,4.95,grup,0.0,grup,0.0,grup,,,,,,,,,,,,,,,,,,,,,,,,,1.67,,0.0,0.0,0.0,0.0,0.0,0.0,0.0,0.0,0.0,0.0,0.0,0.0,0.0,0.0,0.0,0.0,0.0,0.0,0.0,0.0,0.0,0.0,0.0,0.0,0.0,0.0,0.0,0.0,0.0,0.0
202320,formato_antiguo,8508323b451868298bb7fd6afff50ef34b5b0b159397a071e595f45455a5cb45,REPROBÓ,2.8,2.14,ind,2.15,ind,2.5,ind,3.58,grup,4.15,grup,4.0,grup,3.85,grup,3.25,grup,,,,,,,,,,,,,,,,,,,,,,,,,5.0,,0.0,0.0,0.0,0.0,8.020833333333334,15.428611111111111,19.308888888888887,7.0,17.0,8.020833333333334,7.63888888888889,63.0,3.7058823529411766,6.0,12.0,7.407777777777778,13.889583333333333,32.0,2.6666666666666665,6.0,10.0,3.8802777777777777,8.02816091954023,29.0,2.9,17.220516074450085,47.0,113.0,113.0813888888889,394.0
202320,formato_antiguo,855d72d25a7c2d89171727b18df16fb7fb4f9b9694a0ed4170875ab8d703678b,REPROBÓ,2.24,0.89,ind,1.88,ind,1.0,ind,4.35,grup,5.0,grup,3.95,grup,4.75,grup,2.75,grup,,,,,,,,,,,,,,,,,,,,,,,,,4.23,,0.0,0.0,0.0,0.0,0.0,0.0,0.0,0.0,0.0,0.0,0.0,0.0,0.0,0.0,0.0,0.0,0.0,0.0,0.0,0.0,0.0,0.0,0.0,0.0,0.0,0.0,0.0,0.0,0.0,0.0
202320,formato_antiguo,859db197434a6ee5d84b5f566aa5f4ca6edd3161079b6390016e62ad49389edd,REPROBÓ,2.14,1.59,ind,2.13,ind,0.48,ind,4.7,grup,4.8,grup,0.0,grup,4.25,grup,5.0,grup,,,,,,,,,,,,,,,,,,,,,,,,,1.22,,0.0,0.0,0.0,0.0,8.942222222222222,20.399444444444445,32.18833333333333,11.0,21.0,8.942222222222222,5.6477192982456135,95.0,4.523809523809524,12.0,20.0,11.457222222222224,7.391756272401435,93.0,4.65,16.0,30.0,11.78888888888889,6.7365079365079366,105.0,3.5,7.252735368956743,56.0,131.0,63.340555555555554,524.0
202320,formato_antiguo,8c69941808052f432badc6be4d1eea57c66da62249fcd522e729486ef7a5650a,APROBÓ,4.74,5.84,ind,3.93,ind,4.55,ind,5.0,grup,5.0,grup,4.75,grup,5.0,grup,5.0,grup,,,,,,,,,,,,,,,,,,,,,,,,,4.13,,0.0,0.0,0.0,0.0,11.2175,23.85722222222222,34.787499999999994,11.0,20.0,11.2175,5.752564102564103,117.0,5.85,11.0,16.0,12.639722222222222,18.05674603174603,42.0,2.625,10.0,16.0,10.930277777777778,11.115536723163842,59.0,3.6875,12.112465564738292,45.0,112.0,97.70722222222224,484.0
202320,formato_antiguo,8c6d21af1884187bee30fa5c3c2f98327b7354cad55c3c5df7751a5026f52f68,APROBÓ,3.68,3.09,ind,3.03,ind,3.93,ind,3.8,grup,4.5,grup,5.0,grup,4.75,grup,5.0,grup,,,,,,,,,,,,,,,,,,,,,,,,,4.88,,2.0,2.618055555555556,5.236111111111111,10.0,22.754444444444445,45.44638888888889,50.73555555555556,8.0,18.0,22.754444444444445,15.69272030651341,87.0,4.833333333333333,12.0,19.0,22.691944444444445,18.398873873873875,74.0,3.8947368421052633,12.0,20.0,5.289166666666667,4.736567164179105,67.0,3.35,11.13216986620128,59.0,137.0,106.31222222222222,573.0
202320,formato_antiguo,8ec1b8f4914f197a2202030889b4497ca7534729e6492400b0da9283d68de376,APROBÓ,3.86,3.24,ind,3.53,ind,3.69,ind,5.0,grup,5.0,grup,4.65,grup,5.0,grup,4.25,grup,,,,,,,,,,,,,,,,,,,,,,,,,3.58,,0.0,0.0,0.0,0.0,31.76388888888889,69.49166666666666,92.45027777777776,10.0,21.0,31.76388888888889,24.75108225108225,77.0,3.6666666666666665,11.0,18.0,37.727777777777774,31.009132420091323,73.0,4.055555555555555,11.0,20.0,22.95861111111111,27.55033333333333,50.0,2.5,20.056588613406795,57.0,145.0,242.68472222222223,726.0
202320,formato_antiguo,902bd6ddf7cba6b88e85c3f9ff8a330623d0d7566f021f4349b77ae3e47378c4,REPROBÓ,2.64,2.36,ind,1.78,ind,2.55,ind,2.8,grup,4.6,grup,4.9,grup,4.4,grup,4.5,grup,,,,,,,,,,,,,,,,,,,,,,,,,2.28,,0.0,0.0,0.0,0.0,0.8919444444444444,4.707777777777778,13.846944444444444,8.0,16.0,0.8919444444444444,1.7263440860215054,31.0,1.9375,9.0,12.0,3.815833333333333,8.47962962962963,27.0,2.25,13.0,21.0,9.139166666666666,14.82027027027027,37.0,1.761904761904762,10.364920634920637,49.0,98.0,36.27722222222222,210.0
202320,formato_antiguo,91050eacd8e7a36f04442e4c5a27b022b20aad14b24a974360a2b9b2104d6bfd,APROBÓ,3.64,3.34,ind,2.38,ind,4.1,ind,4.5,grup,4.4,grup,4.45,grup,4.8,grup,5.0,grup,,,,,,,,,,,,,,,,,,,,,,,,,4.48,,3.0,1.900462962962963,5.701388888888889,15.0,27.822777777777777,61.74722222222222,78.02805555555555,8.0,18.0,27.822777777777777,19.41124031007752,86.0,4.777777777777778,13.0,21.0,33.92444444444445,34.49943502824859,59.0,2.8095238095238093,15.0,24.0,16.280833333333334,12.210625,80.0,3.333333333333333,17.519957805907172,60.0,130.0,115.33972222222222,395.0
202320,formato_antiguo,91422253f170a7a25e4569d943f590e3920044d773b18165ec873a8ce132b5fd,APROBÓ,3.32,2.59,ind,3.18,ind,3.05,ind,4.35,grup,4.4,grup,4.5,grup,4.35,grup,5.0,grup,,,,,,,,,,,,,,,,,,,,,,,,,2.84,,0.0,0.0,0.0,0.0,0.0,0.0,0.0,0.0,0.0,0.0,0.0,0.0,0.0,0.0,0.0,0.0,0.0,0.0,0.0,0.0,0.0,0.0,0.0,0.0,0.0,0.0,0.0,0.0,0.0,0.0
202320,formato_antiguo,92033664779571d74577a33e31ae23aefbf0b442a059e28dde1630d088345166,APROBÓ,3.66,3.29,ind,3.1,ind,3.83,ind,4.6,grup,4.8,grup,5.0,grup,4.95,grup,3.75,grup,,,,,,,,,,,,,,,,,,,,,,,,,1.97,,0.0,0.0,0.0,0.0,0.0,0.0,0.0,0.0,0.0,0.0,0.0,0.0,0.0,0.0,0.0,0.0,0.0,0.0,0.0,0.0,0.0,0.0,0.0,0.0,0.0,0.0,0.0,0.0,0.0,0.0
202320,formato_antiguo,9308f95a894d03431cd2673708806af4f073d0f2ab54c53d6179e24638381466,APROBÓ,3.7,2.66,ind,2.95,ind,4.26,ind,4.45,grup,5.0,grup,4.2,grup,4.25,grup,5.0,grup,,,,,,,,,,,,,,,,,,,,,,,,,3.96,,3.0,0.1287037037037037,0.3861111111111111,17.0,20.663888888888888,34.4475,39.00305555555556,6.0,15.0,20.663888888888888,17.711904761904762,70.0,4.666666666666667,7.0,11.0,13.783611111111112,15.036666666666669,55.0,5.0,6.0,11.0,4.555555555555555,8.03921568627451,34.0,3.090909090909091,14.59309523809524,52.0,109.0,102.15166666666669,420.0
202320,formato_antiguo,930a8b250a66f77d219a6d8415547742960588e9ca8475ca100065dac571fdb5,APROBÓ,4.07,4.01,ind,3.09,ind,4.22,ind,5.0,grup,5.0,grup,4.8,grup,4.5,grup,4.65,grup,,,,,,,,,,,,,,,,,,,,,,,,,4.08,,0.0,0.0,0.0,0.0,18.29,37.81027777777778,47.46083333333333,11.0,23.0,18.29,5.745549738219895,191.0,8.304347826086957,12.0,20.0,19.52027777777778,6.164298245614035,190.0,9.5,16.0,29.0,9.650555555555556,4.595502645502645,126.0,4.344827586206897,5.57073772514187,66.0,172.0,125.43444444444444,1351.0
202320,formato_antiguo,960cc1d8b11a2c7a4dfb016863e829b40985a04eea2478440d8a3610f84aa937,APROBÓ,3.01,1.81,ind,2.0,ind,3.18,ind,4.7,grup,4.73,grup,2.0,grup,3.75,grup,3.7,grup,,,,,,,,,,,,,,,,,,,,,,,,,5.0,,0.0,0.0,0.0,0.0,5.243888888888889,14.099166666666664,17.6775,6.0,9.0,5.243888888888889,13.109722222222222,24.0,2.6666666666666665,7.0,8.0,8.855277777777777,35.42111111111111,15.0,1.875,8.0,13.0,3.578333333333333,7.403448275862068,29.0,2.230769230769231,25.64427777777778,50.0,103.0,128.2213888888889,300.0
202320,formato_antiguo,9618e77b120f6689faa42cf2a61294b169b999a9fef3c3e6e9cc53ff29517237,APROBÓ,3.64,3.96,ind,1.58,ind,4.38,ind,4.0,grup,4.85,grup,4.55,grup,4.9,grup,5.0,grup,,,,,,,,,,,,,,,,,,,,,,,,,4.64,,0.0,0.0,0.0,0.0,11.071111111111112,23.412222222222223,35.649166666666666,5.0,11.0,11.071111111111112,20.758333333333333,32.0,2.909090909090909,4.0,5.0,12.341111111111111,92.55833333333334,8.0,1.6,7.0,13.0,12.236944444444443,19.84369369369369,37.0,2.8461538461538463,34.86077542799597,45.0,97.0,192.31527777777777,331.0
202320,formato_antiguo,98d01d5b097d22f3a25bde0b51403d7c5eb89e1e6d937c05aef22e50c042c24b,RETIRADO,0.86,1.76,ind,0.0,ind,0.0,ind,4.33,grup,0.0,grup,2.1,grup,2.6,grup,0.0,grup,,,,,,,,,,,,,,,,,,,,,,,,,0.0,,0.0,0.0,0.0,0.0,0.0,0.0,0.0,0.0,0.0,0.0,0.0,0.0,0.0,0.0,0.0,0.0,0.0,0.0,0.0,0.0,0.0,0.0,0.0,0.0,0.0,0.0,0.0,0.0,0.0,0.0
202320,formato_antiguo,98f774d0c66f48c0a2e3826483d82a2498122186736198ab4941391ee7f9d612,APROBÓ,3.66,4.14,ind,2.25,ind,4.26,ind,3.9,grup,4.35,grup,4.3,grup,4.0,grup,3.25,grup,,,,,,,,,,,,,,,,,,,,,,,,,3.72,,0.0,0.0,0.0,0.0,0.0,0.0,0.0,0.0,0.0,0.0,0.0,0.0,0.0,0.0,0.0,0.0,0.0,0.0,0.0,0.0,0.0,0.0,0.0,0.0,0.0,0.0,0.0,0.0,0.0,0.0
202320,formato_antiguo,9a2ccefcd46be118f0cc21f4741f8751ca62615d3356cf467e807cc8c96dd8b1,APROBÓ,3.71,3.31,ind,3.08,ind,3.75,ind,5.0,grup,4.9,grup,4.25,grup,4.65,grup,4.1,grup,,,,,,,,,,,,,,,,,,,,,,,,,2.57,,0.0,0.0,0.0,0.0,1.0683333333333334,3.9522222222222223,8.031666666666666,4.0,5.0,1.0683333333333334,4.93076923076923,13.0,2.6,3.0,4.0,2.883888888888889,24.71904761904762,7.0,1.75,4.0,7.0,4.079444444444444,9.06543209876543,27.0,3.857142857142857,9.471520146520149,29.0,46.0,28.73027777777778,182.0
202320,formato_antiguo,9b7dfb268058ce0d5ac4cbba69ab8565143bf02d725db485f40492470821eab9,APROBÓ,4.02,2.36,ind,4.1,ind,4.15,ind,5.0,grup,5.0,grup,4.7,grup,4.6,grup,5.0,grup,,,,,,,,,,,,,,,,,,,,,,,,,4.95,,0.0,0.0,0.0,0.0,2.15,2.1552777777777776,8.581111111111111,6.0,10.0,2.15,6.45,20.0,2.0,2.0,2.0,0.0052777777777777,0.0633333333333333,5.0,2.5,4.0,6.0,6.425833333333333,42.83888888888889,9.0,1.5,15.653244837758114,27.0,49.0,29.48027777777778,113.0
202320,formato_antiguo,9bf9f4341e8b7d223002792e75fdcd10d223cb9b770f76c8442e73d5c06f2915,REPROBÓ,2.78,3.19,ind,2.33,ind,2.0,ind,4.8,grup,4.6,grup,2.0,grup,0.0,grup,0.0,grup,,,,,,,,,,,,,,,,,,,,,,,,,1.81,,3.0,0.366111111111111,1.0983333333333334,19.0,10.333055555555555,16.444166666666668,19.99361111111111,7.0,16.0,10.333055555555555,11.071130952380951,56.0,3.5,7.0,11.0,6.111111111111111,10.185185185185183,36.0,3.272727272727273,10.0,15.0,3.5494444444444446,5.194308943089431,41.0,2.7333333333333334,9.949482401656311,51.0,99.0,53.39555555555555,322.0
202320,formato_antiguo,9cac3974f975d92f09163fc30fcf4a405b38b326e274f92f4cd6e0966e606e2b,APROBÓ,4.17,4.54,ind,3.28,ind,4.35,ind,4.75,grup,5.0,grup,4.2,grup,3.08,grup,3.95,grup,,,,,,,,,,,,,,,,,,,,,,,,,3.8,,0.0,0.0,0.0,0.0,7.496388888888889,23.0025,35.926944444444445,7.0,14.0,7.496388888888889,16.063690476190477,28.0,2.0,7.0,12.0,15.50611111111111,37.21466666666666,25.0,2.083333333333333,9.0,14.0,12.924444444444443,19.883760683760684,39.0,2.7857142857142856,16.8135231316726,50.0,115.0,78.74333333333334,281.0
202320,formato_antiguo,9cef46ebbb16857e6fde17489e777ddbe15f3c538a509fbc82e9b6b037529e92,APROBÓ,4.65,5.11,ind,4.46,ind,4.15,ind,5.0,grup,4.9,grup,4.8,grup,4.5,grup,4.65,grup,,,,,,,,,,,,,,,,,,,,,,,,,5.0,,0.0,0.0,0.0,0.0,22.391111111111112,32.18,46.6025,8.0,15.0,22.391111111111112,23.1632183908046,58.0,3.866666666666666,8.0,10.0,9.78888888888889,30.912280701754387,19.0,1.9,8.0,14.0,14.4225,17.660204081632653,49.0,3.5,19.61119691119692,40.0,89.0,84.655,259.0
202320,formato_antiguo,9d643dce801cf996a8ed0846e26b6ece9c89f90f5c9d2174ce60ef1213557798,APROBÓ,4.0,3.26,ind,3.65,ind,3.94,ind,4.9,grup,5.0,grup,5.0,grup,4.9,grup,4.8,grup,,,,,,,,,,,,,,,,,,,,,,,,,4.21,,0.0,0.0,0.0,0.0,8.316666666666666,12.080833333333333,20.136944444444445,7.0,10.0,8.316666666666666,11.604651162790695,43.0,4.3,10.0,11.0,3.764166666666666,10.754761904761905,21.0,1.9090909090909087,8.0,12.0,8.056111111111111,17.26309523809524,28.0,2.333333333333333,15.209308510638298,52.0,104.0,95.31166666666668,376.0
202320,formato_antiguo,9dcff29f9f5e4c30ea8076ec1beb323f0e996bf8a3a879262658ae5076db22ee,APROBÓ,3.63,4.34,ind,2.83,ind,2.8,ind,4.5,grup,4.4,grup,4.45,grup,4.8,grup,5.0,grup,,,,,,,,,,,,,,,,,,,,,,,,,4.51,,2.0,0.5956944444444444,1.1913888888888888,6.0,12.153888888888888,26.572222222222223,28.937222222222225,11.0,20.0,12.153888888888888,12.572988505747125,58.0,2.9,10.0,15.0,14.418333333333331,14.91551724137931,58.0,3.866666666666666,13.0,18.0,2.365,4.054285714285714,35.0,1.9444444444444444,11.094511378848727,51.0,102.0,46.04222222222222,249.0
202320,formato_antiguo,9dd6d66316d5aa6a134d2878044c51ab2397722e39468a8022202c191e6e9d6a,REPROBÓ,1.19,2.54,ind,0.0,ind,0.0,ind,3.45,grup,2.6,grup,4.8,grup,0.0,grup,0.0,grup,,,,,,,,,,,,,,,,,,,,,,,,,0.0,,1.0,0.0025,0.0025,1.0,0.5858333333333333,2.031111111111111,2.031111111111111,7.0,14.0,0.5858333333333333,0.9763888888888888,36.0,2.571428571428572,2.0,2.0,1.445277777777778,43.35833333333333,2.0,1.0,0.0,0.0,0.0,0.0,0.0,0.0,1.6356617647058822,25.0,53.0,3.7075,136.0
202320,formato_antiguo,9e10ea0eaaec3956a1d4b8f1b545ed6c53a5227eac8fc961bb34494cc4538c85,APROBÓ,4.77,5.69,ind,4.95,ind,4.18,ind,4.65,grup,5.0,grup,4.0,grup,4.35,grup,5.0,grup,,,,,,,,,,,,,,,,,,,,,,,,,3.23,,0.0,0.0,0.0,0.0,0.0,0.0,0.0,0.0,0.0,0.0,0.0,0.0,0.0,0.0,0.0,0.0,0.0,0.0,0.0,0.0,0.0,0.0,0.0,0.0,0.0,0.0,0.0,0.0,0.0,0.0
202320,formato_antiguo,9fb8fc3a8e5eae94c8bbff95eeee94719bf91974d71dae81e505cd9b6f2c8877,APROBÓ,3.68,3.16,ind,3.2,ind,4.08,ind,4.45,grup,4.6,grup,4.35,grup,5.0,grup,2.1,grup,,,,,,,,,,,,,,,,,,,,,,,,,2.57,,3.0,0.0017592592592592,0.0052777777777777,4.0,5.044444444444444,6.545277777777778,11.942777777777778,6.0,15.0,5.044444444444444,9.458333333333332,32.0,2.1333333333333333,8.0,13.0,1.5008333333333332,1.801,50.0,3.8461538461538463,10.0,20.0,5.3975,8.096250000000001,40.0,2.0,9.914583333333333,47.0,100.0,48.91194444444445,296.0
202320,formato_antiguo,a5bb7209a1ce322d029623439fdca86c2be19f7a289385a485ffcc32f29bbdbe,RETIRADO,0.29,0.91,ind,0.0,ind,0.0,ind,0.0,grup,0.0,grup,3.0,grup,0.0,grup,0.0,grup,,,,,,,,,,,,,,,,,,,,,,,,,1.1,,0.0,0.0,0.0,0.0,0.0,0.0,0.0,0.0,0.0,0.0,0.0,0.0,0.0,0.0,0.0,0.0,0.0,0.0,0.0,0.0,0.0,0.0,0.0,0.0,0.0,0.0,0.0,0.0,0.0,0.0
202320,formato_antiguo,a7e8a96a43c372a28f05b6489e7af5bb013012b3aaa2e23db58c78e6ce04d835,REPROBÓ,2.8429899999999995,2.79,ind,2.08,ind,3.13,ind,3.0,grup,4.73,grup,2.1,grup,2.6,grup,5.0,grup,,,,,,,,,,,,,,,,,,,,,,,,,0.95,,0.0,0.0,0.0,0.0,8.483611111111111,23.6125,25.79277777777778,10.0,18.0,8.483611111111111,9.788782051282052,52.0,2.888888888888889,12.0,17.0,15.12888888888889,21.11007751937985,43.0,2.5294117647058822,17.0,26.0,2.180277777777778,2.4225308641975314,54.0,2.076923076923077,12.96909282700422,56.0,122.0,68.30388888888889,316.0
202320,formato_antiguo,a941dba1e0f825f53d76271dec42e264f09d623a7ac7275e1c52a473343f812b,APROBÓ,4.02,4.21,ind,3.05,ind,4.13,ind,4.9,grup,5.0,grup,4.6,grup,4.5,grup,2.2,grup,,,,,,,,,,,,,,,,,,,,,,,,,4.08,,0.0,0.0,0.0,0.0,9.354166666666666,17.775277777777777,17.855,9.0,17.0,9.354166666666666,13.363095238095235,42.0,2.4705882352941178,5.0,7.0,8.421111111111111,36.09047619047619,14.0,2.0,2.0,3.0,0.0797222222222222,0.9566666666666668,5.0,1.6666666666666667,13.64440389294404,37.0,66.0,31.154722222222222,137.0
202320,formato_antiguo,a99ca0900102406d3a64f02b896d96031f244b1d9397470d124a32d9a556c535,APROBÓ,4.69,5.74,ind,4.33,ind,4.05,ind,5.0,grup,4.85,grup,4.3,grup,5.0,grup,4.05,grup,,,,,,,,,,,,,,,,,,,,,,,,,4.73,,1.0,3.761944444444445,3.761944444444445,4.0,5.269444444444445,26.26027777777778,33.90166666666667,10.0,18.0,5.269444444444445,5.965408805031447,53.0,2.9444444444444446,10.0,14.0,20.99083333333333,28.62386363636364,44.0,3.142857142857143,8.0,10.0,7.641388888888889,14.327604166666667,32.0,3.2,17.084982935153587,49.0,97.0,83.43166666666667,293.0
202320,formato_antiguo,aadc5318216ddfb2fee62752023d4c1db394312270e76d9e798c55c1cdc00be1,APROBÓ,3.2,2.64,ind,3.0,ind,1.83,ind,5.0,grup,4.85,grup,4.8,grup,5.0,grup,4.0,grup,,,,,,,,,,,,,,,,,,,,,,,,,5.04,,0.0,0.0,0.0,0.0,25.006666666666668,32.792500000000004,43.61611111111112,11.0,23.0,25.006666666666668,12.503333333333334,120.0,5.217391304347826,11.0,18.0,7.785833333333334,9.732291666666669,48.0,2.6666666666666665,12.0,22.0,10.823611111111113,9.019675925925926,72.0,3.272727272727273,18.04354330708661,54.0,140.0,190.9608333333333,635.0
202320,formato_antiguo,ac495b9fad05c5e5a4dff37fa5f205f9871a94ee3d413478d652be459dff65d5,APROBÓ,3.72,3.46,ind,2.85,ind,3.83,ind,4.5,grup,4.4,grup,4.8,grup,5.0,grup,4.75,grup,,,,,,,,,,,,,,,,,,,,,,,,,4.54,,2.0,0.633888888888889,1.2677777777777777,9.0,5.248333333333333,10.419722222222225,20.927777777777777,10.0,20.0,5.248333333333333,4.844615384615384,65.0,3.25,13.0,19.0,5.171388888888889,5.854402515723271,53.0,2.789473684210526,14.0,21.0,10.508055555555556,14.329166666666667,44.0,2.095238095238096,10.324504504504503,62.0,131.0,63.66777777777778,370.0
202320,formato_antiguo,acf4ec296b20240333d1b8522ce571cf88c182cf0e9bed7af86657d990e4c8bb,RETIRADO,0.17,0.36,ind,0.0,ind,0.0,ind,0.0,grup,0.0,grup,0.7,grup,0.0,grup,0.0,grup,,,,,,,,,,,,,,,,,,,,,,,,,1.67,,0.0,0.0,0.0,0.0,0.0,0.0,0.0,0.0,0.0,0.0,0.0,0.0,0.0,0.0,0.0,0.0,0.0,0.0,0.0,0.0,0.0,0.0,0.0,0.0,0.0,0.0,0.0,0.0,0.0,0.0
202320,formato_antiguo,aeace15609015915e9537001a081d0e26dc664a82acc3557f8923e3f1534859b,APROBÓ,3.2,2.11,ind,3.53,ind,2.45,ind,3.45,grup,4.8,grup,3.2,grup,4.25,grup,5.0,grup,,,,,,,,,,,,,,,,,,,,,,,,,5.0,,0.0,0.0,0.0,0.0,0.0,0.0,0.0,0.0,0.0,0.0,0.0,0.0,0.0,0.0,0.0,0.0,0.0,0.0,0.0,0.0,0.0,0.0,0.0,0.0,0.0,0.0,0.0,0.0,0.0,0.0
202320,formato_antiguo,afd3cfaf4169a7e9c5915c738a9e7d85f2023a10ddd70d546f650d9268d5ae40,REPROBÓ,2.94,2.66,ind,2.0,ind,2.4,ind,5.0,grup,4.9,grup,4.5,grup,4.3,grup,5.0,grup,,,,,,,,,,,,,,,,,,,,,,,,,1.75,,0.0,0.0,0.0,0.0,12.613055555555556,19.52888888888889,20.73916666666667,11.0,23.0,12.613055555555556,9.117871485943777,83.0,3.608695652173913,10.0,15.0,6.9158333333333335,9.879761904761905,42.0,2.8,13.0,17.0,1.2102777777777778,2.5040229885057474,29.0,1.7058823529411764,10.677726574500769,55.0,129.0,77.23555555555555,434.0
202320,formato_antiguo,b49c3da6b6fb4abfc376417befd1b8a922fe3620e11101d61ee671546ed57520,RETIRADO,0.91,1.59,ind,0.0,ind,0.0,ind,4.55,grup,0.0,grup,3.4,grup,0.0,grup,0.0,grup,,,,,,,,,,,,,,,,,,,,,,,,,1.67,,0.0,0.0,0.0,0.0,0.0,0.0,0.0,0.0,0.0,0.0,0.0,0.0,0.0,0.0,0.0,0.0,0.0,0.0,0.0,0.0,0.0,0.0,0.0,0.0,0.0,0.0,0.0,0.0,0.0,0.0
202320,formato_antiguo,b8e50571b167007e04a171469f433fe9641e91bca77e75ee28b22a7b12de8ff4,APROBÓ,3.91,4.69,ind,2.58,ind,3.7,ind,4.5,grup,4.8,grup,4.5,grup,4.9,grup,5.0,grup,,,,,,,,,,,,,,,,,,,,,,,,,4.63,,1.0,0.7944444444444444,0.7944444444444444,2.0,4.130555555555556,8.408888888888889,10.023055555555556,7.0,11.0,4.130555555555556,10.77536231884058,23.0,2.090909090909091,5.0,8.0,4.278333333333333,25.67,10.0,1.25,3.0,4.0,1.6141666666666667,19.37,5.0,1.25,25.25021645021645,22.0,39.0,32.404444444444444,77.0
202320,formato_antiguo,b97635c11818b9b303bdd02a8f18a215215af9be24387de12185e47df5c79397,RETIRADO,1.16,2.29,ind,0.0,ind,0.0,ind,4.55,grup,0.0,grup,5.0,grup,4.5,grup,0.0,grup,,,,,,,,,,,,,,,,,,,,,,,,,1.67,,0.0,0.0,0.0,0.0,0.0,0.0,0.0,0.0,0.0,0.0,0.0,0.0,0.0,0.0,0.0,0.0,0.0,0.0,0.0,0.0,0.0,0.0,0.0,0.0,0.0,0.0,0.0,0.0,0.0,0.0
202320,formato_antiguo,b9f7e62f4399fc4daef87092a4f07cf34cda1051aa81a204f082b999b4ca8ac1,APROBÓ,3.25,3.28,ind,2.85,ind,2.75,ind,4.1,grup,4.8,grup,3.95,grup,4.75,grup,2.75,grup,,,,,,,,,,,,,,,,,,,,,,,,,2.21,,0.0,0.0,0.0,0.0,0.0,0.0,0.0,0.0,0.0,0.0,0.0,0.0,0.0,0.0,0.0,0.0,0.0,0.0,0.0,0.0,0.0,0.0,0.0,0.0,0.0,0.0,0.0,0.0,0.0,0.0
202320,formato_antiguo,ba1a0a9f24ceb6569cbda5cf9131b4d46d1343a478b0da8b5907074a33c98545,APROBÓ,3.13,3.11,ind,2.13,ind,2.63,ind,5.0,grup,5.0,grup,2.88,grup,3.9,grup,2.75,grup,,,,,,,,,,,,,,,,,,,,,,,,,3.12,,0.0,0.0,0.0,0.0,0.0,0.0,0.0,0.0,0.0,0.0,0.0,0.0,0.0,0.0,0.0,0.0,0.0,0.0,0.0,0.0,0.0,0.0,0.0,0.0,0.0,0.0,0.0,0.0,0.0,0.0
202320,formato_antiguo,bd2e7861c8696b654d5306a80966e7ccaa189a15b8bf96ec6c65a674c33713e7,APROBÓ,3.63,4.94,ind,3.2,ind,3.69,ind,3.25,grup,5.0,grup,3.4,grup,1.0,grup,0.0,grup,,,,,,,,,,,,,,,,,,,,,,,,,0.47,,0.0,0.0,0.0,0.0,1.5655555555555556,2.8419444444444446,11.511944444444444,6.0,7.0,1.5655555555555556,5.525490196078431,17.0,2.4285714285714284,5.0,5.0,1.2763888888888888,6.962121212121212,11.0,2.2,9.0,13.0,8.67,20.00769230769231,26.0,2.0,17.618766404199473,42.0,74.0,74.58611111111111,254.0
202320,formato_antiguo,be77e7892ca5d638aff5d6bac7e528aad048eb73acae584a123a9fe62138785a,APROBÓ,3.65,3.86,ind,3.58,ind,2.8,ind,4.1,grup,4.8,grup,4.5,grup,3.95,grup,2.95,grup,,,,,,,,,,,,,,,,,,,,,,,,,4.02,,0.0,0.0,0.0,0.0,0.0,0.0,0.0,0.0,0.0,0.0,0.0,0.0,0.0,0.0,0.0,0.0,0.0,0.0,0.0,0.0,0.0,0.0,0.0,0.0,0.0,0.0,0.0,0.0,0.0,0.0
202320,formato_antiguo,bf755909e667938d3dea67a800b195e351a4c8e2bbd04165629f34bef500e24a,APROBÓ,4.46,4.56,ind,4.65,ind,3.73,ind,4.9,grup,5.0,grup,4.45,grup,4.85,grup,5.0,grup,,,,,,,,,,,,,,,,,,,,,,,,,4.54,,0.0,0.0,0.0,0.0,5.361666666666666,15.693888888888887,36.23305555555555,9.0,17.0,5.361666666666666,4.874242424242424,66.0,3.882352941176471,10.0,13.0,10.332222222222224,16.754954954954957,37.0,2.8461538461538463,9.0,13.0,20.539166666666667,22.00625,56.0,4.307692307692308,10.593919413919414,55.0,122.0,80.33722222222222,455.0
202320,formato_antiguo,bfb8f01330da7ff785c72e8ee2e01b862a5a2b477b8039e505767b6acddffa09,REPROBÓ,2.76,1.84,ind,1.98,ind,2.6,ind,3.9,grup,4.35,grup,2.4,grup,4.7,grup,5.0,grup,,,,,,,,,,,,,,,,,,,,,,,,,4.49,,3.0,0.4251851851851851,1.2755555555555556,10.0,7.726111111111111,21.701944444444443,27.96444444444444,8.0,13.0,7.726111111111111,15.452222222222222,30.0,2.3076923076923075,9.0,13.0,13.975833333333334,20.452439024390245,41.0,3.1538461538461537,9.0,15.0,6.2625,11.7421875,32.0,2.1333333333333333,11.51320987654321,58.0,116.0,51.809444444444445,270.0
202320,formato_antiguo,c2700e704758db707cc117a20552b8e4704391a85f41319ec377bbcdb204a371,APROBÓ,3.62,1.69,ind,3.3,ind,4.26,ind,4.7,grup,5.0,grup,3.75,grup,3.75,grup,3.7,grup,,,,,,,,,,,,,,,,,,,,,,,,,4.62,,0.0,0.0,0.0,0.0,4.122777777777777,10.364166666666666,17.2175,7.0,10.0,4.122777777777777,9.161728395061727,27.0,2.7,10.0,14.0,6.241388888888889,11.014215686274513,34.0,2.4285714285714284,9.0,14.0,6.8533333333333335,9.562790697674416,43.0,3.071428571428572,15.594269005847954,46.0,88.0,74.07277777777777,285.0
202320,formato_antiguo,c29f0a96fc203181fe4251f9928d86b6c810ef38a5308753f66907689a65e228,REPROBÓ,2.46,1.76,ind,2.13,ind,1.31,ind,4.35,grup,4.4,grup,4.65,grup,3.0,grup,3.38,grup,,,,,,,,,,,,,,,,,,,,,,,,,3.81,,2.0,0.0145833333333333,0.0291666666666666,6.0,3.7463888888888888,17.56388888888889,21.13388888888889,10.0,18.0,3.7463888888888888,4.995185185185185,45.0,2.5,6.0,8.0,13.8175,19.73928571428572,42.0,5.25,7.0,9.0,3.57,10.71,20.0,2.2222222222222223,9.900865800865802,32.0,64.0,25.412222222222223,154.0
202320,formato_antiguo,c3606202af491015cbff424d62f86e23de9b485b9aa646a51ff91b8a0fb02756,APROBÓ,3.78,4.14,ind,2.35,ind,4.36,ind,3.7,grup,4.5,grup,5.0,grup,4.5,grup,5.0,grup,,,,,,,,,,,,,,,,,,,,,,,,,4.19,,2.0,3.5129166666666665,7.025833333333333,19.0,20.308888888888887,31.00611111111111,35.42944444444444,7.0,15.0,20.308888888888887,17.407619047619047,70.0,4.666666666666667,8.0,12.0,10.697222222222225,18.33809523809524,35.0,2.9166666666666665,8.0,10.0,4.423333333333333,13.27,20.0,2.0,21.2769578313253,44.0,102.0,117.7325,332.0
202320,formato_antiguo,c39a440c1b9bb9454470f00b20f957438f22f102eb205f94f4b61ba35ea9aa1a,APROBÓ,3.41,2.91,ind,3.65,ind,2.43,ind,4.47,grup,4.7,grup,5.0,grup,5.0,grup,2.85,grup,,,,,,,,,,,,,,,,,,,,,,,,,3.46,,0.0,0.0,0.0,0.0,6.655833333333334,9.92027777777778,23.6025,6.0,9.0,6.655833333333334,19.01666666666667,21.0,2.333333333333333,7.0,10.0,3.2644444444444445,7.533333333333333,26.0,2.6,8.0,10.0,13.682222222222222,51.30833333333334,16.0,1.6,19.484940778341794,40.0,72.0,63.97555555555556,197.0
202320,formato_antiguo,c8f482fdd10f4c215fa72588e4a09eb47f8f444686147a7d31aca78a0e1ccc59,APROBÓ,3.54,3.66,ind,3.83,ind,1.98,ind,4.78,grup,5.0,grup,1.25,grup,5.0,grup,4.75,grup,,,,,,,,,,,,,,,,,,,,,,,,,3.8,,0.0,0.0,0.0,0.0,0.0,0.0,0.0,0.0,0.0,0.0,0.0,0.0,0.0,0.0,0.0,0.0,0.0,0.0,0.0,0.0,0.0,0.0,0.0,0.0,0.0,0.0,0.0,0.0,0.0,0.0
202320,formato_antiguo,ca441a27b3f97d69b29fedf2997a85a967640e6cb81049e42757f3d12b8f871b,APROBÓ,4.15,4.36,ind,4.35,ind,3.08,ind,5.0,grup,4.95,grup,5.0,grup,5.0,grup,2.85,grup,,,,,,,,,,,,,,,,,,,,,,,,,4.26,,0.0,0.0,0.0,0.0,0.0,0.0,0.0,0.0,0.0,0.0,0.0,0.0,0.0,0.0,0.0,0.0,0.0,0.0,0.0,0.0,0.0,0.0,0.0,0.0,0.0,0.0,0.0,0.0,0.0,0.0
202320,formato_antiguo,cc449ef59b62a939b73128e7c2ce9db59457610b84527b21e9d336867fc0fd67,APROBÓ,3.92,4.09,ind,3.25,ind,3.65,ind,4.7,grup,4.7,grup,4.05,grup,5.0,grup,3.75,grup,,,,,,,,,,,,,,,,,,,,,,,,,4.45,,0.0,0.0,0.0,0.0,20.15861111111111,27.97694444444444,33.97555555555555,7.0,10.0,20.15861111111111,39.016666666666666,31.0,3.1,7.0,10.0,7.818333333333333,26.06111111111112,18.0,1.8,7.0,9.0,5.998611111111111,16.359848484848484,22.0,2.4444444444444446,24.64958333333333,30.0,65.0,65.73222222222222,160.0
202320,formato_antiguo,cdf420226e4a449bc700683393ca35cb022661a1588dc1aae57feb3e3455be65,RETIRADO,0.73,1.11,ind,0.0,ind,0.0,ind,3.45,grup,0.0,grup,4.85,grup,4.95,grup,0.0,grup,,,,,,,,,,,,,,,,,,,,,,,,,0.0,,0.0,0.0,0.0,0.0,0.0,0.0,0.0,0.0,0.0,0.0,0.0,0.0,0.0,0.0,0.0,0.0,0.0,0.0,0.0,0.0,0.0,0.0,0.0,0.0,0.0,0.0,0.0,0.0,0.0,0.0
202320,formato_antiguo,cf5d0709f5b42513515b10e56d80cc37dd01e6cc85a495881a934f436f66ebc8,APROBÓ,3.39,2.29,ind,2.0,ind,4.0,ind,5.0,grup,5.0,grup,5.0,grup,4.85,grup,4.8,grup,,,,,,,,,,,,,,,,,,,,,,,,,3.72,,0.0,0.0,0.0,0.0,2.8875,8.175833333333333,13.457777777777778,5.0,9.0,2.8875,8.6625,20.0,2.2222222222222223,5.0,8.0,5.288333333333333,14.422727272727274,22.0,2.75,12.0,22.0,5.281944444444444,5.19535519125683,61.0,2.772727272727273,10.056589147286822,48.0,106.0,50.45055555555555,301.0
202320,formato_antiguo,cf6a2e343ff4f49f779f345322b19822ac2bf115a8d8f1449438e5da9b9fd27b,REPROBÓ,2.73,1.81,ind,2.33,ind,2.14,ind,4.35,grup,4.4,grup,4.65,grup,3.0,grup,3.38,grup,,,,,,,,,,,,,,,,,,,,,,,,,3.74,,3.0,1.9657407407407403,5.897222222222222,16.0,8.928888888888888,19.876666666666665,30.465,7.0,15.0,8.928888888888888,14.098245614035088,38.0,2.533333333333333,7.0,12.0,10.947777777777778,16.842735042735043,39.0,3.25,8.0,13.0,10.588333333333331,19.25151515151515,33.0,2.5384615384615383,18.57842323651452,40.0,83.0,74.62333333333333,241.0
202320,formato_antiguo,d002e64ecc94c21f76053858f49aeadb3e6e832d004f44189c506eedef34addd,REPROBÓ,0.05,0.0,ind,0.0,ind,0.0,ind,0.0,grup,0.0,grup,0.0,grup,0.0,grup,0.0,grup,,,,,,,,,,,,,,,,,,,,,,,,,1.0,,0.0,0.0,0.0,0.0,6.0152777777777775,6.016388888888889,9.2575,4.0,8.0,6.0152777777777775,21.23039215686274,17.0,2.125,1.0,1.0,0.0011111111111111,0.0666666666666666,1.0,1.0,2.0,2.0,3.241111111111111,32.41111111111111,6.0,3.0,14.726666666666665,9.0,19.0,9.817777777777778,40.0
202320,formato_antiguo,d24009d5d3342e6e3a8ca2645dc2adef0660e6db198913301dad8d174d026b03,APROBÓ,4.48,4.16,ind,4.83,ind,3.95,ind,5.0,grup,4.85,grup,4.8,grup,4.75,grup,4.15,grup,,,,,,,,,,,,,,,,,,,,,,,,,4.87,,0.0,0.0,0.0,0.0,31.68722222222222,55.123888888888885,85.11888888888889,11.0,21.0,31.68722222222222,13.295337995337997,143.0,6.809523809523809,12.0,19.0,23.436666666666667,14.348979591836736,98.0,5.157894736842105,16.0,28.0,29.995,10.84156626506024,166.0,5.928571428571429,11.12965072133637,66.0,156.0,162.86388888888888,878.0
202320,formato_antiguo,d261a6dc444878b4f2fa141cd83918a1a44c1d8915e594f7405694b9e447d8dc,APROBÓ,3.2,2.39,ind,2.38,ind,2.75,ind,5.0,grup,4.85,grup,3.8,grup,5.0,grup,4.05,grup,,,,,,,,,,,,,,,,,,,,,,,,,4.73,,2.0,0.6104166666666666,1.2208333333333334,6.0,10.186388888888889,19.688333333333333,22.60833333333333,8.0,17.0,10.186388888888889,10.359039548022595,59.0,3.4705882352941178,11.0,18.0,9.501944444444444,8.509203980099503,67.0,3.7222222222222223,4.0,6.0,2.92,7.617391304347826,23.0,3.8333333333333335,8.97967967967968,52.0,104.0,49.83722222222222,333.0
202320,formato_antiguo,d3022be363c6dd830071d41db965a5c9f14273bfa1d5699ebd370efca088f08f,RETIRADO,0.25,1.01,ind,0.0,ind,0.0,ind,0.0,grup,0.0,grup,0.0,grup,0.0,grup,0.0,grup,,,,,,,,,,,,,,,,,,,,,,,,,1.0,,0.0,0.0,0.0,0.0,0.0,0.0,0.0,0.0,0.0,0.0,0.0,0.0,0.0,0.0,0.0,0.0,0.0,0.0,0.0,0.0,0.0,0.0,0.0,0.0,0.0,0.0,0.0,0.0,0.0,0.0
202320,formato_antiguo,d59548ea6d95390f4afb6b214e2ee6892056089d9b1ccb5141825cb4d8d268fc,APROBÓ,3.45,3.91,ind,3.28,ind,3.2,ind,4.25,grup,2.6,grup,4.0,grup,3.85,grup,1.8,grup,,,,,,,,,,,,,,,,,,,,,,,,,3.96,,2.0,0.0104166666666666,0.0208333333333333,4.0,12.770277777777778,16.23,16.24277777777778,8.0,14.0,12.770277777777778,23.21868686868687,33.0,2.357142857142857,4.0,5.0,3.459722222222222,23.064814814814813,9.0,1.8,2.0,2.0,0.0127777777777777,0.3833333333333333,2.0,1.0,15.719666666666669,28.0,53.0,26.199444444444445,100.0
202320,formato_antiguo,d5a12d1932fc10a08921fe7b2e7ec510159fbf12d305bdc504c2d56b814e7c7b,RETIRADO,0.81,1.61,ind,0.0,ind,0.0,ind,4.74,grup,0.0,grup,0.85,grup,0.0,grup,0.0,grup,,,,,,,,,,,,,,,,,,,,,,,,,0.0,,0.0,0.0,0.0,0.0,0.0,0.0,0.0,0.0,0.0,0.0,0.0,0.0,0.0,0.0,0.0,0.0,0.0,0.0,0.0,0.0,0.0,0.0,0.0,0.0,0.0,0.0,0.0,0.0,0.0,0.0
202320,formato_antiguo,d60742d15b702ec03792e10df6d3c1f55d3b1984ed321e1193d8cde3fa50ea7e,REPROBÓ,2.89,2.74,ind,0.68,ind,4.05,ind,4.7,grup,4.8,grup,0.0,grup,4.65,grup,5.0,grup,,,,,,,,,,,,,,,,,,,,,,,,,1.0,,0.0,0.0,0.0,0.0,0.0,0.0,0.0,0.0,0.0,0.0,0.0,0.0,0.0,0.0,0.0,0.0,0.0,0.0,0.0,0.0,0.0,0.0,0.0,0.0,0.0,0.0,0.0,0.0,0.0,0.0
202320,formato_antiguo,dbeef42adc1b592f60aabee3bd493ba09a527231425456e8aa875bf76235427f,APROBÓ,3.31,2.29,ind,2.13,ind,4.14,ind,4.65,grup,5.0,grup,2.85,grup,4.75,grup,3.75,grup,,,,,,,,,,,,,,,,,,,,,,,,,2.65,,0.0,0.0,0.0,0.0,7.307777777777778,15.161944444444444,28.51638888888889,7.0,9.0,7.307777777777778,16.23950617283951,27.0,3.0,9.0,14.0,7.854166666666667,11.78125,40.0,2.857142857142857,11.0,22.0,13.354444444444445,13.13551912568306,61.0,2.772727272727273,19.866164154103853,56.0,128.0,131.7788888888889,398.0
202320,formato_antiguo,e13f2996a1ef4fc90ad1c9717ae18ca24c734430861028212c1e90397bc4b3ff,APROBÓ,3.74,3.31,ind,3.18,ind,3.98,ind,3.9,grup,4.35,grup,3.65,grup,4.75,grup,5.0,grup,,,,,,,,,,,,,,,,,,,,,,,,,4.74,,3.0,2.103981481481481,6.311944444444444,15.0,11.930833333333334,42.147777777777776,51.84194444444445,8.0,16.0,11.930833333333334,10.52720588235294,68.0,4.25,9.0,13.0,30.216944444444444,30.216944444444444,60.0,4.615384615384615,8.0,10.0,9.694166666666666,13.21931818181818,44.0,4.4,16.110164835164838,44.0,92.0,97.735,364.0
202320,formato_antiguo,e372f378e29f812c84b8a4a2b8e9554793d91a878357982cedfa2b40af4c6257,APROBÓ,3.61,3.04,ind,3.13,ind,3.78,ind,4.7,grup,4.7,grup,2.15,grup,4.5,grup,4.15,grup,,,,,,,,,,,,,,,,,,,,,,,,,3.01,,0.0,0.0,0.0,0.0,3.1775,6.923888888888889,7.895277777777778,6.0,7.0,3.1775,9.07857142857143,21.0,3.0,10.0,13.0,3.7463888888888888,8.991333333333333,25.0,1.9230769230769231,10.0,17.0,0.9713888888888887,1.7142156862745097,34.0,2.0,6.293262411347518,41.0,90.0,24.648611111111112,235.0
202320,formato_antiguo,e3bd048374940aeda190a6a554c3e07da295e6c1f71980a4ba192c21869a3c50,RETIRADO,0.69,1.16,ind,0.0,ind,0.0,ind,4.35,grup,0.0,grup,0.0,grup,0.0,grup,0.0,grup,,,,,,,,,,,,,,,,,,,,,,,,,0.36,,0.0,0.0,0.0,0.0,0.0,0.0,0.0,0.0,0.0,0.0,0.0,0.0,0.0,0.0,0.0,0.0,0.0,0.0,0.0,0.0,0.0,0.0,0.0,0.0,0.0,0.0,0.0,0.0,0.0,0.0
202320,formato_antiguo,e4a2d92c50d26b58ded458bd331a496371a60f5a229ecd8b479d8abfe54de056,APROBÓ,4.04,3.01,ind,3.79,ind,4.05,ind,5.0,grup,5.0,grup,4.3,grup,4.75,grup,4.75,grup,,,,,,,,,,,,,,,,,,,,,,,,,4.9,,0.0,0.0,0.0,0.0,0.0,0.0,0.0,0.0,0.0,0.0,0.0,0.0,0.0,0.0,0.0,0.0,0.0,0.0,0.0,0.0,0.0,0.0,0.0,0.0,0.0,0.0,0.0,0.0,0.0,0.0
202320,formato_antiguo,e6334a54e84144d30a37bd1d582e613037d081675de5e479d082989fc0bc3119,APROBÓ,3.05,2.41,ind,2.08,ind,2.98,ind,4.45,grup,4.6,grup,2.6,grup,4.25,grup,5.0,grup,,,,,,,,,,,,,,,,,,,,,,,,,3.96,,0.0,0.0,0.0,0.0,0.0,0.0,0.0,0.0,0.0,0.0,0.0,0.0,0.0,0.0,0.0,0.0,0.0,0.0,0.0,0.0,0.0,0.0,0.0,0.0,0.0,0.0,0.0,0.0,0.0,0.0
202320,formato_antiguo,e6409cd8596f67b153865e1956d83f2c67572326ef934fb4b5caecc76f3749df,APROBÓ,3.35,3.14,ind,2.08,ind,3.44,ind,4.55,grup,4.75,grup,4.3,grup,2.45,grup,4.85,grup,,,,,,,,,,,,,,,,,,,,,,,,,4.37,,0.0,0.0,0.0,0.0,16.330277777777777,28.35611111111111,39.43666666666667,8.0,13.0,16.330277777777777,12.096502057613169,81.0,6.230769230769231,8.0,11.0,12.025833333333331,18.98815789473684,38.0,3.4545454545454546,10.0,17.0,11.080555555555556,13.0359477124183,51.0,3.0,14.018777056277058,37.0,90.0,71.96305555555556,308.0
202320,formato_antiguo,e746d219302efd0e394742059ed8ca7fde8d103a0aff85fc89b05cc96b743a6a,APROBÓ,3.88,3.89,ind,2.65,ind,4.1,ind,4.5,grup,4.8,grup,4.55,grup,4.85,grup,5.0,grup,,,,,,,,,,,,,,,,,,,,,,,,,4.8,,1.0,1.3422222222222222,1.3422222222222222,2.0,18.61611111111111,37.86138888888888,58.26138888888888,8.0,16.0,18.61611111111111,12.987984496124032,86.0,5.375,7.0,11.0,19.245277777777776,15.818036529680365,73.0,6.636363636363637,9.0,14.0,20.4,23.53846153846154,52.0,3.7142857142857135,12.161842105263158,50.0,111.0,92.43,456.0
202320,formato_antiguo,e77e9d872c6b1092c93e18ab24908a38a17215a70fa994edd732268e7b38e68a,APROBÓ,4.6,5.34,ind,4.2,ind,4.03,ind,4.9,grup,5.0,grup,4.7,grup,4.6,grup,5.0,grup,,,,,,,,,,,,,,,,,,,,,,,,,4.9,,0.0,0.0,0.0,0.0,5.969722222222222,9.3225,11.830833333333333,8.0,12.0,5.969722222222222,9.425877192982457,38.0,3.1666666666666665,9.0,11.0,3.352777777777778,7.737179487179488,26.0,2.363636363636364,11.0,13.0,2.5083333333333333,4.854838709677419,31.0,2.3846153846153846,6.538483146067416,50.0,101.0,38.795,356.0
202320,formato_antiguo,e8ddb40ab948951240ce1e4ea4555d25204a9b94939daf59eefb0fd71659b771,APROBÓ,3.68,3.81,ind,3.23,ind,3.38,ind,5.0,grup,5.0,grup,1.8,grup,3.75,grup,3.25,grup,,,,,,,,,,,,,,,,,,,,,,,,,2.28,,0.0,0.0,0.0,0.0,0.0,0.0,0.0,0.0,0.0,0.0,0.0,0.0,0.0,0.0,0.0,0.0,0.0,0.0,0.0,0.0,0.0,0.0,0.0,0.0,0.0,0.0,0.0,0.0,0.0,0.0
202320,formato_antiguo,e8f9bc0020764f06c4157fbb6ba83a18b17a23ef509a3477f3858dec64442238,APROBÓ,3.35,2.41,ind,2.83,ind,3.58,ind,3.9,grup,4.35,grup,2.4,grup,4.7,grup,5.0,grup,,,,,,,,,,,,,,,,,,,,,,,,,4.74,,2.0,1.0126388888888889,2.0252777777777777,6.0,10.009166666666667,25.198888888888888,41.37111111111111,8.0,17.0,10.009166666666667,10.91909090909091,55.0,3.235294117647059,8.0,12.0,15.189722222222224,21.19496124031008,43.0,3.583333333333333,6.0,8.0,16.17222222222222,37.32051282051282,26.0,3.25,16.978168044077133,39.0,80.0,68.4786111111111,242.0
202320,formato_antiguo,e9e426ab8d6a6f04511ad98d949495fcc762ed3d556678d54c0d2e2c6ec1f0a0,APROBÓ,4.99,5.74,ind,5.1,ind,4.38,ind,4.9,grup,5.0,grup,4.5,grup,4.9,grup,5.0,grup,,,,,,,,,,,,,,,,,,,,,,,,,4.92,,2.0,3.176527777777778,6.353055555555556,12.0,15.429166666666667,27.48361111111111,36.930277777777775,8.0,18.0,15.429166666666667,11.718354430379748,79.0,4.388888888888889,11.0,16.0,12.054444444444444,10.636274509803922,68.0,4.25,8.0,10.0,9.446666666666667,12.881818181818184,44.0,4.4,12.408223972003498,50.0,102.0,78.79222222222222,381.0
202320,formato_antiguo,edfb5dd43eb9f8d367032f7ba963014c59ba9a01c68ea7974bbd4c8309a3672a,RETIRADO,0.64,0.96,ind,0.0,ind,0.0,ind,3.0,grup,0.0,grup,4.1,grup,4.5,grup,0.0,grup,,,,,,,,,,,,,,,,,,,,,,,,,0.0,,0.0,0.0,0.0,0.0,0.0,0.0,0.0,0.0,0.0,0.0,0.0,0.0,0.0,0.0,0.0,0.0,0.0,0.0,0.0,0.0,0.0,0.0,0.0,0.0,0.0,0.0,0.0,0.0,0.0,0.0
202320,formato_antiguo,f08bf12d159500f406d6e01339cce8df995031340200bd5ad5d7efe0ba90e1e0,APROBÓ,3.22,3.74,ind,2.28,ind,2.53,ind,5.0,grup,4.8,grup,4.0,grup,4.65,grup,4.0,grup,,,,,,,,,,,,,,,,,,,,,,,,,1.56,,0.0,0.0,0.0,0.0,0.0,0.0,0.0,0.0,0.0,0.0,0.0,0.0,0.0,0.0,0.0,0.0,0.0,0.0,0.0,0.0,0.0,0.0,0.0,0.0,0.0,0.0,0.0,0.0,0.0,0.0
202320,formato_antiguo,f3655ede11883377db75f4a00c91409c784df3f11ce83b669c8fe59cf59660e9,APROBÓ,3.67,3.21,ind,2.85,ind,3.78,ind,4.5,grup,4.8,grup,3.8,grup,4.85,grup,5.0,grup,,,,,,,,,,,,,,,,,,,,,,,,,4.21,,2.0,0.0001388888888888,0.0002777777777777,2.0,8.180555555555555,14.660555555555556,21.764444444444443,9.0,15.0,8.180555555555555,9.624183006535947,51.0,3.4,7.0,11.0,6.48,10.50810810810811,37.0,3.363636363636364,6.0,11.0,7.103888888888889,18.531884057971016,23.0,2.090909090909091,12.609984639016895,45.0,78.0,45.60611111111111,217.0
202320,formato_antiguo,f36bb8c1586d6c51e79bb698433062b9ca0888e701da33d8138a2fc1e34192d1,REPROBÓ,2.59,2.19,ind,1.68,ind,1.78,ind,4.55,grup,4.75,grup,4.4,grup,4.75,grup,3.9,grup,,,,,,,,,,,,,,,,,,,,,,,,,2.7,,0.0,0.0,0.0,0.0,0.0,0.0,0.0,0.0,0.0,0.0,0.0,0.0,0.0,0.0,0.0,0.0,0.0,0.0,0.0,0.0,0.0,0.0,0.0,0.0,0.0,0.0,0.0,0.0,0.0,0.0
202320,formato_antiguo,f37027a97baccf6e3653ca9e6e9d501744c7fb116af9e50e37c6ca4913c4bd64,RETIRADO,0.36,0.0,ind,0.0,ind,0.0,ind,3.58,grup,0.0,grup,0.1,grup,0.0,grup,0.0,grup,,,,,,,,,,,,,,,,,,,,,,,,,0.0,,0.0,0.0,0.0,0.0,0.0,0.0,0.0,0.0,0.0,0.0,0.0,0.0,0.0,0.0,0.0,0.0,0.0,0.0,0.0,0.0,0.0,0.0,0.0,0.0,0.0,0.0,0.0,0.0,0.0,0.0
202320,formato_antiguo,f495db48ae3461f1ee78ece3d356bad3b24ed4f98b6ad58ed3d8b4e7ebe0ead1,APROBÓ,3.37,3.81,ind,3.8,ind,2.58,ind,4.33,grup,4.35,grup,4.1,grup,4.75,grup,0.0,grup,,,,,,,,,,,,,,,,,,,,,,,,,0.0,,0.0,0.0,0.0,0.0,2.219444444444445,3.3772222222222226,5.26138888888889,4.0,7.0,2.219444444444445,9.511904761904765,14.0,2.0,3.0,4.0,1.1577777777777778,7.718518518518518,9.0,2.25,6.0,11.0,1.8841666666666668,8.696153846153846,13.0,1.181818181818182,13.087689393939394,26.0,50.0,19.19527777777778,88.0
202320,formato_antiguo,f4e248a02eec2a696d87af88b93809c5119dd7d7927d24351a4b0a070a8910ef,APROBÓ,4.26,3.51,ind,4.53,ind,3.88,ind,5.0,grup,4.85,grup,4.1,grup,4.75,grup,5.0,grup,,,,,,,,,,,,,,,,,,,,,,,,,4.72,,2.0,3.2366666666666664,6.473333333333334,13.0,11.72638888888889,35.02055555555555,55.2525,9.0,19.0,11.72638888888889,11.534153005464482,61.0,3.210526315789474,12.0,18.0,23.294166666666666,26.87788461538461,52.0,2.888888888888889,8.0,13.0,20.231944444444444,37.934895833333336,32.0,2.4615384615384617,23.81088342440802,64.0,132.0,145.2463888888889,366.0
202320,formato_antiguo,f586874b81ba02c92625790d3a8c0ebd53ba58ab828b4248d3f4eb968c444ae8,APROBÓ,3.44,2.16,ind,2.7,ind,3.7,ind,4.47,grup,5.0,grup,5.0,grup,4.85,grup,4.8,grup,,,,,,,,,,,,,,,,,,,,,,,,,4.38,,0.0,0.0,0.0,0.0,5.022222222222222,6.038888888888889,8.90611111111111,9.0,15.0,5.022222222222222,8.144144144144144,37.0,2.466666666666667,9.0,11.0,1.0166666666666666,3.8125,16.0,1.4545454545454546,10.0,12.0,2.8672222222222223,13.233333333333333,13.0,1.0833333333333333,8.702267573696146,38.0,76.0,21.32055555555556,147.0
202320,formato_antiguo,f6752d9ff08439b9197a38a544bae29d56be7c7bebc3d3319fa779037a91b71e,APROBÓ,3.2,2.66,ind,2.45,ind,2.8,ind,4.7,grup,5.0,grup,4.0,grup,4.65,grup,4.0,grup,,,,,,,,,,,,,,,,,,,,,,,,,3.52,,0.0,0.0,0.0,0.0,0.0,0.0,0.0,0.0,0.0,0.0,0.0,0.0,0.0,0.0,0.0,0.0,0.0,0.0,0.0,0.0,0.0,0.0,0.0,0.0,0.0,0.0,0.0,0.0,0.0,0.0
202320,formato_antiguo,f81f55b6f85c0be7012f490097b1036d2e23e5b4c53aa5da074fa994ae878b65,APROBÓ,3.58,4.64,ind,2.0,ind,3.46,ind,4.55,grup,4.75,grup,4.3,grup,2.45,grup,4.85,grup,,,,,,,,,,,,,,,,,,,,,,,,,3.33,,0.0,0.0,0.0,0.0,3.8219444444444446,9.156666666666666,12.822222222222225,6.0,10.0,3.8219444444444446,9.55486111111111,24.0,2.4,3.0,4.0,5.334722222222222,35.56481481481481,9.0,2.25,3.0,6.0,3.665555555555556,18.32777777777778,12.0,2.0,17.110919540229887,24.0,43.0,24.81083333333333,87.0
202320,formato_antiguo,f885efbf201c3204556023f569ab1c24cba558a2ddd47aa33f5351e8fc79d37f,REPROBÓ,2.2,1.59,ind,1.03,ind,0.88,ind,4.8,grup,4.5,grup,4.85,grup,5.0,grup,4.75,grup,,,,,,,,,,,,,,,,,,,,,,,,,4.68,,2.0,3.0170833333333333,6.034166666666667,9.0,44.25305555555556,65.095,175.4972222222222,8.0,15.0,44.25305555555556,20.5828165374677,129.0,8.6,7.0,10.0,20.841944444444444,29.081782945736435,43.0,4.3,9.0,9.0,110.40222222222222,110.40222222222222,60.0,6.666666666666667,36.27798694779116,47.0,103.0,401.4763888888889,664.0
202320,formato_antiguo,fb5b56f835a9a069fb3f33c32226784edf480e5e619aa5e75dcf18d67efeab66,APROBÓ,3.99,3.44,ind,3.8,ind,3.91,ind,4.6,grup,4.85,grup,5.0,grup,4.95,grup,3.75,grup,,,,,,,,,,,,,,,,,,,,,,,,,4.11,,0.0,0.0,0.0,0.0,0.0,0.0,0.0,0.0,0.0,0.0,0.0,0.0,0.0,0.0,0.0,0.0,0.0,0.0,0.0,0.0,0.0,0.0,0.0,0.0,0.0,0.0,0.0,0.0,0.0,0.0
202320,formato_antiguo,fcd8ce26350f23d4ce6a48accc22c171d7ef20daf8b5538ea3d3cf38531dedc9,APROBÓ,3.71,2.96,ind,2.53,ind,4.4,ind,4.75,grup,5.0,grup,3.95,grup,4.9,grup,5.0,grup,,,,,,,,,,,,,,,,,,,,,,,,,3.6,,0.0,0.0,0.0,0.0,4.825833333333334,6.484722222222223,13.183055555555557,5.0,8.0,4.825833333333334,8.272857142857143,35.0,4.375,3.0,6.0,1.6588888888888889,9.953333333333331,10.0,1.6666666666666667,6.0,11.0,6.698333333333333,10.305128205128204,39.0,3.5454545454545454,10.18217054263566,39.0,73.0,36.48611111111112,215.0
202320,formato_antiguo,ff16598231df16f5d80ff5228bbbdfdaf04b0ced3fb64ecea9cde4ae3f910dcf,APROBÓ,3.33,3.04,ind,2.98,ind,2.8,ind,4.35,grup,5.0,grup,4.85,grup,4.95,grup,3.9,grup,,,,,,,,,,,,,,,,,,,,,,,,,2.17,,0.0,0.0,0.0,0.0,0.0,0.0,0.0,0.0,0.0,0.0,0.0,0.0,0.0,0.0,0.0,0.0,0.0,0.0,0.0,0.0,0.0,0.0,0.0,0.0,0.0,0.0,0.0,0.0,0.0,0.0
202320,formato_antiguo,ff5aaca558679b95c95317be03581944385e5fb0551254d53a6197f731c09b37,REPROBÓ,2.97,2.56,ind,2.98,ind,2.7,ind,3.58,grup,4.1,grup,0.1,grup,5.0,grup,4.75,grup,,,,,,,,,,,,,,,,,,,,,,,,,2.12,,0.0,0.0,0.0,0.0,13.105555555555556,23.36055555555556,30.18277777777778,6.0,11.0,13.105555555555556,25.365591397849464,31.0,2.8181818181818183,8.0,13.0,10.255,14.309302325581395,43.0,3.3076923076923075,7.0,12.0,6.822222222222222,12.791666666666666,32.0,2.6666666666666665,13.173212321232125,42.0,100.0,66.52472222222222,303.0
202320,formato_antiguo,ffa0b2def4f901ffb3115b338f22192b3ed11c8d81da1849ef6e95b81570a15c,APROBÓ,3.72,2.44,ind,2.63,ind,4.31,ind,5.0,grup,4.9,grup,5.0,grup,4.85,grup,4.75,grup,,,,,,,,,,,,,,,,,,,,,,,,,5.22,,0.0,0.0,0.0,0.0,3.3808333333333334,11.33972222222222,14.993888888888888,7.0,14.0,3.3808333333333334,6.761666666666667,30.0,2.142857142857143,8.0,12.0,7.958888888888889,28.09019607843137,17.0,1.4166666666666667,7.0,11.0,3.654166666666667,10.44047619047619,21.0,1.9090909090909087,13.430349794238683,31.0,67.0,36.261944444444445,162.0
202320,formato_antiguo,ffe99f5ab2e431d314d6cadd73423259323ea875dce1fd87533e59324d0e74c3,APROBÓ,3.51,2.46,ind,3.03,ind,3.8,ind,4.75,grup,5.0,grup,4.2,grup,3.08,grup,3.95,grup,,,,,,,,,,,,,,,,,,,,,,,,,2.98,,0.0,0.0,0.0,0.0,18.415,26.674166666666665,37.48638888888889,10.0,19.0,18.415,14.53815789473684,76.0,4.0,10.0,17.0,8.259166666666667,9.716666666666669,51.0,3.0,12.0,19.0,10.812222222222225,10.297354497354496,63.0,3.3157894736842106,14.949777183600714,52.0,115.0,93.18694444444444,374.0
202410,formato_antiguo,001a9e8d3a220283bd9e65958abd40b40974b904ecc2ecd0e4c64a3358e8c17b,SIN_NOTA,,3.36,ind,4.2,ind,3.36,ind,4.85,grup,,grup,4.25,grup,5.0,grup,4.5,grup,,,,,,,,,,,,,,,,,,,,,,,,,4.52,,3.0,3.5312037037037034,10.59361111111111,71.0,57.2825,137.30888888888887,277.5683333333333,11.0,25.0,57.2825,15.6225,220.0,8.8,11.0,21.0,80.02638888888889,28.07943469785575,171.0,8.142857142857142,16.0,38.0,140.25944444444443,36.91038011695907,228.0,6.0,23.84970111016225,58.0,173.0,465.4666666666666,1171.0
202410,formato_antiguo,00808c4b7936c80a3d96420668d1c228e58e38e07360626b88d62b39377d93ef,SIN_NOTA,,3.59,ind,4.66,ind,4.07,ind,4.78,grup,,grup,4.050000000000001,grup,4.75,grup,3.9,grup,,,,,,,,,,,,,,,,,,,,,,,,,2.75,,3.0,0.0131481481481481,0.0394444444444444,15.0,0.9941666666666666,1.0216666666666667,2.8519444444444444,10.0,19.0,0.9941666666666666,0.6627777777777778,90.0,4.7368421052631575,8.0,10.0,0.0275,0.0589285714285714,28.0,2.8,10.0,18.0,1.8302777777777777,1.3557613168724278,81.0,4.5,0.6979480737018424,49.0,114.0,4.629722222222222,398.0
202410,formato_antiguo,00b3a84bea6a2e92337a5355fe21f474df3f5b369cdc51f84d64512ac59055d3,REPROBÓ,2.97,2.76,ind,2.55,ind,1.89,ind,4.85,grup,4.8,grup,3.7,grup,3.85,grup,3.875,grup,,,,,,,,,,,,,,,,,,,,,,,,,3.12,,3.0,1.773148148148148,5.319444444444445,78.0,5.2491666666666665,7.970555555555555,10.459166666666668,7.0,13.0,5.2491666666666665,9.263235294117647,34.0,2.6153846153846154,7.0,12.0,2.721388888888889,3.2016339869281047,51.0,4.25,10.0,19.0,2.488611111111111,2.619590643274854,57.0,3.0,6.87728813559322,30.0,78.0,33.81333333333333,295.0
202410,formato_antiguo,015690d84570095c982cb7f9354e8c0bec98c922d41238a8a80dbffab61107e0,REPROBÓ,2.94,2.69,ind,2.975,ind,2.23,ind,3.4,grup,4.75,grup,3.3000000000000003,grup,2.85,grup,2.4,grup,,,,,,,,,,,,,,,,,,,,,,,,,2.85,,3.0,0.1650925925925926,0.4952777777777777,16.0,1.2644444444444445,1.487777777777778,9.305,8.0,15.0,1.2644444444444445,1.9452991452991453,39.0,2.6,4.0,6.0,0.2233333333333333,0.8375,16.0,2.6666666666666665,7.0,11.0,7.817222222222222,13.028703703703703,36.0,3.272727272727273,7.178658536585366,32.0,69.0,19.621666666666663,164.0
202410,formato_antiguo,04755ca1945dc3f70a120bf17ba36fd7e6865b584662b7f23fafd139e827d468,SIN_NOTA,,2.61,ind,3.25,ind,2.78,ind,4.85,grup,,grup,1.4,grup,3.0,grup,4.699999999999999,grup,,,,,,,,,,,,,,,,,,,,,,,,,3.47,,0.0,0.0,0.0,0.0,1.57,2.240833333333333,3.047222222222222,5.0,9.0,1.57,3.3642857142857143,28.0,3.111111111111111,4.0,5.0,0.6708333333333333,5.75,7.0,1.4,7.0,8.0,0.8063888888888889,2.4191666666666665,20.0,2.5,7.311920529801325,33.0,59.0,18.401666666666667,151.0
202410,formato_antiguo,099cbbeea3eeca7fa598ecbfc99acfc8925896c3550bb9c20a41558ea8d32e12,SIN_NOTA,,1.99,ind,3.1700000000000004,ind,2.4,ind,4.4,grup,,grup,3.75,grup,4.025,grup,4.25,grup,,,,,,,,,,,,,,,,,,,,,,,,,4.3,,3.0,6.258333333333333,18.775,39.0,43.29638888888889,79.47555555555556,145.94916666666666,9.0,16.0,43.29638888888889,36.08032407407407,72.0,4.5,11.0,19.0,36.17916666666667,32.399253731343286,67.0,3.526315789473684,13.0,27.0,66.47361111111111,36.25833333333333,110.0,4.074074074074074,30.471126760563383,44.0,105.0,216.345,426.0
202410,formato_antiguo,09f218280f46288c41bf733a80c264816c29b7254014ea4d0e2a3dbf6eada867,SIN_NOTA,,4.11,ind,5.17,ind,5.1,ind,4.95,grup,,grup,5.0,grup,5.0,grup,3.75,grup,,,,,,,,,,,,,,,,,,,,,,,,,5.06,,0.0,0.0,0.0,0.0,3.1213888888888888,4.483333333333333,8.324722222222222,4.0,6.0,3.1213888888888888,15.606944444444444,12.0,2.0,1.0,1.0,1.3619444444444444,81.71666666666667,1.0,1.0,6.0,13.0,3.841388888888889,9.219333333333331,25.0,1.9230769230769231,14.722222222222223,31.0,64.0,31.65277777777778,129.0
202410,formato_antiguo,0b457d414f5634711f51a5592b1902d7632f9bcea5c02e3d6b41e5e5ab46ece4,RETIRADO,0.7,1.68,ind,0.8500000000000001,ind,0.0,ind,0.0,grup,0.0,grup,4.15,grup,0.0,grup,0.0,grup,,,,,,,,,,,,,,,,,,,,,,,,,1.62,,0.0,0.0,0.0,0.0,0.0,0.0,0.0,0.0,0.0,0.0,0.0,0.0,0.0,0.0,0.0,0.0,0.0,0.0,0.0,0.0,0.0,0.0,0.0,0.0,0.0,0.0,0.0,0.0,0.0,0.0
202410,formato_antiguo,0c06694a1b74f7c3b212f25a306287bc387ded1af177d20f5fe0aa75033194c7,APROBÓ,3.86,2.94,ind,4.33,ind,3.19,ind,4.35,grup,4.7,grup,4.85,grup,4.6000000000000005,grup,5.0,grup,,,,,,,,,,,,,,,,,,,,,,,,,5.0,,0.0,0.0,0.0,0.0,21.89555555555556,25.374722222222225,41.63333333333334,10.0,27.0,21.89555555555556,17.2859649122807,76.0,2.814814814814815,8.0,13.0,3.4791666666666665,6.733870967741935,31.0,2.3846153846153846,13.0,22.0,16.25861111111111,15.734139784946237,62.0,2.8181818181818183,13.294778481012656,49.0,118.0,70.01916666666666,316.0
202410,formato_antiguo,0e11242583d26a32ae89af3fa5308ae1f07ec9d28c8685ada9874f3d35826d19,APROBÓ,3.48,2.59,ind,3.025,ind,3.76,ind,4.23,grup,4.9,grup,2.7,grup,3.5,grup,3.0,grup,,,,,,,,,,,,,,,,,,,,,,,,,3.96,,0.0,0.0,0.0,0.0,0.0,0.0,0.0,0.0,0.0,0.0,0.0,0.0,0.0,0.0,0.0,0.0,0.0,0.0,0.0,0.0,0.0,0.0,0.0,0.0,0.0,0.0,0.0,0.0,0.0,0.0
202410,formato_antiguo,10218c9778d97cf375ba894b69cb5938f4c105a830eb89007984a42652d73c64,APROBÓ,3.1,2.83,ind,2.605,ind,2.53,ind,4.8,grup,4.85,grup,3.0,grup,3.45,grup,5.0,grup,,,,,,,,,,,,,,,,,,,,,,,,,1.97,,0.0,0.0,0.0,0.0,0.0,0.0,0.0,0.0,0.0,0.0,0.0,0.0,0.0,0.0,0.0,0.0,0.0,0.0,0.0,0.0,0.0,0.0,0.0,0.0,0.0,0.0,0.0,0.0,0.0,0.0
202410,formato_antiguo,13080bf73f4f8c46c7a44257c4b8969423fefb6dcf804d9d5f31dc7eab977c6e,RETIRADO,0.73,2.91,ind,0.0,ind,0.0,ind,0.0,grup,0.0,grup,5.0,grup,0.0,grup,0.0,grup,,,,,,,,,,,,,,,,,,,,,,,,,1.21,,0.0,0.0,0.0,0.0,0.0,0.0,0.0,0.0,0.0,0.0,0.0,0.0,0.0,0.0,0.0,0.0,0.0,0.0,0.0,0.0,0.0,0.0,0.0,0.0,0.0,0.0,0.0,0.0,0.0,0.0
202410,formato_antiguo,1336c23c305766d4eb118521430cd53be62b95cfdf539ba2345cd8481d4080d8,SIN_NOTA,,3.49,ind,3.44,ind,3.3,ind,4.6,grup,,grup,4.35,grup,3.95,grup,4.0,grup,,,,,,,,,,,,,,,,,,,,,,,,,2.26,,3.0,2.983333333333333,8.95,23.0,14.422222222222222,27.65611111111111,32.56777777777778,11.0,19.0,14.422222222222222,11.385964912280702,76.0,4.0,8.0,12.0,13.233888888888888,19.85083333333333,40.0,3.333333333333333,12.0,30.0,4.911666666666667,2.917821782178218,101.0,3.3666666666666667,11.765311986863711,50.0,126.0,79.61194444444445,406.0
202410,formato_antiguo,14920d20f9a5c948f02b04ada96588610fa97f91b357d39bc5d1acac15d2e333,APROBÓ,3.02,2.29,ind,1.75,ind,3.0,ind,4.1,grup,4.7,grup,4.9,grup,4.95,grup,5.0,grup,,,,,,,,,,,,,,,,,,,,,,,,,5.0,,0.0,0.0,0.0,0.0,17.816944444444445,23.705,48.58305555555556,8.0,19.0,17.816944444444445,14.847453703703705,72.0,3.789473684210526,7.0,10.0,5.888055555555556,9.548198198198198,37.0,3.7,15.0,28.0,24.878055555555555,19.902444444444445,75.0,2.6785714285714284,23.672254901960784,48.0,119.0,134.14277777777778,340.0
202410,formato_antiguo,15dbd58aeb338372f608844fa985348e95e7873ab637e35f84f68fc4a78c026b,RETIRADO,0.47,1.97,ind,0.0,ind,0.0,ind,0.0,grup,0.0,grup,4.699999999999999,grup,0.0,grup,0.0,grup,,,,,,,,,,,,,,,,,,,,,,,,,0.0,,0.0,0.0,0.0,0.0,0.0,0.0,0.0,0.0,0.0,0.0,0.0,0.0,0.0,0.0,0.0,0.0,0.0,0.0,0.0,0.0,0.0,0.0,0.0,0.0,0.0,0.0,0.0,0.0,0.0,0.0
202410,formato_antiguo,182b23ce5d2ec6851f316e4afba9bf10a9f7b39517e227f97e17a731877ae77e,RETIRADO,0.07,0.0,ind,0.0,ind,0.0,ind,0.0,grup,0.0,grup,3.95,grup,0.0,grup,0.0,grup,,,,,,,,,,,,,,,,,,,,,,,,,0.0,,0.0,0.0,0.0,0.0,0.0,0.0,0.0,0.0,0.0,0.0,0.0,0.0,0.0,0.0,0.0,0.0,0.0,0.0,0.0,0.0,0.0,0.0,0.0,0.0,0.0,0.0,0.0,0.0,0.0,0.0
202410,formato_antiguo,19739c7d097efe0a5c5832166e93373b11442d5d40a041eb8061aaa9263c55cd,APROBÓ,4.8,4.95,ind,4.55,ind,4.9,ind,4.85,grup,5.0,grup,4.699999999999999,grup,5.0,grup,4.75,grup,,,,,,,,,,,,,,,,,,,,,,,,,4.39,,3.0,1.0950925925925927,3.285277777777778,16.0,31.468888888888888,47.38361111111111,84.25916666666666,9.0,22.0,31.468888888888888,19.46529209621993,97.0,4.409090909090909,6.0,11.0,15.914722222222222,16.18446327683616,59.0,5.363636363636363,13.0,22.0,36.87555555555556,35.11957671957672,63.0,2.863636363636364,19.047203065134106,50.0,129.0,138.09222222222223,435.0
202410,formato_antiguo,1be41a30212fdd5f0843bba8d4b05626a096e586ff5f6595252c99d41a965b29,SIN_NOTA,,2.96,ind,3.135,ind,3.47,ind,4.78,grup,,grup,4.050000000000001,grup,4.75,grup,3.9,grup,,,,,,,,,,,,,,,,,,,,,,,,,3.1,,3.0,0.2205555555555555,0.6616666666666666,10.0,8.03,10.255833333333332,27.83305555555556,9.0,16.0,8.03,12.044999999999998,40.0,2.5,8.0,12.0,2.2258333333333336,3.514473684210526,38.0,3.1666666666666665,13.0,25.0,17.577222222222222,8.862464985994396,119.0,4.76,8.711048689138577,47.0,118.0,51.68555555555555,356.0
202410,formato_antiguo,1cadef954169bd7d38a52a71bde4dedc598b4c861c4449e6354e9d1c9a745b74,SIN_NOTA,,3.92,ind,2.49,ind,2.58,ind,4.93,grup,,grup,4.699999999999999,grup,4.3,grup,2.85,grup,,,,,,,,,,,,,,,,,,,,,,,,,4.47,,0.0,0.0,0.0,0.0,1.5919444444444444,8.497222222222222,17.2925,9.0,16.0,1.5919444444444444,3.979861111111111,24.0,1.5,7.0,9.0,6.905277777777778,34.52638888888889,12.0,1.3333333333333333,8.0,16.0,8.795277777777779,10.347385620915034,51.0,3.1875,10.759103641456582,44.0,96.0,42.67777777777778,238.0
202410,formato_antiguo,1f55d442045f8b35d160e35a1e2c56f7cbc9d97aa83718055d0e1d45b3ac7a5d,APROBÓ,4.4,3.98,ind,4.575,ind,3.88,ind,5.0,grup,5.0,grup,4.85,grup,4.6000000000000005,grup,5.0,grup,,,,,,,,,,,,,,,,,,,,,,,,,5.0,,0.0,0.0,0.0,0.0,14.842777777777778,25.236944444444447,58.08361111111111,9.0,22.0,14.842777777777778,11.874222222222222,75.0,3.409090909090909,9.0,15.0,10.394166666666669,15.210975609756098,41.0,2.7333333333333334,13.0,22.0,32.846666666666664,25.93157894736842,76.0,3.4545454545454546,18.708817533129466,50.0,113.0,101.96305555555556,327.0
202410,formato_antiguo,235a3cb7b3eddc5bdfb71eb62f4f673f968e6b0a64d23109dfc95e3c709fd195,RETIRADO,1.01,2.17,ind,1.825,ind,0.0,ind,0.0,grup,0.0,grup,3.0,grup,1.5,grup,0.0,grup,,,,,,,,,,,,,,,,,,,,,,,,,0.81,,0.0,0.0,0.0,0.0,0.0,0.0,0.0,0.0,0.0,0.0,0.0,0.0,0.0,0.0,0.0,0.0,0.0,0.0,0.0,0.0,0.0,0.0,0.0,0.0,0.0,0.0,0.0,0.0,0.0,0.0
202410,formato_antiguo,2535de81b48a2b1811c9a9b44dc46a29eae6ae927645cf88b050e1e7c7b4bee1,RETIRADO,0.15,0.42,ind,0.0,ind,0.0,ind,0.0,grup,0.0,grup,4.050000000000001,grup,0.0,grup,0.0,grup,,,,,,,,,,,,,,,,,,,,,,,,,0.0,,0.0,0.0,0.0,0.0,0.0,0.0,0.0,0.0,0.0,0.0,0.0,0.0,0.0,0.0,0.0,0.0,0.0,0.0,0.0,0.0,0.0,0.0,0.0,0.0,0.0,0.0,0.0,0.0,0.0,0.0
202410,formato_antiguo,2621569c86329d7299fba7aa7bbf4dd5f8b97e6b13b3fddde8e9ab52f01cd832,APROBÓ,3.26,2.58,ind,3.445,ind,1.84,ind,4.7,grup,5.0,grup,4.0,grup,3.925,grup,4.5,grup,,,,,,,,,,,,,,,,,,,,,,,,,5.0,,0.0,0.0,0.0,0.0,0.0,0.0,0.0,0.0,0.0,0.0,0.0,0.0,0.0,0.0,0.0,0.0,0.0,0.0,0.0,0.0,0.0,0.0,0.0,0.0,0.0,0.0,0.0,0.0,0.0,0.0
202410,formato_antiguo,2834dd0ef1c80a7bf0f74d368c37bfba5a5e6b7b4da0764589b28eaa103f0092,APROBÓ,4.07,4.77,ind,3.805,ind,3.75,ind,4.55,grup,3.5,grup,5.0,grup,4.85,grup,4.699999999999999,grup,,,,,,,,,,,,,,,,,,,,,,,,,3.62,,3.0,1.0521296296296296,3.156388888888889,11.0,11.927777777777775,13.458055555555555,31.94972222222222,9.0,18.0,11.927777777777775,20.44761904761905,35.0,1.9444444444444444,6.0,9.0,1.5302777777777778,5.400980392156863,17.0,1.8888888888888888,7.0,15.0,18.491666666666667,27.7375,40.0,2.6666666666666665,18.621076233183857,43.0,95.0,69.20833333333333,223.0
202410,formato_antiguo,2c98232d89d294f8b0bcafdc3fda74cab6817bed79489693a1c23edff26143c0,APROBÓ,3.75,3.54,ind,3.965,ind,2.65,ind,4.95,grup,4.5,grup,5.0,grup,4.050000000000001,grup,5.0,grup,,,,,,,,,,,,,,,,,,,,,,,,,4.2,,0.0,0.0,0.0,0.0,11.428333333333333,14.88,20.50472222222222,5.0,8.0,11.428333333333333,28.57083333333333,24.0,3.0,3.0,5.0,3.4516666666666667,9.861904761904762,21.0,4.2,6.0,11.0,5.624722222222222,10.546354166666667,32.0,2.909090909090909,15.341273247496424,31.0,61.0,59.57527777777778,233.0
202410,formato_antiguo,2ca6c8df73221b09e2671bcbedc0e00e3bcee25aad82ddd3dce347e60a079edd,SIN_NOTA,,2.75,ind,1.375,ind,1.28,ind,4.78,grup,,grup,4.85,grup,5.0,grup,4.5,grup,,,,,,,,,,,,,,,,,,,,,,,,,2.83,,3.0,0.3581481481481481,1.0744444444444443,15.0,21.28611111111111,48.1325,49.29194444444445,7.0,14.0,21.28611111111111,11.506006006006007,111.0,7.928571428571429,6.0,12.0,26.84638888888889,19.175992063492064,84.0,7.0,5.0,8.0,1.1594444444444445,2.4845238095238096,28.0,3.5,11.120047619047618,29.0,73.0,64.86694444444444,350.0
202410,formato_antiguo,2cd6d6b5bd2ba1bacc7bb7aae6c68b5a47f6cd501ecf55f3c0dbd8762b3ae5c3,APROBÓ,3.5,3.24,ind,3.975,ind,2.02,ind,4.95,grup,4.5,grup,4.3,grup,3.1,grup,2.225,grup,,,,,,,,,,,,,,,,,,,,,,,,,4.98,,0.0,0.0,0.0,0.0,6.357222222222222,9.7975,16.192777777777778,6.0,8.0,6.357222222222222,13.15287356321839,29.0,3.625,3.0,4.0,3.4402777777777778,29.48809523809524,7.0,1.75,6.0,9.0,6.395277777777777,21.31759259259259,18.0,2.0,20.596803652968035,31.0,58.0,50.11888888888889,146.0
202410,formato_antiguo,2f2225a3c876d06f5345347a45f2506260b9ea3d67bedf095e51a0d9d4eba9dd,REPROBÓ,2.96,2.66,ind,2.85,ind,1.68,ind,4.23,grup,4.9,grup,2.7,grup,3.5,grup,4.15,grup,,,,,,,,,,,,,,,,,,,,,,,,,4.13,,1.0,1.4525,1.4525,6.0,17.534444444444443,38.095,61.82055555555556,10.0,17.0,17.534444444444443,16.438541666666666,64.0,3.764705882352941,8.0,13.0,20.56055555555556,42.53908045977012,29.0,2.230769230769231,14.0,28.0,23.725555555555555,24.54367816091954,58.0,2.071428571428572,19.22759336099585,41.0,90.0,77.23083333333334,241.0
202410,formato_antiguo,319ce8be1bf0e2fa8aedcc6a4a28ff7a987c3f371c480b9ea7834d97e61345e4,APROBÓ,3.41,3.59,ind,1.94,ind,3.92,ind,4.9,grup,4.7,grup,3.45,grup,2.7,grup,3.2,grup,,,,,,,,,,,,,,,,,,,,,,,,,2.28,,0.0,0.0,0.0,0.0,0.0,0.0,0.0,0.0,0.0,0.0,0.0,0.0,0.0,0.0,0.0,0.0,0.0,0.0,0.0,0.0,0.0,0.0,0.0,0.0,0.0,0.0,0.0,0.0,0.0,0.0
202410,formato_antiguo,31dba3182f019619a1772f17e46bdd6b4121f6f5c40ce0f833eff033613e0517,RETIRADO,0.2,0.62,ind,0.0,ind,0.0,ind,0.0,grup,0.0,grup,0.0,grup,0.0,grup,0.0,grup,,,,,,,,,,,,,,,,,,,,,,,,,1.44,,0.0,0.0,0.0,0.0,0.0,0.0,0.0,0.0,0.0,0.0,0.0,0.0,0.0,0.0,0.0,0.0,0.0,0.0,0.0,0.0,0.0,0.0,0.0,0.0,0.0,0.0,0.0,0.0,0.0,0.0
202410,formato_antiguo,325c62ee6eb9f0f74a38b0244409675b52159bb9c4aafebebc0153ad57fdfbc8,REPROBÓ,1.92,1.77,ind,1.525,ind,0.48,ind,4.5,grup,3.4,grup,4.699999999999999,grup,3.8,grup,5.0,grup,,,,,,,,,,,,,,,,,,,,,,,,,1.07,,3.0,1.1016666666666666,3.305,25.0,8.186944444444444,13.0525,17.509999999999998,7.0,15.0,8.186944444444444,5.582007575757576,88.0,5.866666666666666,6.0,12.0,4.865555555555556,8.586274509803921,34.0,2.833333333333333,7.0,14.0,4.4575,6.857692307692307,39.0,2.7857142857142856,8.605155155155154,30.0,87.0,47.75861111111111,333.0
202410,formato_antiguo,332d5d89af9956e3c186e414dbc9b38b81d8d0164cf3bd10068059ef3aa8d650,SIN_NOTA,,3.09,ind,4.0,ind,2.54,ind,4.93,grup,,grup,4.55,grup,4.4,grup,2.85,grup,,,,,,,,,,,,,,,,,,,,,,,,,2.1,,0.0,0.0,0.0,0.0,9.764444444444443,21.953333333333333,40.32694444444444,10.0,14.0,9.764444444444443,11.266666666666667,52.0,3.7142857142857135,7.0,8.0,12.188888888888888,23.591397849462364,31.0,3.875,11.0,16.0,18.37361111111111,25.05492424242424,44.0,2.75,16.79648148148148,39.0,75.0,75.58416666666666,270.0
202410,formato_antiguo,38f2dacfb18a47c76c0271d06b79b62090a6add12af416e1e87db04d58f50421,APROBÓ,3.61,4.02,ind,3.41,ind,2.03,ind,4.8,grup,5.0,grup,4.699999999999999,grup,3.25,grup,5.0,grup,,,,,,,,,,,,,,,,,,,,,,,,,5.0,,0.0,0.0,0.0,0.0,16.08388888888889,21.84138888888889,28.85305555555556,10.0,23.0,16.08388888888889,14.846666666666668,65.0,2.8260869565217392,8.0,12.0,5.7575,13.818,25.0,2.083333333333333,7.0,13.0,7.011666666666667,12.02,35.0,2.6923076923076925,12.74919871794872,39.0,75.0,44.19722222222222,208.0
202410,formato_antiguo,3bb796a79dd0f34bf7573236441ecc4338057f380ba44e4d302f9d162364b688,SIN_NOTA,,2.24,ind,3.54,ind,3.71,ind,4.9,grup,,grup,2.05,grup,3.2,grup,5.0,grup,,,,,,,,,,,,,,,,,,,,,,,,,4.78,,0.0,0.0,0.0,0.0,0.0,0.0,0.0,0.0,0.0,0.0,0.0,0.0,0.0,0.0,0.0,0.0,0.0,0.0,0.0,0.0,0.0,0.0,0.0,0.0,0.0,0.0,0.0,0.0,0.0,0.0
202410,formato_antiguo,3e1ff9ecc23a1e252cc4e07f8a43fd2f72644aabef58773d2b8041d368146df0,RETIRADO,0.1,0.0,ind,0.0,ind,0.0,ind,0.0,grup,0.0,grup,4.85,grup,0.0,grup,0.0,grup,,,,,,,,,,,,,,,,,,,,,,,,,0.38,,0.0,0.0,0.0,0.0,0.0,0.0,0.0,0.0,0.0,0.0,0.0,0.0,0.0,0.0,0.0,0.0,0.0,0.0,0.0,0.0,0.0,0.0,0.0,0.0,0.0,0.0,0.0,0.0,0.0,0.0
202410,formato_antiguo,419aa705df9c376a998d5a635066be3cc7563898faab3aeb6919ecba0abbefe4,APROBÓ,4.45,3.77,ind,4.125,ind,4.85,ind,4.9,grup,5.0,grup,5.0,grup,5.0,grup,5.0,grup,,,,,,,,,,,,,,,,,,,,,,,,,4.16,,3.0,3.054537037037037,9.163611111111113,18.0,15.055833333333334,34.99111111111111,84.55722222222222,10.0,20.0,15.055833333333334,12.207432432432432,74.0,3.7,9.0,15.0,19.935277777777777,20.984502923976606,57.0,3.8,14.0,29.0,49.56611111111111,21.395443645083933,139.0,4.793103448275862,17.24724388975559,62.0,148.0,184.2580555555556,641.0
202410,formato_antiguo,438cd82562d9cdcd20013f33634df6c5d87f97ac987feb2e6e8838a86d7a30f7,SIN_NOTA,,1.94,ind,3.965,ind,1.54,ind,4.9,grup,,grup,1.4,grup,4.9,grup,5.0,grup,,,,,,,,,,,,,,,,,,,,,,,,,1.86,,0.0,0.0,0.0,0.0,5.754722222222222,6.608333333333333,6.865555555555556,4.0,8.0,5.754722222222222,15.694696969696968,22.0,2.75,7.0,11.0,0.8536111111111111,3.201041666666667,16.0,1.4545454545454546,9.0,12.0,0.2572222222222222,0.8574074074074074,18.0,1.5,10.541666666666666,37.0,65.0,19.677777777777777,112.0
202410,formato_antiguo,43be8db90365654d894c06de54d12d094fe7600bc7f4afeed04be34e93df957f,APROBÓ,3.79,2.43,ind,4.22,ind,3.63,ind,4.5,grup,4.3,grup,4.699999999999999,grup,4.125,grup,5.0,grup,,,,,,,,,,,,,,,,,,,,,,,,,4.53,,3.0,0.7791666666666668,2.3375,8.0,1.0922222222222222,6.629166666666666,18.640833333333333,9.0,13.0,1.0922222222222222,3.2766666666666664,20.0,1.5384615384615383,7.0,11.0,5.536944444444444,18.45648148148148,18.0,1.6363636363636365,13.0,20.0,12.011666666666668,18.0175,40.0,2.0,15.374666666666666,42.0,90.0,44.842777777777776,175.0
202410,formato_antiguo,469879b3f84d2268f9b3e25e9a0987ed3b8ca38b526e0b8f61c84a30f9b2a01c,APROBÓ,3.45,4.41,ind,3.115,ind,1.73,ind,4.9,grup,5.0,grup,4.25,grup,4.15,grup,4.0,grup,,,,,,,,,,,,,,,,,,,,,,,,,3.13,,2.0,0.0119444444444444,0.0238888888888888,4.0,6.236666666666666,19.261944444444445,29.57055555555556,6.0,9.0,6.236666666666666,11.33939393939394,33.0,3.6666666666666665,6.0,7.0,13.025277777777776,37.21507936507936,21.0,3.0,9.0,15.0,10.30861111111111,19.95215053763441,31.0,2.066666666666667,15.874382716049384,34.0,67.0,42.86083333333333,162.0
202410,formato_antiguo,497ad635ac64100c047d6b318bfd8326bff253c4ee85a3f4f4c5fcd6911c493d,APROBÓ,3.5,2.98,ind,2.595,ind,3.99,ind,4.5,grup,4.3,grup,4.8,grup,4.65,grup,3.875,grup,,,,,,,,,,,,,,,,,,,,,,,,,3.08,,2.0,0.4229166666666667,0.8458333333333333,6.0,3.487222222222222,4.066944444444444,11.132222222222222,9.0,14.0,3.487222222222222,7.472619047619047,28.0,2.0,9.0,13.0,0.5797222222222222,1.6563492063492062,21.0,1.6153846153846154,13.0,24.0,7.065277777777778,9.01950354609929,47.0,1.9583333333333333,5.294170771756979,42.0,94.0,17.911944444444444,203.0
202410,formato_antiguo,4a2588f085302b998743db1376856d5804f50c4a69ac3fe6c51d38f930dc2f5b,SIN_NOTA,,3.87,ind,3.61,ind,3.23,ind,4.85,grup,,grup,4.4,grup,4.75,grup,3.35,grup,,,,,,,,,,,,,,,,,,,,,,,,,2.91,,0.0,0.0,0.0,0.0,4.218055555555556,6.076944444444445,12.8675,5.0,6.0,4.218055555555556,19.46794871794872,13.0,2.1666666666666665,2.0,2.0,1.8588888888888888,22.306666666666665,5.0,2.5,10.0,16.0,6.790555555555556,12.732291666666669,32.0,2.0,15.098082595870208,35.0,58.0,28.434722222222224,113.0
202410,formato_antiguo,4bf89177512b8c5733a819ebe130f26a1c313dfcaf24d0476cef80c510bde20c,APROBÓ,3.16,2.74,ind,2.47,ind,2.3,ind,4.7,grup,5.0,grup,4.6000000000000005,grup,4.75,grup,4.25,grup,,,,,,,,,,,,,,,,,,,,,,,,,4.43,,0.0,0.0,0.0,0.0,17.444166666666668,28.370555555555555,48.10083333333333,9.0,22.0,17.444166666666668,12.921604938271606,81.0,3.6818181818181817,7.0,12.0,10.926388888888887,10.243489583333334,64.0,5.333333333333333,9.0,15.0,19.73027777777778,25.18758865248228,47.0,3.1333333333333333,12.339792231255643,49.0,100.0,75.88972222222222,369.0
202410,formato_antiguo,557e49526c1f3234374a18a34e589cc03fd4ab684728cf7e1fc1b7c75291a079,RETIRADO,0.82,1.54,ind,1.45,ind,0.0,ind,0.0,grup,0.0,grup,0.75,grup,4.2,grup,0.0,grup,,,,,,,,,,,,,,,,,,,,,,,,,1.41,,0.0,0.0,0.0,0.0,0.0,0.0,0.0,0.0,0.0,0.0,0.0,0.0,0.0,0.0,0.0,0.0,0.0,0.0,0.0,0.0,0.0,0.0,0.0,0.0,0.0,0.0,0.0,0.0,0.0,0.0
202410,formato_antiguo,5666af29d550ae11348704859a1d8e7916bdc0da3df8e3919d086e7e0487d458,APROBÓ,3.83,3.24,ind,3.5200000000000005,ind,3.92,ind,4.7,grup,4.4,grup,4.4,grup,4.45,grup,3.0,grup,,,,,,,,,,,,,,,,,,,,,,,,,4.3,,0.0,0.0,0.0,0.0,20.179166666666667,30.82888888888889,41.50666666666667,9.0,24.0,20.179166666666667,17.29642857142857,70.0,2.9166666666666665,11.0,17.0,10.649722222222222,15.584959349593497,41.0,2.411764705882353,15.0,25.0,10.677777777777775,9.152380952380952,70.0,2.8,11.606470106470104,56.0,127.0,78.73055555555555,407.0
202410,formato_antiguo,56fcea534cae96c320886f40f0a277508a47363a8a8870d609a9502e20ad3c5e,APROBÓ,3.51,1.61,ind,3.325,ind,4.18,ind,4.1,grup,4.95,grup,2.6500000000000004,grup,4.65,grup,4.475,grup,,,,,,,,,,,,,,,,,,,,,,,,,4.11,,3.0,0.006574074074074,0.0197222222222222,15.0,9.793333333333331,14.079722222222223,31.17083333333333,8.0,18.0,9.793333333333331,10.13103448275862,58.0,3.2222222222222223,9.0,16.0,4.286388888888889,5.981007751937985,43.0,2.6875,14.0,31.0,17.09111111111111,10.153135313531353,101.0,3.2580645161290325,7.839349376114082,51.0,129.0,48.86527777777778,374.0
202410,formato_antiguo,5868db989b5e8b4dab4e6cc3ff3da3d68e9d540613aa3e91bdadef8afd9baa47,APROBÓ,3.67,3.79,ind,3.415,ind,2.78,ind,4.9,grup,5.0,grup,4.25,grup,4.15,grup,4.0,grup,,,,,,,,,,,,,,,,,,,,,,,,,3.37,,1.0,0.0138888888888888,0.0138888888888888,1.0,14.315555555555555,22.38055555555556,35.0025,9.0,15.0,14.315555555555555,14.08087431693989,61.0,4.066666666666666,9.0,13.0,8.065,10.997727272727271,44.0,3.3846153846153846,12.0,18.0,12.621944444444445,16.82925925925926,45.0,2.5,13.943272727272728,42.0,92.0,63.906666666666666,275.0
202410,formato_antiguo,589d731ccf5ecb236edff043ccef0a45195b9dfa878cc2a578ef190e9aeb221f,APROBÓ,3.68,2.19,ind,3.4,ind,4.39,ind,4.1,grup,4.8,grup,4.699999999999999,grup,4.15,grup,5.0,grup,,,,,,,,,,,,,,,,,,,,,,,,,3.39,,3.0,3.779074074074074,11.337222222222222,11.0,4.943055555555556,7.955555555555556,19.24,5.0,11.0,4.943055555555556,10.592261904761903,28.0,2.5454545454545454,6.0,7.0,3.0125,18.075,10.0,1.4285714285714286,9.0,22.0,11.284444444444444,12.538271604938272,54.0,2.4545454545454546,15.156289308176104,40.0,100.0,66.94027777777778,265.0
202410,formato_antiguo,58e2c898f723b5db946bcf9f8f2ec5565580f09a190bc6a301dbe922b451cb42,RETIRADO,0.82,1.17,ind,1.54,ind,0.0,ind,0.0,grup,0.0,grup,0.0,grup,1.4,grup,0.0,grup,,,,,,,,,,,,,,,,,,,,,,,,,3.61,,0.0,0.0,0.0,0.0,0.0,0.0,0.0,0.0,0.0,0.0,0.0,0.0,0.0,0.0,0.0,0.0,0.0,0.0,0.0,0.0,0.0,0.0,0.0,0.0,0.0,0.0,0.0,0.0,0.0,0.0
202410,formato_antiguo,5a0ae6183f29a904acda166b8ca9aa79e5df867b5622d08ef688846e35b49f0a,APROBÓ,3.68,3.59,ind,3.885,ind,2.13,ind,4.8,grup,5.0,grup,4.699999999999999,grup,4.4,grup,5.0,grup,,,,,,,,,,,,,,,,,,,,,,,,,4.79,,0.0,0.0,0.0,0.0,0.0,0.0,0.0,0.0,0.0,0.0,0.0,0.0,0.0,0.0,0.0,0.0,0.0,0.0,0.0,0.0,0.0,0.0,0.0,0.0,0.0,0.0,0.0,0.0,0.0,0.0
202410,formato_antiguo,5ae8f4891a8d7b0576d8bf04e79e074513e5ac3873057220e7543d5acb072953,APROBÓ,3.14,3.26,ind,2.515000000000001,ind,2.4,ind,4.7,grup,4.05,grup,4.0,grup,4.4,grup,4.699999999999999,grup,,,,,,,,,,,,,,,,,,,,,,,,,3.22,,0.0,0.0,0.0,0.0,0.0,0.0,0.0,0.0,0.0,0.0,0.0,0.0,0.0,0.0,0.0,0.0,0.0,0.0,0.0,0.0,0.0,0.0,0.0,0.0,0.0,0.0,0.0,0.0,0.0,0.0
202410,formato_antiguo,5b07b07abab92cac1915842c308de6462aacf938f6a860abf5e9197071f4b266,SIN_NOTA,,2.16,ind,1.775,ind,2.33,ind,5.0,grup,,grup,4.5,grup,4.1,grup,3.9,grup,,,,,,,,,,,,,,,,,,,,,,,,,4.12,,3.0,2.0025925925925923,6.007777777777778,26.0,29.31805555555556,50.721944444444446,78.47194444444445,8.0,14.0,29.31805555555556,21.717078189300413,81.0,5.785714285714286,9.0,17.0,21.40388888888889,22.141954022988507,58.0,3.411764705882353,13.0,29.0,27.75,20.06024096385542,83.0,2.862068965517241,17.852247667514842,42.0,108.0,116.93222222222222,393.0
202410,formato_antiguo,5ba7194dbc505ba58677d8529ebf3d140f86b9ff6203ede6f51beef2313626e9,APROBÓ,3.51,3.13,ind,3.1499999999999995,ind,3.58,ind,4.25,grup,3.75,grup,3.95,grup,4.2,grup,3.85,grup,,,,,,,,,,,,,,,,,,,,,,,,,4.05,,3.0,0.0299074074074074,0.0897222222222222,10.0,8.824444444444444,13.313333333333333,22.313333333333333,8.0,14.0,8.824444444444444,11.030555555555551,48.0,3.4285714285714284,7.0,10.0,4.488888888888889,16.833333333333332,16.0,1.6,9.0,22.0,9.0,7.105263157894737,76.0,3.4545454545454546,11.605098039215685,39.0,92.0,49.321666666666665,255.0
202410,formato_antiguo,5c295cdda5e61c8f9080b4087ab498f50dd2beec456f3d42387f37b071d00635,APROBÓ,3.13,2.92,ind,3.0250000000000004,ind,2.8,ind,3.55,grup,4.3,grup,4.699999999999999,grup,2.5,grup,4.0,grup,,,,,,,,,,,,,,,,,,,,,,,,,2.38,,3.0,0.0113888888888888,0.0341666666666666,12.0,20.321944444444444,40.56388888888889,58.01777777777778,11.0,19.0,20.321944444444444,14.869715447154473,82.0,4.315789473684211,6.0,9.0,20.24194444444445,18.127114427860697,67.0,7.444444444444445,14.0,24.0,17.45388888888889,11.382971014492751,92.0,3.8333333333333335,10.715772034459908,63.0,140.0,89.8338888888889,503.0
202410,formato_antiguo,5d58b5cf130bef8a51cca268f905384004aa55fd04974c2b4d3b13785f4c4b77,APROBÓ,3.12,1.99,ind,3.675,ind,2.31,ind,4.23,grup,4.9,grup,4.1,grup,4.4,grup,0.0,grup,,,,,,,,,,,,,,,,,,,,,,,,,3.4,,1.0,0.6813888888888889,0.6813888888888889,1.0,16.768333333333334,19.70777777777778,22.689444444444444,8.0,14.0,16.768333333333334,26.476315789473684,38.0,2.7142857142857144,5.0,7.0,2.9394444444444443,22.04583333333333,8.0,1.1428571428571428,6.0,13.0,2.9816666666666665,5.770967741935484,31.0,2.3846153846153846,15.679754601226993,30.0,64.0,42.59666666666666,163.0
202410,formato_antiguo,5e30ce2f86fb2eaa78cc8d378697bb977de6e641d575e60f6cebf5b90c1d0ab4,APROBÓ,4.08,3.47,ind,4.125,ind,3.56,ind,5.0,grup,4.75,grup,5.0,grup,4.6000000000000005,grup,5.0,grup,,,,,,,,,,,,,,,,,,,,,,,,,5.0,,0.0,0.0,0.0,0.0,28.425555555555555,46.3775,86.23416666666667,11.0,24.0,28.425555555555555,16.886468646864685,101.0,4.208333333333333,10.0,18.0,17.951944444444443,18.896783625731,57.0,3.1666666666666665,13.0,27.0,39.85666666666667,34.65797101449275,69.0,2.555555555555556,29.721102497846687,50.0,118.0,191.70111111111112,387.0
202410,formato_antiguo,616ac09e47bea9f166a3bb6d7612905f2932fb9a42691c39bfcebc7398a36263,APROBÓ,3.49,3.78,ind,2.715,ind,3.3,ind,4.9,grup,4.7,grup,3.45,grup,2.85,grup,3.2,grup,,,,,,,,,,,,,,,,,,,,,,,,,2.25,,0.0,0.0,0.0,0.0,0.0,0.0,0.0,0.0,0.0,0.0,0.0,0.0,0.0,0.0,0.0,0.0,0.0,0.0,0.0,0.0,0.0,0.0,0.0,0.0,0.0,0.0,0.0,0.0,0.0,0.0
202410,formato_antiguo,6297ad046e0d098c5f17166d5e48a1428616431ed30a247a15ef8d7876114229,SIN_NOTA,,3.04,ind,3.365,ind,3.7,ind,4.93,grup,,grup,4.699999999999999,grup,4.3,grup,4.699999999999999,grup,,,,,,,,,,,,,,,,,,,,,,,,,5.31,,0.0,0.0,0.0,0.0,7.1466666666666665,8.534444444444444,11.6175,8.0,11.0,7.1466666666666665,3.5733333333333333,120.0,10.909090909090908,7.0,9.0,1.3877777777777778,4.382456140350877,19.0,2.111111111111111,10.0,12.0,3.083055555555556,7.114743589743591,26.0,2.1666666666666665,6.330316742081448,32.0,59.0,23.316666666666663,221.0
202410,formato_antiguo,62d0f424653f2aeb362089f4f64c668d433ae9c4405f8dc38571d334ac146534,APROBÓ,4.03,4.03,ind,3.1100000000000003,ind,3.87,ind,4.9,grup,5.0,grup,5.0,grup,4.45,grup,5.0,grup,,,,,,,,,,,,,,,,,,,,,,,,,5.0,,0.0,0.0,0.0,0.0,13.808333333333334,24.752222222222223,37.54194444444445,5.0,13.0,13.808333333333334,16.245098039215687,51.0,3.923076923076923,5.0,8.0,10.943888888888887,25.255128205128205,26.0,3.25,11.0,20.0,12.789722222222222,15.987152777777778,48.0,2.4,16.46359126984127,31.0,62.0,46.098055555555554,168.0
202410,formato_antiguo,6301b35b971772bee6e463ff3d639a7fd065b3b2092c203af46d7d39caa0ef5c,APROBÓ,3.36,2.73,ind,2.475,ind,4.18,ind,4.5,grup,5.0,grup,3.2,grup,4.4,grup,0.0,grup,,,,,,,,,,,,,,,,,,,,,,,,,1.41,,3.0,0.0105555555555555,0.0316666666666666,14.0,12.574722222222222,17.780555555555555,37.47583333333333,4.0,7.0,12.574722222222222,47.15520833333333,16.0,2.2857142857142856,5.0,5.0,5.2058333333333335,31.235000000000003,10.0,2.0,15.0,32.0,19.69527777777778,14.589094650205762,81.0,2.53125,26.11771771771772,46.0,102.0,144.95333333333335,333.0
202410,formato_antiguo,6498cd1a588be1ab284c23c252fcbcbaf0b22b9da298d10c1882c252804f4021,REPROBÓ,2.14,3.0,ind,0.875,ind,1.5,ind,4.95,grup,4.5,grup,0.0,grup,0.0,grup,0.0,grup,,,,,,,,,,,,,,,,,,,,,,,,,0.0,,0.0,0.0,0.0,0.0,0.0,0.0,0.0,0.0,0.0,0.0,0.0,0.0,0.0,0.0,0.0,0.0,0.0,0.0,0.0,0.0,0.0,0.0,0.0,0.0,0.0,0.0,0.0,0.0,0.0,0.0
202410,formato_antiguo,659e3f662d2862b19bdfdc4cf0fdf326c944c880aad6bc844412da671481b477,RETIRADO,0.44,1.92,ind,0.0,ind,0.0,ind,0.0,grup,0.0,grup,0.0,grup,3.0,grup,0.0,grup,,,,,,,,,,,,,,,,,,,,,,,,,0.03,,0.0,0.0,0.0,0.0,0.0,0.0,0.0,0.0,0.0,0.0,0.0,0.0,0.0,0.0,0.0,0.0,0.0,0.0,0.0,0.0,0.0,0.0,0.0,0.0,0.0,0.0,0.0,0.0,0.0,0.0
202410,formato_antiguo,69ce95d769a55000548c2ec7b1a9da1699195020349ea757bac2350acf9cb763,APROBÓ,4.89,5.25,ind,4.36,ind,5.12,ind,4.9,grup,5.0,grup,4.699999999999999,grup,4.0,grup,5.0,grup,,,,,,,,,,,,,,,,,,,,,,,,,5.0,,0.0,0.0,0.0,0.0,15.325,25.190555555555555,37.53333333333333,8.0,20.0,15.325,12.26,75.0,3.75,7.0,12.0,9.865555555555556,17.409803921568628,34.0,2.833333333333333,11.0,21.0,12.342777777777778,7.556802721088436,98.0,4.666666666666667,14.43628808864266,46.0,98.0,86.85833333333333,361.0
202410,formato_antiguo,6a2f21884dcedc037f12bd346c9ccb93078329e6555ac196f78445d4761c0b58,APROBÓ,4.75,4.81,ind,4.855,ind,4.28,ind,5.0,grup,5.0,grup,5.0,grup,5.0,grup,5.0,grup,,,,,,,,,,,,,,,,,,,,,,,,,5.0,,0.0,0.0,0.0,0.0,1.5083333333333333,10.376666666666669,15.000833333333333,8.0,20.0,1.5083333333333333,2.2625,40.0,2.0,8.0,12.0,8.868333333333334,17.736666666666668,30.0,2.5,12.0,19.0,4.6241666666666665,6.452325581395349,43.0,2.263157894736842,7.644847328244275,49.0,113.0,33.3825,262.0
202410,formato_antiguo,6d015ef532dcdd8cae33ab67fbec743e16ad45743645a00ef0b36313bbd32278,SIN_NOTA,,1.41,ind,2.39,ind,1.41,ind,4.45,grup,,grup,4.8,grup,4.85,grup,4.699999999999999,grup,,,,,,,,,,,,,,,,,,,,,,,,,4.65,,0.0,0.0,0.0,0.0,5.1177777777777775,9.209166666666668,17.41777777777778,6.0,9.0,5.1177777777777775,16.16140350877193,19.0,2.111111111111111,6.0,9.0,4.091388888888889,15.342708333333334,16.0,1.7777777777777777,8.0,11.0,8.20861111111111,23.4531746031746,21.0,1.9090909090909087,20.12813163481953,36.0,72.0,52.66861111111111,157.0
202410,formato_antiguo,6d52d9308000a1d510c5bfc6d4650380c6c05745dc9f96455022e0ed21067ec8,APROBÓ,3.48,3.0,ind,3.7,ind,3.05,ind,3.55,grup,4.3,grup,4.45,grup,4.4,grup,4.0,grup,,,,,,,,,,,,,,,,,,,,,,,,,3.88,,2.0,0.0176388888888888,0.0352777777777777,8.0,7.741111111111111,14.72861111111111,27.510555555555555,11.0,21.0,7.741111111111111,7.372486772486773,63.0,3.0,11.0,20.0,6.9875,10.48125,40.0,2.0,16.0,32.0,12.781944444444443,9.95995670995671,77.0,2.40625,9.905905077262693,54.0,126.0,49.859722222222224,302.0
202410,formato_antiguo,6ed477dd3f3c22d48638e3002b6cdd0a7616c1e6af13910a435b3184899b4d46,SIN_NOTA,,3.41,ind,2.835,ind,3.13,ind,4.7,grup,,grup,3.8,grup,4.275,grup,5.0,grup,,,,,,,,,,,,,,,,,,,,,,,,,4.22,,0.0,0.0,0.0,0.0,19.92388888888889,22.63055555555556,49.66888888888889,6.0,18.0,19.92388888888889,10.967278287461774,109.0,6.055555555555555,4.0,9.0,2.7066666666666666,5.8,28.0,3.111111111111111,9.0,23.0,27.03833333333333,12.67421875,128.0,5.565217391304348,11.933412887828162,46.0,105.0,83.335,419.0
202410,formato_antiguo,7157770785a49aa1523a2ea210bc451254bc59035ad8193b2e6609d7a12f8ae0,RETIRADO,0.88,2.03,ind,1.13,ind,0.0,ind,0.0,grup,0.0,grup,5.0,grup,5.0,grup,0.0,grup,,,,,,,,,,,,,,,,,,,,,,,,,0.45,,0.0,0.0,0.0,0.0,0.0,0.0,0.0,0.0,0.0,0.0,0.0,0.0,0.0,0.0,0.0,0.0,0.0,0.0,0.0,0.0,0.0,0.0,0.0,0.0,0.0,0.0,0.0,0.0,0.0,0.0
202410,formato_antiguo,719212ed4276e7c0968230cdd805743e878164fe916977400cb34b099384f20f,APROBÓ,4.47,4.12,ind,4.574999999999999,ind,4.29,ind,4.9,grup,5.0,grup,4.699999999999999,grup,4.65,grup,4.5,grup,,,,,,,,,,,,,,,,,,,,,,,,,4.13,,2.0,0.4809722222222222,0.9619444444444444,11.0,45.76694444444445,84.40083333333334,105.17166666666668,9.0,16.0,45.76694444444445,44.29059139784947,62.0,3.875,9.0,17.0,38.63388888888889,55.19126984126984,42.0,2.4705882352941178,12.0,23.0,20.77083333333333,20.77083333333333,60.0,2.608695652173913,29.67083333333333,43.0,118.0,164.1786111111111,332.0
202410,formato_antiguo,71b9b2a992954aef340153a95136b3b84c8bb6b89b4a3479c19c89399bcc66d1,APROBÓ,3.18,3.24,ind,1.975,ind,3.5,ind,3.4,grup,4.75,grup,3.64,grup,4.2,grup,5.0,grup,,,,,,,,,,,,,,,,,,,,,,,,,2.69,,1.0,0.0108333333333333,0.0108333333333333,1.0,27.90333333333333,30.431666666666665,64.32,8.0,15.0,27.90333333333333,26.574603174603176,63.0,4.2,6.0,8.0,2.5283333333333333,7.984210526315789,19.0,2.375,13.0,25.0,33.888333333333335,33.3327868852459,61.0,2.44,19.52021996615905,52.0,132.0,128.18277777777777,394.0
202410,formato_antiguo,73db38167520a077551aec9c11658fbe44f9e85ad36bc47119a9354da0d56169,RETIRADO,0.62,2.49,ind,0.0,ind,0.0,ind,0.0,grup,0.0,grup,2.95,grup,0.0,grup,0.0,grup,,,,,,,,,,,,,,,,,,,,,,,,,1.48,,0.0,0.0,0.0,0.0,0.0,0.0,0.0,0.0,0.0,0.0,0.0,0.0,0.0,0.0,0.0,0.0,0.0,0.0,0.0,0.0,0.0,0.0,0.0,0.0,0.0,0.0,0.0,0.0,0.0,0.0
202410,formato_antiguo,74aa5e645ff09f7d636a11ee2ad9b9e8451e30144c819643fb7b9cd398747530,APROBÓ,3.95,3.59,ind,4.0200000000000005,ind,3.85,ind,4.5,grup,4.3,grup,5.0,grup,4.050000000000001,grup,5.0,grup,,,,,,,,,,,,,,,,,,,,,,,,,2.93,,3.0,1.9120370370370368,5.736111111111111,18.0,6.644722222222223,7.849722222222223,9.354444444444445,9.0,14.0,6.644722222222223,9.27170542635659,43.0,3.071428571428572,7.0,9.0,1.205,5.561538461538462,13.0,1.4444444444444444,6.0,8.0,1.5047222222222223,6.944871794871795,13.0,1.625,13.508024691358026,43.0,90.0,42.55027777777778,189.0
202410,formato_antiguo,770f53cbf3235adbae5fe33a7071d87d5a8c80b4121b1c5dc266f1a97d3f9c1e,APROBÓ,3.37,2.72,ind,2.165,ind,3.46,ind,4.9,grup,4.7,grup,4.699999999999999,grup,3.6,grup,4.5,grup,,,,,,,,,,,,,,,,,,,,,,,,,5.0,,0.0,0.0,0.0,0.0,59.72444444444445,76.80527777777777,168.63555555555556,10.0,23.0,59.72444444444445,16.90314465408805,212.0,9.217391304347826,10.0,15.0,17.080833333333334,11.262087912087914,91.0,6.066666666666666,17.0,32.0,91.83027777777778,16.349604352126608,337.0,10.53125,16.695182555780935,55.0,131.0,274.3575,986.0
202410,formato_antiguo,797ce7e4511e02acd6822afc758d6176e08db6a2b8869dfb436ae0c15b7dd0f0,APROBÓ,3.91,2.73,ind,4.25,ind,3.48,ind,4.9,grup,5.0,grup,4.9,grup,4.95,grup,5.0,grup,,,,,,,,,,,,,,,,,,,,,,,,,3.93,,3.0,3.264444444444445,9.793333333333331,37.0,39.65638888888889,63.81361111111112,91.93222222222222,11.0,24.0,39.65638888888889,24.52972508591065,97.0,4.041666666666667,7.0,13.0,24.157222222222224,35.3520325203252,41.0,3.1538461538461537,12.0,25.0,28.11861111111111,22.79887387387388,74.0,2.96,20.8039531941809,56.0,149.0,182.7280555555556,527.0
202410,formato_antiguo,79eab88d5d05f18c9c47fb3736d4a48cfc5ca9f5ffa7bae1d3f9cb348b9afa01,APROBÓ,3.52,4.37,ind,2.5000000000000004,ind,2.6,ind,4.7,grup,4.4,grup,4.4,grup,4.2,grup,3.85,grup,,,,,,,,,,,,,,,,,,,,,,,,,5.0,,0.0,0.0,0.0,0.0,7.480555555555555,26.68722222222222,42.00277777777778,5.0,16.0,7.480555555555555,9.350694444444445,48.0,3.0,4.0,7.0,19.206666666666667,21.743396226415097,53.0,7.571428571428571,9.0,23.0,15.315555555555555,10.810980392156862,85.0,3.695652173913044,15.763272727272726,33.0,75.0,72.24833333333333,275.0
202410,formato_antiguo,7c78c29df471aadcfc072e2349ca8ace264fa60ea91ce368074d1b53e145b535,APROBÓ,3.18,2.67,ind,3.35,ind,2.78,ind,3.55,grup,4.3,grup,3.65,grup,4.25,grup,4.85,grup,,,,,,,,,,,,,,,,,,,,,,,,,2.3,,3.0,2.0719444444444446,6.215833333333333,19.0,34.13,62.51583333333333,97.5963888888889,10.0,20.0,34.13,22.01935483870968,93.0,4.65,8.0,17.0,28.38583333333333,25.420149253731346,67.0,3.941176470588236,12.0,27.0,35.08055555555556,13.939293598233997,151.0,5.592592592592593,18.605232216343328,57.0,137.0,175.81944444444446,567.0
202410,formato_antiguo,7fe22c846a734d262e3ee67a0d1da6edd9cabc72f3350b02b725f6fc05be2c55,APROBÓ,3.86,3.42,ind,3.285,ind,3.55,ind,4.8,grup,5.0,grup,4.699999999999999,grup,4.65,grup,5.0,grup,,,,,,,,,,,,,,,,,,,,,,,,,5.0,,0.0,0.0,0.0,0.0,39.395,44.157222222222224,58.42305555555556,6.0,10.0,39.395,5.206387665198238,454.0,45.4,5.0,6.0,4.762222222222222,40.81904761904762,7.0,1.1666666666666667,7.0,19.0,14.265833333333331,17.832291666666666,48.0,2.526315789473684,8.739391491653205,40.0,88.0,90.1613888888889,619.0
202410,formato_antiguo,84767b8612bbc3b1144ad16ee8c340b7fd89d2269fd2d89d14a5bfe2f1a1bde7,APROBÓ,4.27,4.45,ind,3.92,ind,4.26,ind,4.5,grup,4.3,grup,4.699999999999999,grup,4.125,grup,5.0,grup,,,,,,,,,,,,,,,,,,,,,,,,,4.42,,3.0,1.5767592592592594,4.730277777777777,7.0,4.951666666666667,10.549166666666668,24.36138888888889,9.0,16.0,4.951666666666667,7.073809523809524,42.0,2.625,6.0,10.0,5.5975,14.60217391304348,23.0,2.3,11.0,24.0,13.812222222222225,8.63263888888889,96.0,4.0,10.637570621468926,43.0,100.0,52.30138888888889,295.0
202410,formato_antiguo,8508323b451868298bb7fd6afff50ef34b5b0b159397a071e595f45455a5cb45,REPROBÓ,2.61,1.67,ind,1.6,ind,2.37,ind,4.0,grup,4.75,grup,4.8,grup,2.7,grup,4.75,grup,,,,,,,,,,,,,,,,,,,,,,,,,4.08,,0.0,0.0,0.0,0.0,9.595277777777778,32.57722222222222,40.71694444444444,4.0,6.0,9.595277777777778,35.98229166666667,16.0,2.6666666666666665,7.0,12.0,22.981944444444444,44.48118279569893,31.0,2.583333333333333,11.0,23.0,8.139722222222222,9.967006802721087,49.0,2.130434782608696,18.596144278606968,51.0,108.0,83.06277777777778,268.0
202410,formato_antiguo,859db197434a6ee5d84b5f566aa5f4ca6edd3161079b6390016e62ad49389edd,REPROBÓ,2.98,2.43,ind,2.12,ind,2.18,ind,4.9,grup,4.85,grup,4.55,grup,2.5,grup,5.0,grup,,,,,,,,,,,,,,,,,,,,,,,,,4.85,,3.0,1.0794444444444444,3.2383333333333333,38.0,17.970555555555556,32.058055555555555,53.50305555555556,11.0,21.0,17.970555555555556,12.252651515151516,88.0,4.190476190476191,11.0,21.0,14.0875,9.944117647058825,85.0,4.047619047619048,14.0,29.0,21.445,13.403125,96.0,3.310344827586207,12.50424041297935,54.0,131.0,94.1986111111111,452.0
202410,formato_antiguo,88bd352ac54756e51b984fafa6583e42469d3361c7059f4cef0697c84ad95ff1,REPROBÓ,2.73,1.32,ind,2.045,ind,2.5,ind,4.7,grup,5.0,grup,2.5,grup,1.4,grup,4.1,grup,,,,,,,,,,,,,,,,,,,,,,,,,4.53,,0.0,0.0,0.0,0.0,36.98833333333334,51.55555555555556,68.89833333333334,8.0,22.0,36.98833333333334,15.966187050359714,139.0,6.318181818181818,10.0,17.0,14.567222222222222,10.282745098039216,85.0,5.0,13.0,21.0,17.342777777777776,11.824621212121212,88.0,4.190476190476191,12.548736338797813,53.0,112.0,102.06305555555556,488.0
202410,formato_antiguo,88df72d70ae7bb1518f50b3e94851f14f851a2bbb27fc407db0f374017d2c60f,APROBÓ,3.04,2.9,ind,2.125,ind,1.95,ind,4.75,grup,5.0,grup,5.0,grup,4.2,grup,3.9,grup,,,,,,,,,,,,,,,,,,,,,,,,,5.01,,0.0,0.0,0.0,0.0,4.506944444444445,6.168888888888889,15.0325,6.0,9.0,4.506944444444445,7.116228070175439,38.0,4.222222222222222,6.0,7.0,1.6619444444444444,3.1161458333333334,32.0,4.571428571428571,10.0,15.0,8.863611111111112,11.315248226950356,47.0,3.1333333333333333,11.255485232067512,32.0,64.0,44.45916666666667,237.0
202410,formato_antiguo,8a0e17d8fc86f1bed065d010d9515f18a8bd47319735f927d6e405df195f338b,SIN_NOTA,,3.59,ind,3.435,ind,1.83,ind,2.85,grup,,grup,4.6000000000000005,grup,3.1499999999999995,grup,5.0,grup,,,,,,,,,,,,,,,,,,,,,,,,,5.0,,0.0,0.0,0.0,0.0,0.0,0.0,0.0,0.0,0.0,0.0,0.0,0.0,0.0,0.0,0.0,0.0,0.0,0.0,0.0,0.0,0.0,0.0,0.0,0.0,0.0,0.0,0.0,0.0,0.0,0.0
202410,formato_antiguo,8de9b18d4b061ccaa942f77a4ad561a977c6a3b892b0bb4975cb0e23f32e15f4,APROBÓ,4.03,4.18,ind,3.95,ind,3.28,ind,4.35,grup,4.7,grup,5.0,grup,4.6000000000000005,grup,5.0,grup,,,,,,,,,,,,,,,,,,,,,,,,,4.7,,0.0,0.0,0.0,0.0,14.598888888888888,20.24361111111111,41.18527777777778,8.0,13.0,14.598888888888888,20.370542635658914,43.0,3.3076923076923075,8.0,9.0,5.644722222222223,12.543827160493828,27.0,3.0,12.0,20.0,20.941666666666663,23.70754716981132,53.0,2.65,17.763665389527457,48.0,95.0,77.27194444444444,261.0
202410,formato_antiguo,8f0346eab9038df0e99c2f4f82ce510f9c37cb4c710adacdfe3d12ad04221ed5,RETIRADO,0.15,0.25,ind,0.0,ind,0.0,ind,0.0,grup,0.0,grup,4.9,grup,0.0,grup,0.0,grup,,,,,,,,,,,,,,,,,,,,,,,,,0.34,,0.0,0.0,0.0,0.0,0.0,0.0,0.0,0.0,0.0,0.0,0.0,0.0,0.0,0.0,0.0,0.0,0.0,0.0,0.0,0.0,0.0,0.0,0.0,0.0,0.0,0.0,0.0,0.0,0.0,0.0
202410,formato_antiguo,902bd6ddf7cba6b88e85c3f9ff8a330623d0d7566f021f4349b77ae3e47378c4,APROBÓ,3.48,3.69,ind,3.0400000000000005,ind,2.82,ind,4.5,grup,4.7,grup,0.0,grup,1.4,grup,5.0,grup,,,,,,,,,,,,,,,,,,,,,,,,,5.0,,0.0,0.0,0.0,0.0,2.727222222222222,5.856111111111112,17.003611111111113,6.0,8.0,2.727222222222222,11.688095238095238,14.0,1.75,7.0,10.0,3.128888888888889,12.515555555555556,15.0,1.5,10.0,15.0,11.1475,21.575806451612905,31.0,2.066666666666667,12.594402035623409,34.0,61.0,27.497777777777777,131.0
202410,formato_antiguo,90dc802df54cfff45837e42a05f83bf0b08e0f290526203df44de9d3373c8c1f,RETIRADO,0.41,1.56,ind,0.0,ind,0.0,ind,0.0,grup,0.0,grup,4.45,grup,0.0,grup,0.0,grup,,,,,,,,,,,,,,,,,,,,,,,,,0.52,,0.0,0.0,0.0,0.0,0.0,0.0,0.0,0.0,0.0,0.0,0.0,0.0,0.0,0.0,0.0,0.0,0.0,0.0,0.0,0.0,0.0,0.0,0.0,0.0,0.0,0.0,0.0,0.0,0.0,0.0
202410,formato_antiguo,9430e655b97d327b29d372ef0b00637b9057b5d5287d111b59b99c91566097cb,RETIRADO,0.42,1.81,ind,0.0,ind,0.0,ind,0.0,grup,0.0,grup,2.5,grup,0.0,grup,0.0,grup,,,,,,,,,,,,,,,,,,,,,,,,,0.39,,0.0,0.0,0.0,0.0,0.0,0.0,0.0,0.0,0.0,0.0,0.0,0.0,0.0,0.0,0.0,0.0,0.0,0.0,0.0,0.0,0.0,0.0,0.0,0.0,0.0,0.0,0.0,0.0,0.0,0.0
202410,formato_antiguo,956bd5eb6a34f7cb80ddfc1a38281f57ed6f499d2f57d5c35f0b961a306ab833,REPROBÓ,0.88,0.33,ind,0.4599999999999999,ind,0.0,ind,0.0,grup,4.3,grup,4.699999999999999,grup,0.0,grup,5.0,grup,,,,,,,,,,,,,,,,,,,,,,,,,2.13,,0.0,0.0,0.0,0.0,36.36805555555556,45.57305555555556,61.873333333333335,11.0,29.0,36.36805555555556,16.284203980099505,134.0,4.620689655172414,9.0,15.0,9.205,8.12205882352941,68.0,4.533333333333333,14.0,20.0,16.30027777777778,15.7744623655914,62.0,3.1,11.83179012345679,50.0,120.0,85.18888888888888,432.0
202410,formato_antiguo,98d01d5b097d22f3a25bde0b51403d7c5eb89e1e6d937c05aef22e50c042c24b,APROBÓ,3.09,3.18,ind,3.6,ind,1.75,ind,5.0,grup,3.1,grup,4.5,grup,4.1,grup,3.9,grup,,,,,,,,,,,,,,,,,,,,,,,,,2.01,,2.0,0.00125,0.0025,2.0,3.053333333333333,10.1425,14.769166666666669,6.0,8.0,3.053333333333333,11.45,16.0,2.0,5.0,7.0,7.089166666666666,53.16875,8.0,1.1428571428571428,6.0,13.0,4.626666666666667,11.566666666666668,24.0,1.8461538461538465,11.390530303030303,36.0,77.0,25.059166666666663,132.0
202410,formato_antiguo,9c1cc6348ad14e7a9947d1c4cf2ee3ec09fb8ddeff2a167e93b03901799a4cad,APROBÓ,4.27,3.66,ind,4.425000000000001,ind,4.3,ind,4.0,grup,4.75,grup,4.699999999999999,grup,3.8,grup,5.0,grup,,,,,,,,,,,,,,,,,,,,,,,,,5.08,,0.0,0.0,0.0,0.0,25.836111111111112,34.125,55.06583333333333,10.0,16.0,25.836111111111112,21.2351598173516,73.0,4.5625,9.0,15.0,8.28888888888889,12.433333333333334,40.0,2.6666666666666665,13.0,23.0,20.94083333333333,11.74252336448598,107.0,4.652173913043479,13.583358171882765,59.0,133.0,151.90722222222223,671.0
202410,formato_antiguo,9c3eb537dd7245dd61ea0576c699ed59916b9d8905af7310c11d0ba5d4e877ea,APROBÓ,3.26,2.54,ind,3.325,ind,3.18,ind,4.7,grup,2.9,grup,3.1,grup,3.45,grup,5.0,grup,,,,,,,,,,,,,,,,,,,,,,,,,3.36,,2.0,0.3666666666666666,0.7333333333333333,6.0,16.593055555555555,24.509444444444444,36.31194444444444,11.0,25.0,16.593055555555555,12.141260162601624,82.0,3.28,8.0,14.0,7.916388888888889,9.895486111111111,48.0,3.4285714285714284,13.0,29.0,11.8025,9.442,75.0,2.586206896551724,15.456098579782788,50.0,126.0,102.78305555555556,399.0
202410,formato_antiguo,9c9e4a6290402a516d5a5f3d0e59e01d2159c8b6da027cb2b509192cfa305a78,SIN_NOTA,,3.37,ind,3.805,ind,1.8,ind,4.7,grup,,grup,4.699999999999999,grup,4.35,grup,0.0,grup,,,,,,,,,,,,,,,,,,,,,,,,,2.31,,0.0,0.0,0.0,0.0,12.688333333333333,19.211388888888887,21.956666666666663,4.0,12.0,12.688333333333333,17.704651162790697,43.0,3.583333333333333,4.0,8.0,6.523055555555556,20.599122807017544,19.0,2.375,3.0,4.0,2.745277777777778,11.76547619047619,14.0,3.5,16.910224089635854,21.0,41.0,33.53861111111111,119.0
202410,formato_antiguo,9cf76befc627f1e2bed90ff6f7f48450bf58e32b3594d586d0156c4acc11fc00,RETIRADO,0.88,1.69,ind,1.625,ind,0.0,ind,0.0,grup,0.0,grup,3.3000000000000003,grup,3.0,grup,0.0,grup,,,,,,,,,,,,,,,,,,,,,,,,,0.67,,0.0,0.0,0.0,0.0,0.0,0.0,0.0,0.0,0.0,0.0,0.0,0.0,0.0,0.0,0.0,0.0,0.0,0.0,0.0,0.0,0.0,0.0,0.0,0.0,0.0,0.0,0.0,0.0,0.0,0.0
202410,formato_antiguo,9d85c9bb48122f722b26ec3c34208d973be04bc1ba746ed47b3af017f4bc0738,APROBÓ,4.25,3.61,ind,4.125,ind,4.65,ind,4.1,grup,4.95,grup,2.6500000000000004,grup,4.9,grup,5.0,grup,,,,,,,,,,,,,,,,,,,,,,,,,4.35,,3.0,0.0267592592592592,0.0802777777777777,11.0,13.280277777777778,19.04138888888889,31.244722222222222,7.0,14.0,13.280277777777778,16.953546099290783,47.0,3.357142857142857,6.0,10.0,5.761111111111111,11.522222222222222,30.0,3.0,13.0,24.0,12.203333333333331,10.169444444444444,72.0,3.0,11.4778431372549,45.0,95.0,48.78083333333333,255.0
202410,formato_antiguo,9dd6d66316d5aa6a134d2878044c51ab2397722e39468a8022202c191e6e9d6a,RETIRADO,0.0,0.0,ind,0.0,ind,0.0,ind,0.0,grup,0.0,grup,0.0,grup,0.0,grup,0.0,grup,,,,,,,,,,,,,,,,,,,,,,,,,0.0,,0.0,0.0,0.0,0.0,0.0,0.0,0.0,0.0,0.0,0.0,0.0,0.0,0.0,0.0,0.0,0.0,0.0,0.0,0.0,0.0,0.0,0.0,0.0,0.0,0.0,0.0,0.0,0.0,0.0,0.0
202410,formato_antiguo,a5bb7209a1ce322d029623439fdca86c2be19f7a289385a485ffcc32f29bbdbe,APROBÓ,3.77,4.02,ind,3.525,ind,3.5,ind,4.1,grup,4.95,grup,4.9,grup,5.0,grup,4.5,grup,,,,,,,,,,,,,,,,,,,,,,,,,1.34,,0.0,0.0,0.0,0.0,0.0,0.0,0.0,0.0,0.0,0.0,0.0,0.0,0.0,0.0,0.0,0.0,0.0,0.0,0.0,0.0,0.0,0.0,0.0,0.0,0.0,0.0,0.0,0.0,0.0,0.0
202410,formato_antiguo,a7e8a96a43c372a28f05b6489e7af5bb013012b3aaa2e23db58c78e6ce04d835,SIN_NOTA,,2.04,ind,3.15,ind,3.25,ind,4.85,grup,,grup,4.699999999999999,grup,2.05,grup,2.225,grup,,,,,,,,,,,,,,,,,,,,,,,,,3.86,,0.0,0.0,0.0,0.0,0.1102777777777777,2.6863888888888887,6.389166666666666,2.0,5.0,0.1102777777777777,0.9452380952380952,7.0,1.4,2.0,2.0,2.576111111111111,51.52222222222222,3.0,1.5,4.0,8.0,3.702777777777778,17.08974358974359,13.0,1.625,13.950000000000005,20.0,42.0,19.53,84.0
202410,formato_antiguo,ab2af37d13188b5104e7fdfff3b44af2ac05708a060e0bcee1ef460cdd4bfef9,APROBÓ,4.42,3.59,ind,4.69,ind,4.44,ind,4.9,grup,5.0,grup,4.699999999999999,grup,5.0,grup,4.5,grup,,,,,,,,,,,,,,,,,,,,,,,,,3.89,,3.0,5.016111111111111,15.048333333333334,22.0,24.886944444444445,35.51444444444444,52.59861111111111,10.0,17.0,24.886944444444445,22.28681592039801,67.0,3.941176470588236,7.0,13.0,10.6275,23.616666666666667,27.0,2.076923076923077,11.0,22.0,17.08416666666667,17.67327586206897,58.0,2.636363636363636,19.85929592959296,45.0,109.0,100.28944444444444,303.0
202410,formato_antiguo,ae419de62dcd581df87bdd229b54be19ffaeba71f66133476cc15dda5cdefe75,RETIRADO,0.02,0.0,ind,0.0,ind,0.0,ind,0.0,grup,0.0,grup,1.4,grup,0.0,grup,0.0,grup,,,,,,,,,,,,,,,,,,,,,,,,,0.0,,0.0,0.0,0.0,0.0,0.0,0.0,0.0,0.0,0.0,0.0,0.0,0.0,0.0,0.0,0.0,0.0,0.0,0.0,0.0,0.0,0.0,0.0,0.0,0.0,0.0,0.0,0.0,0.0,0.0,0.0
202410,formato_antiguo,aeb5d37ac64cfe4d55389a40219d243439b0d984087c8d135c264e907fac5505,RETIRADO,0.71,1.22,ind,1.4,ind,0.0,ind,0.0,grup,0.0,grup,3.0,grup,1.5,grup,0.0,grup,,,,,,,,,,,,,,,,,,,,,,,,,0.73,,0.0,0.0,0.0,0.0,0.0,0.0,0.0,0.0,0.0,0.0,0.0,0.0,0.0,0.0,0.0,0.0,0.0,0.0,0.0,0.0,0.0,0.0,0.0,0.0,0.0,0.0,0.0,0.0,0.0,0.0
202410,formato_antiguo,afd3cfaf4169a7e9c5915c738a9e7d85f2023a10ddd70d546f650d9268d5ae40,SIN_NOTA,,2.36,ind,3.075,ind,2.39,ind,4.85,grup,,grup,4.699999999999999,grup,2.05,grup,4.75,grup,,,,,,,,,,,,,,,,,,,,,,,,,4.95,,0.0,0.0,0.0,0.0,5.3825,15.280277777777778,23.280277777777776,4.0,8.0,5.3825,16.1475,20.0,2.5,3.0,5.0,9.897777777777778,42.41904761904762,14.0,2.8,8.0,15.0,8.0,10.434782608695652,46.0,3.066666666666667,12.890128205128203,38.0,80.0,55.85722222222222,260.0
202410,formato_antiguo,b190ef87b92a576fac3cc5b650a23a8cc0271a32f3c9c1b28dd2d53f2a4911ad,RETIRADO,0.45,1.43,ind,0.1,ind,0.0,ind,0.0,grup,0.0,grup,5.0,grup,0.0,grup,0.0,grup,,,,,,,,,,,,,,,,,,,,,,,,,1.1,,0.0,0.0,0.0,0.0,0.0,0.0,0.0,0.0,0.0,0.0,0.0,0.0,0.0,0.0,0.0,0.0,0.0,0.0,0.0,0.0,0.0,0.0,0.0,0.0,0.0,0.0,0.0,0.0,0.0,0.0
202410,formato_antiguo,b52a44c1d04a18aa5a1c8df1fa4b5ce21ee997189baba34947ca493a53a0a028,RETIRADO,0.52,1.97,ind,0.0,ind,0.0,ind,0.0,grup,0.0,grup,3.2,grup,0.0,grup,0.0,grup,,,,,,,,,,,,,,,,,,,,,,,,,1.5,,0.0,0.0,0.0,0.0,0.0,0.0,0.0,0.0,0.0,0.0,0.0,0.0,0.0,0.0,0.0,0.0,0.0,0.0,0.0,0.0,0.0,0.0,0.0,0.0,0.0,0.0,0.0,0.0,0.0,0.0
202410,formato_antiguo,b5d2cfc9dfe191e5e9012fd09994e91e5196ec70e532943b19a83911741e378b,RETIRADO,1.02,1.32,ind,2.35,ind,0.0,ind,0.0,grup,0.0,grup,3.1,grup,4.5,grup,0.0,grup,,,,,,,,,,,,,,,,,,,,,,,,,0.76,,0.0,0.0,0.0,0.0,0.0,0.0,0.0,0.0,0.0,0.0,0.0,0.0,0.0,0.0,0.0,0.0,0.0,0.0,0.0,0.0,0.0,0.0,0.0,0.0,0.0,0.0,0.0,0.0,0.0,0.0
202410,formato_antiguo,b5e5283a33ad3769210a118b0e8950d7f7f38d14e5d64fb636e5dcbee6ca6785,APROBÓ,4.12,3.46,ind,3.37,ind,4.62,ind,4.7,grup,5.0,grup,4.0,grup,3.925,grup,4.5,grup,,,,,,,,,,,,,,,,,,,,,,,,,5.0,,0.0,0.0,0.0,0.0,26.7275,58.41333333333333,84.41333333333333,6.0,19.0,26.7275,19.3210843373494,83.0,4.368421052631579,7.0,12.0,31.68583333333333,29.24846153846154,65.0,5.416666666666667,14.0,27.0,26.0,17.142857142857142,91.0,3.3703703703703702,19.71395259938837,51.0,118.0,143.25472222222223,436.0
202410,formato_antiguo,b8fd89fbd7cedca104e14de83d18060ffc5493f0bfec1fd9fa4222090466d999,SIN_NOTA,,3.38,ind,4.01,ind,2.83,ind,4.85,grup,,grup,4.4,grup,4.75,grup,3.35,grup,,,,,,,,,,,,,,,,,,,,,,,,,2.54,,3.0,0.1517592592592592,0.4552777777777778,16.0,1.940277777777777,5.768055555555556,32.971944444444446,5.0,7.0,1.940277777777777,6.12719298245614,19.0,2.7142857142857144,4.0,6.0,3.827777777777778,22.96666666666667,10.0,1.6666666666666667,10.0,27.0,27.20388888888889,20.402916666666663,80.0,2.962962962962963,13.078403755868546,38.0,85.0,46.428333333333335,213.0
202410,formato_antiguo,b97635c11818b9b303bdd02a8f18a215215af9be24387de12185e47df5c79397,APROBÓ,4.32,4.27,ind,4.18,ind,3.66,ind,5.0,grup,5.0,grup,4.55,grup,4.9,grup,4.95,grup,,,,,,,,,,,,,,,,,,,,,,,,,5.27,,0.0,0.0,0.0,0.0,2.1908333333333334,5.634444444444444,15.212222222222222,5.0,7.0,2.1908333333333334,6.91842105263158,19.0,2.7142857142857144,7.0,9.0,3.443611111111111,13.774444444444445,15.0,1.6666666666666667,6.0,11.0,9.577777777777778,23.944444444444443,24.0,2.1818181818181817,13.387945492662476,35.0,69.0,35.47805555555556,159.0
202410,formato_antiguo,bab603dcd4e7d396b1a8c035ac1e436f9ff02e64a1c17cac2ee09ee26c75134a,REPROBÓ,1.46,1.95,ind,1.43,ind,0.63,ind,4.5,grup,0.0,grup,4.55,grup,0.0,grup,0.0,grup,,,,,,,,,,,,,,,,,,,,,,,,,0.54,,1.0,0.005,0.005,6.0,4.979444444444445,9.336666666666666,9.591111111111111,10.0,20.0,4.979444444444445,7.2869918699187,41.0,2.05,9.0,15.0,4.357222222222222,12.44920634920635,21.0,1.4,7.0,8.0,0.2544444444444444,1.5266666666666666,10.0,1.25,9.471966205837171,41.0,101.0,34.25694444444444,217.0
202410,formato_antiguo,bfb8f01330da7ff785c72e8ee2e01b862a5a2b477b8039e505767b6acddffa09,APROBÓ,3.29,2.32,ind,2.55,ind,4.08,ind,3.4,grup,4.75,grup,3.65,grup,3.2,grup,2.4,grup,,,,,,,,,,,,,,,,,,,,,,,,,3.92,,2.0,0.0,0.0,2.0,5.638333333333334,8.668888888888889,15.772222222222222,8.0,12.0,5.638333333333334,15.377272727272729,22.0,1.8333333333333333,6.0,8.0,3.0305555555555554,15.152777777777777,12.0,1.5,10.0,15.0,7.1033333333333335,11.215789473684213,38.0,2.533333333333333,14.014666666666669,42.0,81.0,35.03666666666667,150.0
202410,formato_antiguo,c1187b081910279f0fe363e767e32fd9b35f5ec80f9960b373700f51eb04adf2,APROBÓ,4.45,4.11,ind,3.685,ind,5.06,ind,4.8,grup,5.0,grup,4.699999999999999,grup,5.0,grup,4.75,grup,,,,,,,,,,,,,,,,,,,,,,,,,4.49,,3.0,5.71925925925926,17.157777777777778,32.0,71.80277777777778,95.22472222222224,134.74416666666667,9.0,21.0,71.80277777777778,30.12703962703963,143.0,6.809523809523809,7.0,16.0,23.42194444444445,18.99076576576577,74.0,4.625,12.0,28.0,39.519444444444446,21.95524691358025,108.0,3.857142857142857,22.13491761723701,56.0,151.0,291.07416666666666,789.0
202410,formato_antiguo,c20eac014fde70092e48bdb36374fe225c98e581145e3cd6aa34243c5a6fb88e,SIN_NOTA,,3.16,ind,2.56,ind,1.38,ind,2.85,grup,,grup,4.6000000000000005,grup,3.1499999999999995,grup,5.0,grup,,,,,,,,,,,,,,,,,,,,,,,,,5.0,,0.0,0.0,0.0,0.0,2.911666666666666,3.5297222222222224,5.441944444444445,6.0,11.0,2.911666666666666,7.94090909090909,22.0,2.0,4.0,5.0,0.6180555555555556,4.635416666666667,8.0,1.6,5.0,9.0,1.9122222222222225,7.648888888888889,15.0,1.6666666666666667,6.962376237623763,25.0,47.0,11.72,101.0
202410,formato_antiguo,c29f0a96fc203181fe4251f9928d86b6c810ef38a5308753f66907689a65e228,SIN_NOTA,,2.73,ind,1.405,ind,0.88,ind,3.75,grup,,grup,4.75,grup,2.1,grup,5.0,grup,,,,,,,,,,,,,,,,,,,,,,,,,2.77,,2.0,0.0055555555555555,0.0111111111111111,3.0,2.369166666666666,8.814722222222223,12.960833333333332,4.0,6.0,2.369166666666666,4.307575757575758,33.0,5.5,5.0,5.0,6.445555555555556,19.336666666666662,20.0,4.0,9.0,13.0,4.146111111111111,8.88452380952381,28.0,2.1538461538461537,11.4452802359882,19.0,39.0,21.55527777777778,113.0
202410,formato_antiguo,c6d3ef40da8c0ae4028fb3c0dfa4c8ad3feee9a20444ab10fba4d0bbed3f5bcc,APROBÓ,4.37,4.52,ind,3.58,ind,4.32,ind,5.0,grup,5.0,grup,4.6000000000000005,grup,5.0,grup,4.6000000000000005,grup,,,,,,,,,,,,,,,,,,,,,,,,,5.0,,0.0,0.0,0.0,0.0,14.611666666666666,17.26972222222222,26.35194444444444,10.0,19.0,14.611666666666666,11.847297297297295,74.0,3.8947368421052633,6.0,9.0,2.6580555555555554,8.393859649122806,19.0,2.111111111111111,12.0,25.0,9.082222222222224,8.64973544973545,63.0,2.52,8.115631163708088,41.0,100.0,45.71805555555556,338.0
202410,formato_antiguo,c7facbc9ef0999f5ea9a0b125081b0c58eecf5163c683dd9ad4e792337360993,SIN_NOTA,,3.69,ind,4.645,ind,5.02,ind,4.4,grup,,grup,4.3,grup,4.1,grup,3.25,grup,,,,,,,,,,,,,,,,,,,,,,,,,4.61,,2.0,3.190555555555556,6.381111111111111,11.0,9.707222222222224,22.71138888888889,58.625,7.0,13.0,9.707222222222224,17.64949494949495,33.0,2.5384615384615383,5.0,9.0,13.004166666666666,24.3828125,32.0,3.555555555555556,10.0,23.0,35.91361111111111,28.730888888888888,75.0,3.260869565217391,20.89749322493225,34.0,82.0,85.67972222222222,246.0
202410,formato_antiguo,c88156da4871d64b2e38c8b0032f7cc2f5f60d99d94f381f03f9b0db8d89adbb,SIN_NOTA,,2.68,ind,3.2150000000000003,ind,3.64,ind,4.9,grup,,grup,4.0,grup,4.45,grup,3.0,grup,,,,,,,,,,,,,,,,,,,,,,,,,4.62,,0.0,0.0,0.0,0.0,1.4172222222222222,2.709722222222222,9.908888888888889,8.0,15.0,1.4172222222222222,1.889629629629629,45.0,3.0,8.0,11.0,1.2925,3.23125,24.0,2.1818181818181817,12.0,21.0,7.199166666666667,6.966935483870968,62.0,2.952380952380953,9.195968534906587,52.0,122.0,51.95722222222222,339.0
202410,formato_antiguo,c8edcdad54c2ffe4b0b5a7695437445838c08e29aca05be2682d4d38d5c3ca43,APROBÓ,4.68,4.12,ind,4.885,ind,4.68,ind,4.8,grup,5.0,grup,4.699999999999999,grup,4.65,grup,5.0,grup,,,,,,,,,,,,,,,,,,,,,,,,,5.0,,0.0,0.0,0.0,0.0,30.635277777777777,46.91,98.98361111111112,9.0,20.0,30.635277777777777,20.199084249084247,91.0,4.55,7.0,11.0,16.274722222222223,27.89952380952381,35.0,3.1818181818181817,13.0,26.0,52.07361111111111,43.39467592592593,72.0,2.769230769230769,32.00623268698061,54.0,122.0,192.57083333333333,361.0
202410,formato_antiguo,cdf420226e4a449bc700683393ca35cb022661a1588dc1aae57feb3e3455be65,SIN_NOTA,,1.17,ind,0.8,ind,0.3,ind,3.65,grup,,grup,3.0,grup,4.65,grup,5.0,grup,,,,,,,,,,,,,,,,,,,,,,,,,0.13,,2.0,0.0297222222222222,0.0594444444444444,6.0,1.76,3.3794444444444443,4.138333333333333,4.0,8.0,1.76,5.866666666666666,18.0,2.25,6.0,9.0,1.6194444444444445,5.715686274509804,17.0,1.8888888888888888,4.0,5.0,0.7588888888888888,7.588888888888889,6.0,1.2,10.435854341736691,28.0,54.0,20.697777777777777,119.0
202410,formato_antiguo,cf6a2e343ff4f49f779f345322b19822ac2bf115a8d8f1449438e5da9b9fd27b,SIN_NOTA,,2.96,ind,1.35,ind,1.88,ind,3.85,grup,,grup,4.75,grup,2.1,grup,0.0,grup,,,,,,,,,,,,,,,,,,,,,,,,,2.79,,0.0,0.0,0.0,0.0,7.166944444444445,12.170555555555556,18.37472222222222,6.0,17.0,7.166944444444445,8.775850340136055,49.0,2.8823529411764706,10.0,16.0,5.003611111111111,6.254513888888888,48.0,3.0,12.0,19.0,6.204166666666667,8.863095238095237,42.0,2.210526315789474,8.948198198198199,39.0,81.0,27.59027777777778,185.0
202410,formato_antiguo,d002e64ecc94c21f76053858f49aeadb3e6e832d004f44189c506eedef34addd,RETIRADO,0.0,0.0,ind,0.0,ind,0.0,ind,0.0,grup,0.0,grup,0.0,grup,0.0,grup,0.0,grup,,,,,,,,,,,,,,,,,,,,,,,,,0.0,,0.0,0.0,0.0,0.0,0.0,0.0,0.0,0.0,0.0,0.0,0.0,0.0,0.0,0.0,0.0,0.0,0.0,0.0,0.0,0.0,0.0,0.0,0.0,0.0,0.0,0.0,0.0,0.0,0.0,0.0
202410,formato_antiguo,d019e05b5542cfc97dbe346856ccd4cd7d135a4ba47446673ef692bb24bd1b67,RETIRADO,0.62,1.62,ind,1.05,ind,0.0,ind,0.0,grup,0.0,grup,0.0,grup,0.0,grup,0.0,grup,,,,,,,,,,,,,,,,,,,,,,,,,0.74,,0.0,0.0,0.0,0.0,0.0,0.0,0.0,0.0,0.0,0.0,0.0,0.0,0.0,0.0,0.0,0.0,0.0,0.0,0.0,0.0,0.0,0.0,0.0,0.0,0.0,0.0,0.0,0.0,0.0,0.0
202410,formato_antiguo,d24009d5d3342e6e3a8ca2645dc2adef0660e6db198913301dad8d174d026b03,SIN_NOTA,,,ind,,ind,,ind,,grup,,grup,,grup,,grup,,grup,,,,,,,,,,,,,,,,,,,,,,,,,,,3.0,0.4266666666666667,1.28,19.0,22.891666666666666,26.647222222222226,38.745,8.0,18.0,22.891666666666666,17.837662337662337,77.0,4.277777777777778,8.0,14.0,3.755555555555556,8.047619047619047,28.0,2.0,12.0,25.0,12.097777777777775,9.426839826839826,77.0,3.08,14.111548913043478,45.0,111.0,86.55083333333333,368.0
202410,formato_antiguo,d5a12d1932fc10a08921fe7b2e7ec510159fbf12d305bdc504c2d56b814e7c7b,SIN_NOTA,,3.01,ind,2.74,ind,2.37,ind,4.6,grup,,grup,5.0,grup,5.0,grup,3.75,grup,,,,,,,,,,,,,,,,,,,,,,,,,2.1,,3.0,0.3213888888888889,0.9641666666666666,22.0,8.964444444444444,11.385555555555555,16.897222222222222,6.0,9.0,8.964444444444444,15.367619047619048,35.0,3.888888888888889,8.0,9.0,2.421111111111111,9.079166666666667,16.0,1.7777777777777777,12.0,20.0,5.511666666666667,8.2675,40.0,2.0,7.325132275132275,27.0,68.0,23.074166666666667,189.0
202410,formato_antiguo,d9693c5cc91a63f4174655b7aa95a593bb82d28ba57b8c8d3bb386288fae638e,APROBÓ,3.14,3.18,ind,1.875,ind,2.9,ind,4.0,grup,4.75,grup,4.6000000000000005,grup,3.6000000000000005,grup,2.9,grup,,,,,,,,,,,,,,,,,,,,,,,,,5.0,,0.0,0.0,0.0,0.0,9.357222222222225,10.194444444444445,11.393333333333334,7.0,13.0,9.357222222222225,10.02559523809524,56.0,4.307692307692308,3.0,4.0,0.8372222222222222,3.5880952380952382,14.0,3.5,7.0,9.0,1.198888888888889,2.6641975308641976,27.0,3.0,12.99561403508772,32.0,74.0,45.26805555555556,209.0
202410,formato_antiguo,dba2cec6913571b5bd21be3a3fe17bc213dc114d03c1877cce01c47aea282144,APROBÓ,3.6,4.02,ind,2.8000000000000003,ind,2.93,ind,4.9,grup,5.0,grup,2.95,grup,4.5,grup,4.85,grup,,,,,,,,,,,,,,,,,,,,,,,,,3.36,,3.0,3.597222222222222,10.791666666666666,21.0,35.12861111111111,59.10388888888889,114.89694444444444,9.0,20.0,35.12861111111111,30.54661835748792,69.0,3.45,10.0,18.0,23.975277777777777,27.14182389937107,53.0,2.9444444444444446,13.0,28.0,55.793055555555554,32.50080906148867,103.0,3.678571428571429,26.75765883376849,52.0,130.0,170.80305555555557,383.0
202410,formato_antiguo,dee1728bc9070e7f7a07384fc08c623106c47dbeefbe7b57d27229af7d1a309b,SIN_NOTA,,2.33,ind,2.665,ind,1.31,ind,4.6,grup,,grup,3.85,grup,3.75,grup,5.0,grup,,,,,,,,,,,,,,,,,,,,,,,,,2.41,,2.0,2.5116666666666667,5.023333333333333,18.0,7.756388888888889,8.357777777777779,12.891111111111112,9.0,18.0,7.756388888888889,11.080555555555556,42.0,2.333333333333333,7.0,10.0,0.6013888888888889,1.4433333333333331,25.0,2.5,9.0,12.0,4.533333333333333,10.074074074074074,27.0,2.25,9.004653130287647,33.0,78.0,29.565277777777776,197.0
202410,formato_antiguo,e0dadc5e03110bb5f5c0e2c8ebd16da07d3c89040875cf938f4d2a32b1ff79ef,APROBÓ,4.42,4.6,ind,4.109999999999999,ind,3.98,ind,4.9,grup,5.0,grup,5.0,grup,4.45,grup,5.0,grup,,,,,,,,,,,,,,,,,,,,,,,,,5.0,,0.0,0.0,0.0,0.0,13.943888888888887,34.18194444444444,55.40055555555556,7.0,19.0,13.943888888888887,7.967936507936508,105.0,5.526315789473684,9.0,13.0,20.238055555555555,15.567735042735045,78.0,6.0,11.0,19.0,21.218611111111112,18.18738095238096,70.0,3.684210526315789,13.63076923076923,42.0,101.0,94.50666666666666,416.0
202410,formato_antiguo,e19ae74289b1511f0a03c0f9527ca9c6613f53e813d63df2d5bb25c6be15c9c0,APROBÓ,3.06,1.84,ind,3.3750000000000004,ind,2.43,ind,4.85,grup,4.2,grup,4.15,grup,3.45,grup,4.15,grup,,,,,,,,,,,,,,,,,,,,,,,,,2.89,,3.0,2.422222222222222,7.266666666666667,34.0,18.15361111111111,35.408611111111114,80.5,11.0,26.0,18.15361111111111,9.812762762762762,111.0,4.269230769230769,11.0,21.0,17.255,12.18,85.0,4.047619047619048,17.0,40.0,45.091388888888886,18.530707762557075,146.0,3.65,10.501431492842537,70.0,213.0,142.64444444444445,815.0
202410,formato_antiguo,e2aad0150e4ab0fd7c50b39f38762e3321ca8a5f2b2da68b903ee56bd8d9da58,APROBÓ,3.68,3.09,ind,3.5,ind,3.66,ind,4.1,grup,4.8,grup,4.699999999999999,grup,4.15,grup,5.0,grup,,,,,,,,,,,,,,,,,,,,,,,,,3.09,,3.0,0.0559259259259259,0.1677777777777777,6.0,12.65611111111111,42.216388888888886,57.29694444444444,7.0,12.0,12.65611111111111,23.01111111111112,33.0,2.75,6.0,12.0,29.560277777777777,34.77679738562091,51.0,4.25,8.0,22.0,15.080555555555556,10.166666666666668,89.0,4.045454545454546,18.97974051896208,41.0,100.0,105.65388888888889,334.0
202410,formato_antiguo,e354037493d98cb231738098baf1427474353e2e43905db346838f8de203c6de,REPROBÓ,2.72,2.49,ind,1.93,ind,1.8,ind,4.7,grup,4.4,grup,3.75,grup,4.025,grup,4.25,grup,,,,,,,,,,,,,,,,,,,,,,,,,3.53,,3.0,0.6157407407407408,1.8472222222222223,25.0,5.4725,18.56305555555556,39.58583333333333,7.0,12.0,5.4725,5.661206896551724,58.0,4.833333333333333,6.0,10.0,13.090555555555556,20.13931623931624,39.0,3.9,9.0,22.0,21.022777777777776,12.366339869281044,102.0,4.636363636363637,11.981324786324787,50.0,107.0,77.87861111111111,390.0
202410,formato_antiguo,e3bd048374940aeda190a6a554c3e07da295e6c1f71980a4ba192c21869a3c50,RETIRADO,0.0,0.0,ind,0.0,ind,0.0,ind,0.0,grup,0.0,grup,0.0,grup,0.0,grup,0.0,grup,,,,,,,,,,,,,,,,,,,,,,,,,0.0,,0.0,0.0,0.0,0.0,0.0,0.0,0.0,0.0,0.0,0.0,0.0,0.0,0.0,0.0,0.0,0.0,0.0,0.0,0.0,0.0,0.0,0.0,0.0,0.0,0.0,0.0,0.0,0.0,0.0,0.0
202410,formato_antiguo,e5a7c3664ef8fddb65e8c596c9ada999b54e12cf71d21cccc363a9b7424b7b90,SIN_NOTA,,3.74,ind,3.115,ind,3.51,ind,4.6,grup,,grup,3.85,grup,4.15,grup,5.0,grup,,,,,,,,,,,,,,,,,,,,,,,,,3.51,,3.0,0.2944444444444444,0.8833333333333333,16.0,8.209722222222222,13.785,28.5825,8.0,13.0,8.209722222222222,10.946296296296296,45.0,3.4615384615384617,7.0,8.0,5.575277777777778,14.544202898550724,23.0,2.875,14.0,25.0,14.7975,12.867391304347825,69.0,2.76,10.517438867438868,47.0,99.0,45.40027777777778,259.0
202410,formato_antiguo,e5ac0308b9f399f7a72b8b69b6c04172f47cd01ca607c8c886fd6c8cb55e71cf,APROBÓ,3.77,3.05,ind,3.925,ind,2.95,ind,4.75,grup,5.0,grup,4.6000000000000005,grup,4.75,grup,4.25,grup,,,,,,,,,,,,,,,,,,,,,,,,,4.7,,0.0,0.0,0.0,0.0,11.812222222222225,14.055555555555555,34.97638888888889,7.0,12.0,11.812222222222225,10.903589743589745,65.0,5.416666666666667,6.0,7.0,2.243333333333333,6.73,20.0,2.857142857142857,12.0,21.0,20.92083333333333,15.496913580246911,81.0,3.857142857142857,13.882502596054,43.0,86.0,74.2713888888889,321.0
202410,formato_antiguo,e5e23482e19c5a25c1cb1d3a88fbae06245e92905d38830673a15ba9fc370351,APROBÓ,4.49,4.62,ind,4.405,ind,3.9,ind,5.0,grup,5.0,grup,4.6000000000000005,grup,5.0,grup,4.6000000000000005,grup,,,,,,,,,,,,,,,,,,,,,,,,,5.0,,0.0,0.0,0.0,0.0,19.942777777777778,27.811666666666667,59.67333333333333,10.0,22.0,19.942777777777778,13.913565891472867,86.0,3.909090909090909,8.0,13.0,7.868888888888889,11.24126984126984,42.0,3.230769230769231,13.0,25.0,31.861666666666668,21.00769230769231,91.0,3.64,16.755211267605635,44.0,102.0,99.135,355.0
202410,formato_antiguo,ed0e114ff3c54a65dd3f6d0070b4f216fb010b3a2b1932bbe3cb8ad108458c5b,SIN_NOTA,,2.82,ind,2.3,ind,3.25,ind,4.7,grup,,grup,3.8,grup,4.275,grup,4.475,grup,,,,,,,,,,,,,,,,,,,,,,,,,2.85,,3.0,0.8973148148148148,2.6919444444444443,40.0,16.734166666666667,30.18861111111111,39.89638888888889,11.0,21.0,16.734166666666667,9.383644859813083,107.0,5.095238095238095,10.0,15.0,13.454444444444444,11.87156862745098,68.0,4.533333333333333,17.0,35.0,9.707777777777778,5.44361370716511,107.0,3.057142857142857,9.66135752688172,56.0,138.0,79.86722222222222,496.0
202410,formato_antiguo,edfb5dd43eb9f8d367032f7ba963014c59ba9a01c68ea7974bbd4c8309a3672a,SIN_NOTA,,3.19,ind,2.325,ind,2.13,ind,4.85,grup,,grup,1.4,grup,3.0,grup,4.699999999999999,grup,,,,,,,,,,,,,,,,,,,,,,,,,4.83,,0.0,0.0,0.0,0.0,13.504722222222222,22.4175,30.24861111111111,6.0,12.0,13.504722222222222,21.899549549549548,37.0,3.083333333333333,6.0,6.0,8.912777777777778,21.390666666666664,25.0,4.166666666666667,11.0,18.0,7.831111111111111,9.213071895424838,51.0,2.833333333333333,13.19530516431925,36.0,74.0,62.45777777777778,284.0
202410,formato_antiguo,ee094447d0ce49886a643bfe996b8dc9a444530a882461ca91f653274dca46cf,SIN_NOTA,,3.07,ind,3.925,ind,2.16,ind,4.85,grup,,grup,4.25,grup,5.0,grup,4.5,grup,,,,,,,,,,,,,,,,,,,,,,,,,4.06,,2.0,0.0,0.0,7.0,2.061111111111111,2.613888888888889,7.396111111111111,6.0,11.0,2.061111111111111,5.376811594202898,23.0,2.090909090909091,5.0,9.0,0.5527777777777778,2.072916666666667,16.0,1.7777777777777777,8.0,17.0,4.782222222222222,4.554497354497355,63.0,3.7058823529411766,8.19531490015361,41.0,88.0,29.639722222222225,217.0
202410,formato_antiguo,ee2c96829cea9dfbb7146b9fd398275a1f8228ab5388f3e2ea072a82626df89f,RETIRADO,0.88,1.29,ind,1.65,ind,0.0,ind,0.0,grup,0.0,grup,4.8,grup,4.25,grup,0.0,grup,,,,,,,,,,,,,,,,,,,,,,,,,1.14,,0.0,0.0,0.0,0.0,0.0,0.0,0.0,0.0,0.0,0.0,0.0,0.0,0.0,0.0,0.0,0.0,0.0,0.0,0.0,0.0,0.0,0.0,0.0,0.0,0.0,0.0,0.0,0.0,0.0,0.0
202410,formato_antiguo,efd8b63ecd084635dfb82a94816b06b59ad9db2f30ed381d59f4287fc7caf6dd,SIN_NOTA,,3.08,ind,3.54,ind,1.6,ind,4.45,grup,,grup,4.35,grup,3.95,grup,4.0,grup,,,,,,,,,,,,,,,,,,,,,,,,,2.83,,0.0,0.0,0.0,0.0,4.230277777777777,6.824722222222222,11.868055555555555,4.0,7.0,4.230277777777777,14.930392156862744,17.0,2.4285714285714284,5.0,7.0,2.594444444444445,8.648148148148149,18.0,2.571428571428572,6.0,12.0,5.043333333333333,15.926315789473682,19.0,1.5833333333333333,11.647094801223242,20.0,45.0,21.15888888888889,109.0
202410,formato_antiguo,f2250ffb2937072538a088042e3f6a399008a46de68175e61a7fe0df687f014f,APROBÓ,3.91,3.96,ind,3.185,ind,3.4,ind,4.9,grup,5.0,grup,4.699999999999999,grup,4.0,grup,5.0,grup,,,,,,,,,,,,,,,,,,,,,,,,,5.0,,0.0,0.0,0.0,0.0,10.513333333333334,16.71638888888889,33.82527777777778,6.0,14.0,10.513333333333334,18.55294117647059,34.0,2.4285714285714284,5.0,9.0,6.203055555555555,12.40611111111111,30.0,3.333333333333333,8.0,12.0,17.108888888888888,16.039583333333333,64.0,5.333333333333333,11.262365591397849,32.0,72.0,46.55111111111111,248.0
202410,formato_antiguo,f36bb8c1586d6c51e79bb698433062b9ca0888e701da33d8138a2fc1e34192d1,APROBÓ,3.36,2.31,ind,3.1700000000000004,ind,2.65,ind,4.9,grup,4.85,grup,4.699999999999999,grup,4.65,grup,5.0,grup,,,,,,,,,,,,,,,,,,,,,,,,,4.6,,0.0,0.0,0.0,0.0,0.0,0.0,0.0,0.0,0.0,0.0,0.0,0.0,0.0,0.0,0.0,0.0,0.0,0.0,0.0,0.0,0.0,0.0,0.0,0.0,0.0,0.0,0.0,0.0,0.0,0.0
202410,formato_antiguo,f37027a97baccf6e3653ca9e6e9d501744c7fb116af9e50e37c6ca4913c4bd64,RETIRADO,0.15,0.14,ind,0.0,ind,0.0,ind,0.0,grup,0.0,grup,4.25,grup,3.1,grup,0.0,grup,,,,,,,,,,,,,,,,,,,,,,,,,0.0,,0.0,0.0,0.0,0.0,0.0,0.0,0.0,0.0,0.0,0.0,0.0,0.0,0.0,0.0,0.0,0.0,0.0,0.0,0.0,0.0,0.0,0.0,0.0,0.0,0.0,0.0,0.0,0.0,0.0,0.0
202410,formato_antiguo,f3b94f4ce0e6b4bd4b811668f151b96c977be096f621b4a4d0a369a187c16760,REPROBÓ,2.89,1.53,ind,2.775,ind,2.55,ind,4.0,grup,4.75,grup,2.05,grup,3.85,grup,3.9,grup,,,,,,,,,,,,,,,,,,,,,,,,,4.37,,0.0,0.0,0.0,0.0,17.298333333333332,18.20861111111111,39.50027777777778,8.0,14.0,17.298333333333332,14.025675675675672,74.0,5.285714285714286,8.0,9.0,0.9102777777777776,2.3746376811594203,23.0,2.555555555555556,11.0,21.0,21.291666666666668,9.605263157894736,133.0,6.333333333333333,9.729239130434784,55.0,110.0,74.59083333333334,460.0
202410,formato_antiguo,f6b6ef2cfbac19f30a2c8600a8056887ef7ecd7c17b59a50cdd63b5811089854,REPROBÓ,1.43,3.5,ind,0.0,ind,0.0,ind,4.0,grup,1.45,grup,0.0,grup,4.1,grup,0.0,grup,,,,,,,,,,,,,,,,,,,,,,,,,2.39,,0.0,0.0,0.0,0.0,12.159444444444444,15.141944444444444,21.91777777777778,6.0,18.0,12.159444444444444,6.755246913580248,108.0,6.0,4.0,6.0,2.9825,19.883333333333333,9.0,1.5,5.0,5.0,6.775833333333333,50.81875,8.0,1.6,15.1296875,28.0,66.0,56.48416666666667,224.0
202410,formato_antiguo,f8294b8266d70d3c8aa972330f18b0589b4d5783ac0d5eef590fce0d038fe6a3,APROBÓ,3.3,3.33,ind,2.875,ind,3.63,ind,4.55,grup,3.5,grup,4.050000000000001,grup,4.3,grup,0.0,grup,,,,,,,,,,,,,,,,,,,,,,,,,1.3,,2.0,0.6240277777777778,1.2480555555555557,9.0,18.964166666666667,38.05416666666667,49.13111111111111,9.0,18.0,18.964166666666667,14.97171052631579,76.0,4.222222222222222,8.0,13.0,19.09,23.8625,48.0,3.692307692307693,8.0,18.0,11.076944444444443,15.82420634920635,42.0,2.333333333333333,13.541324921135647,43.0,95.0,71.54333333333334,317.0
202410,formato_antiguo,f885efbf201c3204556023f569ab1c24cba558a2ddd47aa33f5351e8fc79d37f,REPROBÓ,2.71,2.28,ind,1.925,ind,1.15,ind,4.75,grup,5.0,grup,5.0,grup,4.9,grup,4.95,grup,,,,,,,,,,,,,,,,,,,,,,,,,5.26,,0.0,0.0,0.0,0.0,5.706388888888889,47.31333333333333,117.25472222222224,7.0,10.0,5.706388888888889,18.020175438596493,19.0,1.9,5.0,6.0,41.60694444444445,99.85666666666664,25.0,4.166666666666667,8.0,9.0,69.9413888888889,53.12004219409283,79.0,8.777777777777779,44.71852913085005,39.0,79.0,260.1127777777777,349.0
202410,formato_antiguo,f9100daa8262d67ad12c762bb10365ff24b2aa9b6d49094fda171c8469ade7bf,RETIRADO,0.81,1.19,ind,1.83,ind,0.0,ind,0.0,grup,0.0,grup,0.75,grup,4.4,grup,0.0,grup,,,,,,,,,,,,,,,,,,,,,,,,,0.58,,0.0,0.0,0.0,0.0,0.0,0.0,0.0,0.0,0.0,0.0,0.0,0.0,0.0,0.0,0.0,0.0,0.0,0.0,0.0,0.0,0.0,0.0,0.0,0.0,0.0,0.0,0.0,0.0,0.0,0.0
202410,formato_antiguo,f94257b50aabdf81315f9076a07cd06c7e851de3af27bfffd262201de495580c,SIN_NOTA,,2.94,ind,3.39,ind,2.04,ind,4.45,grup,,grup,4.1,grup,4.4,grup,3.0,grup,,,,,,,,,,,,,,,,,,,,,,,,,4.5,,0.0,0.0,0.0,0.0,3.796111111111111,15.961388888888887,21.794166666666666,7.0,10.0,3.796111111111111,7.592222222222222,30.0,3.0,9.0,11.0,12.165277777777778,22.11868686868687,33.0,3.0,14.0,22.0,5.832777777777777,7.142176870748298,49.0,2.227272727272727,9.33826860841424,42.0,78.0,32.06138888888889,206.0
202410,formato_antiguo,fc61e1924733c2531a038ce985be1b56e26870779c21389e3921dcf81d40ad15,SIN_NOTA,,2.62,ind,1.63,ind,1.68,ind,4.5,grup,,grup,3.7,grup,0.0,grup,5.0,grup,,,,,,,,,,,,,,,,,,,,,,,,,0.91,,0.0,0.0,0.0,0.0,19.74194444444445,22.24,27.806111111111115,7.0,17.0,19.74194444444445,19.41830601092896,61.0,3.588235294117647,7.0,10.0,2.498055555555556,4.408333333333334,34.0,3.4,12.0,24.0,5.566111111111111,5.566111111111111,60.0,2.5,8.153216374269006,40.0,90.0,38.727777777777774,285.0
202410,formato_antiguo,fdad5c94c8de578e0cc4e8b1b2fef01d8726fcb485bf2aafaf44082c1d8564a9,RETIRADO,0.56,1.71,ind,0.0,ind,0.0,ind,0.0,grup,0.0,grup,4.55,grup,4.3,grup,0.0,grup,,,,,,,,,,,,,,,,,,,,,,,,,1.33,,0.0,0.0,0.0,0.0,0.0,0.0,0.0,0.0,0.0,0.0,0.0,0.0,0.0,0.0,0.0,0.0,0.0,0.0,0.0,0.0,0.0,0.0,0.0,0.0,0.0,0.0,0.0,0.0,0.0,0.0
202410,formato_antiguo,ff5aaca558679b95c95317be03581944385e5fb0551254d53a6197f731c09b37,APROBÓ,3.08,3.03,ind,2.44,ind,2.38,ind,5.0,grup,4.4,grup,4.25,grup,3.1,grup,2.9,grup,,,,,,,,,,,,,,,,,,,,,,,,,3.1,,0.0,0.0,0.0,0.0,23.971944444444443,28.86472222222222,55.70777777777778,8.0,20.0,23.971944444444443,16.344507575757575,88.0,4.4,7.0,15.0,4.892777777777778,5.64551282051282,52.0,3.466666666666667,11.0,23.0,26.843055555555555,11.84252450980392,136.0,5.913043478260869,12.17025577557756,44.0,97.0,81.94638888888889,404.0
202420,formato_nuevo,00b3a84bea6a2e92337a5355fe21f474df3f5b369cdc51f84d64512ac59055d3,APROBÓ,3.28,3.45,ind,2.13,ind,3.4,ind,,,,,,,,,,,3.3,grup,3.74,grup,4.7,grup,3.4,grup,5.2,grup,3.5,grup,3.0,ind,2.0,ind,5.0,ind,5.0,ind,4.0,ind,3.0,ind,3.97,4.11,3.0,2.9197222222222217,8.759166666666667,63.0,4.171944444444445,5.645555555555556,7.74888888888889,4.0,5.0,4.171944444444445,16.68777777777778,15.0,3.0,6.0,9.0,1.4736111111111112,5.894444444444445,15.0,1.6666666666666667,6.0,7.0,2.103333333333333,8.413333333333334,15.0,2.142857142857143,8.541198501872659,33.0,68.0,25.33888888888889,178.0
202420,formato_nuevo,015690d84570095c982cb7f9354e8c0bec98c922d41238a8a80dbffab61107e0,RETIRADO,0.69,2.25,ind,0.0,ind,0.0,ind,,,,,,,,,,,2.7,grup,0.0,grup,4.3,grup,0.6,grup,0.0,grup,0.0,grup,0.0,ind,0.0,ind,2.0,ind,0.0,ind,0.0,ind,0.0,ind,1.27,0.33,0.0,0.0,0.0,0.0,0.0,0.0,0.0,0.0,0.0,0.0,0.0,0.0,0.0,0.0,0.0,0.0,0.0,0.0,0.0,0.0,0.0,0.0,0.0,0.0,0.0,0.0,0.0,0.0,0.0,0.0
202420,formato_nuevo,05202431d0ad0099fe5625dbbbfc868997a63fa09be15fc68ef6a1d783ae48e0,APROBÓ,3.5,2.18,ind,4.28,ind,3.6,ind,,,,,,,,,,,3.11,grup,3.0,grup,1.7400000000000002,grup,4.3,grup,4.4,grup,5.25,grup,3.0,ind,4.0,ind,5.0,ind,5.0,ind,0.0,ind,2.0,ind,3.63,3.69,3.0,2.3157407407407407,6.947222222222222,41.0,5.241666666666666,22.07888888888889,28.422500000000003,7.0,12.0,5.241666666666666,9.530303030303031,33.0,2.75,8.0,19.0,16.837222222222223,14.856372549019609,68.0,3.5789473684210527,10.0,12.0,6.343611111111112,17.300757575757576,22.0,1.8333333333333333,13.3102523659306,54.0,116.0,70.3225,317.0
202420,formato_nuevo,0b606c5a4b69482d7e07cc955a2947e7152e3c6f4e54a43854ea9387d78a9b62,APROBÓ,4.35,4.3,ind,4.28,ind,3.8,ind,,,,,,,,,,,4.73,grup,4.94,grup,4.89,grup,5.0,grup,4.9,grup,3.7,grup,5.0,ind,5.0,ind,3.0,ind,5.0,ind,4.0,ind,0.0,ind,5.15,4.67,1.0,13.997777777777776,13.997777777777776,9.0,11.674722222222222,16.33416666666667,32.10388888888889,7.0,11.0,11.674722222222222,23.349444444444444,30.0,2.727272727272727,7.0,12.0,4.6594444444444445,19.96904761904762,14.0,1.1666666666666667,5.0,6.0,15.769722222222224,72.78333333333333,13.0,2.1666666666666665,24.150610820244328,34.0,82.0,76.87944444444445,191.0
202420,formato_nuevo,0c44051e4973590cb62269004e57627b4454af8f29d51c0b533a3100af0242a2,APROBÓ,3.01,2.8,ind,3.08,ind,2.22,ind,,,,,,,,,,,3.49,grup,4.4,grup,3.86,grup,5.6,grup,4.6,grup,3.6,grup,0.0,ind,0.0,ind,4.0,ind,5.0,ind,4.0,ind,2.0,ind,4.26,3.25,3.0,7.216666666666666,21.65,28.0,35.700833333333335,94.18,124.17861111111112,8.0,14.0,35.700833333333335,25.50059523809524,84.0,6.0,10.0,21.0,58.47916666666666,28.526422764227643,123.0,5.857142857142857,10.0,14.0,29.99861111111111,27.271464646464644,66.0,4.714285714285714,29.30194508009153,47.0,104.0,213.41583333333327,437.0
202420,formato_nuevo,0dae3c0ed7b09cd8bdeb103c4563235756474d3b2dfabf5275f7648482802435,APROBÓ,3.53,4.23,ind,4.25,ind,2.96,ind,,,,,,,,,,,4.64,grup,3.88,grup,3.94,grup,4.65,grup,0.0,grup,1.85,grup,0.0,ind,0.0,ind,3.0,ind,2.0,ind,1.0,ind,4.0,ind,3.68,2.19,1.0,2.2883333333333336,2.2883333333333336,9.0,0.0027777777777777,6.215277777777779,6.283333333333334,1.0,1.0,0.0027777777777777,0.1666666666666666,1.0,1.0,3.0,6.0,6.2125,31.0625,12.0,2.0,1.0,1.0,0.0680555555555555,4.083333333333333,1.0,1.0,21.601075268817205,19.0,35.0,33.48166666666667,93.0
202420,formato_nuevo,0dea482679aaf180a5df071bbd41e3f5d5e5428e9b4b47cb7e3fcebb9f9fa2c8,REPROBÓ,2.81,2.28,ind,4.5,ind,2.28,ind,,,,,,,,,,,3.3,grup,3.7,grup,3.48,grup,5.2,grup,3.7,grup,3.1,grup,0.0,ind,0.0,ind,3.0,ind,1.0,ind,0.0,ind,0.0,ind,3.75,0.67,3.0,4.883055555555555,14.649166666666666,41.0,1.4322222222222225,16.169722222222223,16.984444444444446,4.0,8.0,1.4322222222222225,7.161111111111111,12.0,1.5,4.0,12.0,14.7375,26.00735294117647,34.0,2.833333333333333,4.0,7.0,0.8147222222222222,3.76025641025641,13.0,1.8571428571428568,20.469824561403502,34.0,77.0,64.82111111111111,190.0
202420,formato_nuevo,0dfce210b3af929d743f3a64726f037e5670bba0394f86a9d4cfa0763c75a3ee,RETIRADO,0.74,1.5,ind,0.0,ind,0.0,ind,,,,,,,,,,,1.6,grup,4.25,grup,3.13,grup,0.5,grup,0.0,grup,0.0,grup,5.0,ind,3.0,ind,0.0,ind,0.0,ind,0.0,ind,0.0,ind,1.58,1.33,0.0,0.0,0.0,0.0,0.0,0.0,0.0,0.0,0.0,0.0,0.0,0.0,0.0,0.0,0.0,0.0,0.0,0.0,0.0,0.0,0.0,0.0,0.0,0.0,0.0,0.0,0.0,0.0,0.0,0.0
202420,formato_nuevo,1172d90bfad3bc1f91594c78ef03ace2ea51047e3ce02702fb45303a35ded784,APROBÓ,4.01,3.73,ind,4.63,ind,3.38,ind,,,,,,,,,,,4.73,grup,4.75,grup,4.61,grup,4.86,grup,3.0,grup,2.9,grup,5.0,ind,5.0,ind,0.0,ind,5.0,ind,3.0,ind,4.0,ind,4.29,4.12,1.0,1.045,1.045,3.0,1.0252777777777775,1.835555555555556,2.008888888888889,5.0,10.0,1.0252777777777775,4.101111111111111,15.0,1.5,3.0,5.0,0.8102777777777778,2.8598039215686275,17.0,3.4,2.0,2.0,0.1733333333333333,2.6,4.0,2.0,13.716966966966968,25.0,57.0,25.37638888888889,111.0
202420,formato_nuevo,1305ce0caa9a2b6b3b1d213c55783bc4a6b7973b8b47fcefd264246caa47586f,RETIRADO,1.05,2.48,ind,0.0,ind,0.0,ind,,,,,,,,,,,3.33,grup,4.15,grup,5.0,grup,1.125,grup,0.0,grup,0.0,grup,3.0,ind,2.5,ind,0.0,ind,3.0,ind,0.0,ind,0.0,ind,2.27,1.42,0.0,0.0,0.0,0.0,0.0,0.0,0.0,0.0,0.0,0.0,0.0,0.0,0.0,0.0,0.0,0.0,0.0,0.0,0.0,0.0,0.0,0.0,0.0,0.0,0.0,0.0,0.0,0.0,0.0,0.0
202420,formato_nuevo,13080bf73f4f8c46c7a44257c4b8969423fefb6dcf804d9d5f31dc7eab977c6e,REPROBÓ,2.79,3.28,ind,2.3,ind,1.88,ind,,,,,,,,,,,3.49,grup,3.0,grup,3.7,grup,3.4,grup,3.22,grup,3.45,grup,3.0,ind,5.0,ind,5.0,ind,3.0,ind,3.0,ind,1.5,ind,3.38,3.87,3.0,7.510277777777778,22.530833333333334,88.0,8.926388888888889,31.54611111111111,46.52194444444444,8.0,15.0,8.926388888888889,19.1279761904762,28.0,1.8666666666666667,8.0,16.0,22.619722222222222,14.438120567375886,94.0,5.875,6.0,9.0,14.975833333333334,14.262698412698414,63.0,7.0,12.67007672634271,42.0,99.0,82.56666666666666,391.0
202420,formato_nuevo,15bb3ccbf7341b93a0d960bb592518b137e4d2106e61f664a2f9e1625190efd8,RETIRADO,0.79,1.5,ind,1.0,ind,0.0,ind,,,,,,,,,,,2.09,grup,2.69,grup,5.0,grup,0.0,grup,0.0,grup,0.0,grup,0.0,ind,0.0,ind,0.0,ind,0.0,ind,0.0,ind,0.0,ind,1.63,0.0,0.0,0.0,0.0,0.0,0.0,0.0,0.0,0.0,0.0,0.0,0.0,0.0,0.0,0.0,0.0,0.0,0.0,0.0,0.0,0.0,0.0,0.0,0.0,0.0,0.0,0.0,0.0,0.0,0.0,0.0
202420,formato_nuevo,15dbd58aeb338372f608844fa985348e95e7873ab637e35f84f68fc4a78c026b,RETIRADO,0.6,2.63,ind,0.0,ind,0.0,ind,,,,,,,,,,,0.0,grup,0.0,grup,0.0,grup,0.0,grup,0.0,grup,0.0,grup,3.0,ind,0.0,ind,0.0,ind,0.0,ind,0.0,ind,0.0,ind,0.0,0.5,0.0,0.0,0.0,0.0,0.0,0.0,0.0,0.0,0.0,0.0,0.0,0.0,0.0,0.0,0.0,0.0,0.0,0.0,0.0,0.0,0.0,0.0,0.0,0.0,0.0,0.0,0.0,0.0,0.0,0.0
202420,formato_nuevo,165909c716b40bf5d29e695e6c83599383728a0bd3de420f5d85570152d0cc21,RETIRADO,0.62,1.43,ind,0.0,ind,0.0,ind,,,,,,,,,,,1.5,grup,0.0,grup,2.95,grup,1.0699999999999998,grup,0.0,grup,0.0,grup,3.0,ind,3.0,ind,0.0,ind,2.0,ind,0.0,ind,0.0,ind,0.92,1.33,0.0,0.0,0.0,0.0,0.0,0.0,0.0,0.0,0.0,0.0,0.0,0.0,0.0,0.0,0.0,0.0,0.0,0.0,0.0,0.0,0.0,0.0,0.0,0.0,0.0,0.0,0.0,0.0,0.0,0.0
202420,formato_nuevo,1a3b6732820b92e9af12ceb5a6a6ebaf92c725bf0c63e14bb224f7737a2f8672,APROBÓ,4.62,4.58,ind,4.75,ind,4.4,ind,,,,,,,,,,,3.49,grup,4.4,grup,3.86,grup,5.6,grup,4.6,grup,3.6,grup,5.0,ind,4.0,ind,5.0,ind,5.0,ind,2.5,ind,5.0,ind,4.26,5.17,3.0,6.246666666666667,18.74,81.0,37.61472222222222,75.84972222222223,112.59583333333332,8.0,15.0,37.61472222222222,21.29135220125786,106.0,7.066666666666666,13.0,27.0,38.235,19.44152542372881,118.0,4.37037037037037,9.0,12.0,36.74611111111111,34.44947916666667,64.0,5.333333333333333,19.96891486810552,58.0,133.0,185.04527777777776,556.0
202420,formato_nuevo,1b34dbeade3204f4e285fa5d875476a1dc25842f6fb7229f3d5ed8b90357ca5e,APROBÓ,3.77,3.48,ind,3.75,ind,3.49,ind,,,,,,,,,,,3.55,grup,4.25,grup,4.35,grup,3.25,grup,5.5,grup,2.71,grup,5.0,ind,3.0,ind,5.0,ind,5.0,ind,4.0,ind,5.0,ind,3.94,4.5,3.0,6.113333333333333,18.34,42.0,26.734166666666667,67.85611111111112,77.94305555555556,8.0,14.0,26.734166666666667,37.30348837209302,43.0,3.071428571428572,10.0,18.0,41.121944444444445,44.86030303030303,55.0,3.055555555555556,9.0,14.0,10.086944444444445,18.33989898989899,33.0,2.357142857142857,30.67450532724505,33.0,80.0,111.96194444444444,219.0
202420,formato_nuevo,1bc26919c999aca1ea59f19ac79e9c2d54d64f321e3d0ba546bdc0ac9904f05e,REPROBÓ,2.95,3.05,ind,2.73,ind,2.25,ind,,,,,,,,,,,5.0,grup,4.13,grup,3.0,grup,3.31,grup,4.1,grup,3.5,grup,0.0,ind,1.0,ind,3.0,ind,5.0,ind,2.0,ind,5.0,ind,4.2,3.12,1.0,9.820277777777775,9.820277777777775,33.0,7.716388888888889,16.6325,27.949444444444445,7.0,13.0,7.716388888888889,9.448639455782311,49.0,3.769230769230769,9.0,14.0,8.91611111111111,12.737301587301586,42.0,3.0,10.0,13.0,11.316944444444443,18.3518018018018,37.0,2.8461538461538463,16.895301783264745,54.0,112.0,136.85194444444446,486.0
202420,formato_nuevo,1c8be1af2bb6766419d517288c1c0d673738f6fac931465b9cc8edc059aa3428,REPROBÓ,2.4,2.55,ind,1.33,ind,2.25,ind,,,,,,,,,,,4.55,grup,4.15,grup,3.5,grup,1.2,grup,4.3,grup,5.0,grup,5.0,ind,3.0,ind,0.0,ind,4.0,ind,2.0,ind,3.0,ind,3.78,2.83,3.0,2.012592592592593,6.0377777777777775,38.0,3.683611111111111,6.123055555555555,9.963055555555556,7.0,14.0,3.683611111111111,4.1701257861635215,53.0,3.7857142857142856,7.0,13.0,2.4394444444444443,5.047126436781609,29.0,2.230769230769231,10.0,15.0,3.84,7.944827586206895,29.0,1.933333333333333,8.67069182389937,38.0,92.0,38.29555555555555,265.0
202420,formato_nuevo,1f4f7fac3f7065488eeb5dec64fc279e411c2e85309eb2e5b0d60c4af917259e,APROBÓ,3.6,2.2,ind,3.63,ind,4.41,ind,,,,,,,,,,,5.0,grup,3.16,grup,2.84,grup,3.64,grup,4.7,grup,4.11,grup,3.0,ind,2.0,ind,3.0,ind,5.0,ind,2.0,ind,5.0,ind,3.91,3.78,3.0,3.789351851851852,11.368055555555555,37.0,0.5616666666666666,9.702222222222224,21.406944444444445,5.0,10.0,0.5616666666666666,1.5318181818181815,22.0,2.2,5.0,9.0,9.140555555555556,22.85138888888889,24.0,2.6666666666666665,3.0,9.0,11.70472222222222,33.44206349206349,21.0,2.333333333333333,19.568213058419243,35.0,75.0,63.27055555555555,194.0
202420,formato_nuevo,1fe69caead821f679a0ce2aba2280023510bb6fdcccdf4d8d198c22a652dc8bf,APROBÓ,3.7,3.8,ind,4.53,ind,2.75,ind,,,,,,,,,,,4.73,grup,4.5,grup,4.44,grup,5.0,grup,0.0,grup,2.5,grup,3.0,ind,2.0,ind,5.0,ind,5.0,ind,0.0,ind,3.5,ind,3.93,3.52,1.0,2.583333333333333,2.583333333333333,11.0,7.901666666666666,8.083333333333334,14.774166666666666,2.0,3.0,7.901666666666666,79.01666666666667,6.0,2.0,3.0,3.0,0.1816666666666666,0.7266666666666667,15.0,5.0,5.0,9.0,6.690833333333333,12.165151515151514,33.0,3.6666666666666665,13.522872340425533,17.0,36.0,21.18583333333333,94.0
202420,formato_nuevo,2050ba4c85ba93c5077b66a990419bcea7d06a33c464e993222627e6cc8e5a26,APROBÓ,3.86,4.63,ind,4.23,ind,2.56,ind,,,,,,,,,,,4.55,grup,4.56,grup,3.78,grup,4.86,grup,1.9,grup,3.1,grup,5.0,ind,5.0,ind,5.0,ind,5.0,ind,4.0,ind,2.0,ind,3.88,4.33,1.0,3.936944444444445,3.936944444444445,13.0,5.172222222222223,10.773333333333332,10.917222222222222,7.0,10.0,5.172222222222223,5.642424242424244,55.0,5.5,8.0,12.0,5.601111111111111,9.082882882882885,37.0,3.083333333333333,7.0,7.0,0.1438888888888889,0.5395833333333334,16.0,2.2857142857142856,10.570295698924731,36.0,73.0,43.69055555555556,248.0
202420,formato_nuevo,223e956bb18f83fff91cf2b880e27b8143cafeff064d4c7e9a34667d4fb0c58d,APROBÓ,3.26,2.58,ind,3.08,ind,3.59,ind,,,,,,,,,,,4.45,grup,3.63,grup,4.56,grup,5.0,grup,0.0,grup,2.5,grup,0.0,ind,4.0,ind,5.0,ind,4.0,ind,0.0,ind,3.0,ind,4.06,3.11,1.0,3.813888888888889,3.813888888888889,8.0,2.825,15.3675,25.56388888888889,5.0,7.0,2.825,11.3,15.0,2.142857142857143,5.0,9.0,12.5425,24.275806451612905,31.0,3.4444444444444446,4.0,5.0,10.196388888888889,18.538888888888888,33.0,6.6,15.515007898894154,39.0,75.0,54.56111111111111,211.0
202420,formato_nuevo,235a3cb7b3eddc5bdfb71eb62f4f673f968e6b0a64d23109dfc95e3c709fd195,APROBÓ,3.42,3.0,ind,4.75,ind,2.01,ind,,,,,,,,,,,3.77,grup,4.5,grup,3.44,grup,4.3,grup,3.7,grup,3.25,grup,0.0,ind,3.0,ind,2.0,ind,5.0,ind,4.0,ind,5.0,ind,3.83,3.69,3.0,1.7473148148148148,5.241944444444444,6.0,2.862222222222222,10.657222222222222,11.431111111111113,4.0,5.0,2.862222222222222,28.62222222222222,6.0,1.2,4.0,13.0,7.795,14.615625,32.0,2.4615384615384617,3.0,3.0,0.7738888888888888,15.477777777777776,3.0,1.0,25.36141975308642,19.0,34.0,22.82527777777777,54.0
202420,formato_nuevo,2535de81b48a2b1811c9a9b44dc46a29eae6ae927645cf88b050e1e7c7b4bee1,REPROBÓ,1.28,2.93,ind,1.25,ind,0.38,ind,,,,,,,,,,,0.0,grup,4.38,grup,0.0,grup,1.48,grup,0.0,grup,0.0,grup,3.0,ind,0.0,ind,0.0,ind,0.0,ind,2.0,ind,0.0,ind,1.06,0.83,1.0,0.1480555555555555,0.1480555555555555,6.0,0.0,0.0925,0.0925,1.0,2.0,0.0,0.0,3.0,1.5,2.0,3.0,0.0925,1.11,5.0,1.6666666666666667,1.0,1.0,0.0,0.0,1.0,1.0,1.6764705882352942,13.0,19.0,0.95,34.0
202420,formato_nuevo,2ca6c8df73221b09e2671bcbedc0e00e3bcee25aad82ddd3dce347e60a079edd,RETIRADO,1.15,1.85,ind,2.63,ind,0.0,ind,,,,,,,,,,,4.73,grup,4.44,grup,1.61,grup,4.51,grup,0.0,grup,,grup,0.0,ind,2.0,ind,1.0,ind,2.0,ind,0.0,ind,0.0,ind,0.0,0.83,0.0,0.0,0.0,0.0,0.0,0.0,0.0,0.0,0.0,0.0,0.0,0.0,0.0,0.0,0.0,0.0,0.0,0.0,0.0,0.0,0.0,0.0,0.0,0.0,0.0,0.0,0.0,0.0,0.0,0.0
202420,formato_nuevo,2d6971b0c5d1e645b8b6d103ffe8eb238c1b0ade5d0b5d842b54410c0fcc560f,RETIRADO,0.43,0.98,ind,0.0,ind,0.0,ind,,,,,,,,,,,0.61,grup,2.69,grup,5.5,grup,0.65,grup,0.0,grup,0.0,grup,0.0,ind,0.0,ind,0.0,ind,0.0,ind,0.0,ind,0.0,ind,1.57,0.0,0.0,0.0,0.0,0.0,0.0,0.0,0.0,0.0,0.0,0.0,0.0,0.0,0.0,0.0,0.0,0.0,0.0,0.0,0.0,0.0,0.0,0.0,0.0,0.0,0.0,0.0,0.0,0.0,0.0,0.0
202420,formato_nuevo,2f039023d08f5271c92eaa570cbe6e953a95325e8148457e5797c8ba3813c734,APROBÓ,3.38,2.58,ind,4.35,ind,3.47,ind,,,,,,,,,,,3.75,grup,4.15,grup,3.75,grup,3.16,grup,3.5,grup,3.3,grup,0.0,ind,0.0,ind,3.0,ind,5.0,ind,2.0,ind,2.0,ind,3.6,2.44,3.0,2.887962962962963,8.66388888888889,30.0,24.313333333333333,40.20611111111111,50.528055555555554,8.0,16.0,24.313333333333333,10.968421052631578,133.0,8.3125,9.0,16.0,15.892777777777775,10.14432624113475,94.0,5.875,7.0,13.0,10.321944444444444,11.05922619047619,56.0,4.307692307692308,12.087233259749816,37.0,100.0,91.25861111111112,453.0
202420,formato_nuevo,2f2225a3c876d06f5345347a45f2506260b9ea3d67bedf095e51a0d9d4eba9dd,APROBÓ,3.08,2.33,ind,3.03,ind,2.93,ind,,,,,,,,,,,3.67,grup,4.1,grup,4.5,grup,2.35,grup,0.0,grup,0.0,grup,5.0,ind,3.0,ind,3.0,ind,5.0,ind,3.0,ind,0.5,ind,3.46,4.0,2.0,0.0461111111111111,0.0922222222222222,16.0,12.047777777777778,20.55638888888889,25.738055555555555,5.0,11.0,12.047777777777778,26.77283950617284,27.0,2.4545454545454546,9.0,19.0,8.508611111111112,10.01013071895425,51.0,2.6842105263157894,8.0,10.0,5.181666666666667,14.13181818181818,22.0,2.2,15.188071065989847,37.0,84.0,49.8675,197.0
202420,formato_nuevo,2f85afccb6aa7eec13d66470991baf56bdcbf820a8813e4ecd447e9f9276c8a6,APROBÓ,3.72,3.3,ind,4.08,ind,2.83,ind,,,,,,,,,,,4.73,grup,4.13,grup,4.56,grup,5.0,grup,3.0,grup,3.55,grup,5.0,ind,4.0,ind,5.0,ind,5.0,ind,3.0,ind,3.0,ind,4.27,4.62,1.0,4.175555555555556,4.175555555555556,5.0,1.8352777777777776,13.764722222222222,24.221944444444446,7.0,10.0,1.8352777777777776,3.7971264367816095,29.0,2.9,7.0,10.0,11.929444444444444,14.315333333333331,50.0,5.0,6.0,6.0,10.457222222222224,31.37166666666667,20.0,3.333333333333333,19.751636904761902,30.0,68.0,73.73944444444444,224.0
202420,formato_nuevo,325c62ee6eb9f0f74a38b0244409675b52159bb9c4aafebebc0153ad57fdfbc8,REPROBÓ,2.06,2.2,ind,2.1,ind,1.42,ind,,,,,,,,,,,4.27,grup,3.38,grup,5.0,grup,4.22,grup,3.3,grup,0.0,grup,0.0,ind,0.0,ind,0.0,ind,0.0,ind,3.0,ind,2.0,ind,3.6,1.35,1.0,2.313333333333333,2.313333333333333,13.0,6.72,7.189444444444444,8.476944444444444,7.0,13.0,6.72,12.6,32.0,2.4615384615384617,7.0,11.0,0.4694444444444444,1.2246376811594204,23.0,2.090909090909091,4.0,4.0,1.2875,9.65625,8.0,2.0,6.212081513828238,36.0,80.0,23.709444444444443,229.0
202420,formato_nuevo,32be7d4f9d73b96721211ffc73e0e11019d392742b41c32d7d36f39bb56d2215,APROBÓ,3.73,3.2,ind,3.23,ind,4.3,ind,,,,,,,,,,,3.73,grup,3.76,grup,6.0,grup,3.25,grup,3.01,grup,0.0,grup,3.0,ind,3.0,ind,3.0,ind,5.0,ind,2.0,ind,4.0,ind,4.0,4.08,2.0,21.361666666666668,42.723333333333336,31.0,50.45638888888889,136.18333333333334,189.76388888888889,7.0,17.0,50.45638888888889,33.26794871794872,91.0,5.352941176470588,10.0,20.0,85.72694444444444,61.97128514056225,83.0,4.15,7.0,12.0,53.58055555555556,59.53395061728396,54.0,4.5,41.453633491311216,44.0,115.0,291.5572222222222,422.0
202420,formato_nuevo,3300dec72db74f9738f6099b0375deec3be0cb711a42c0f7a3605921ba8e6006,APROBÓ,4.44,4.23,ind,5.0,ind,3.65,ind,,,,,,,,,,,4.25,grup,4.7,grup,3.9,grup,5.0,grup,5.4,grup,4.8,grup,3.0,ind,2.0,ind,5.0,ind,5.0,ind,4.0,ind,4.0,ind,4.68,4.83,3.0,5.739537037037038,17.218611111111112,45.0,6.498333333333333,71.53222222222223,90.3075,6.0,12.0,6.498333333333333,10.537837837837838,37.0,3.083333333333333,9.0,21.0,65.0338888888889,34.22836257309942,114.0,5.428571428571429,8.0,11.0,18.775277777777777,27.4760162601626,41.0,3.727272727272727,26.43929292929293,36.0,102.0,145.41611111111112,330.0
202420,formato_nuevo,33441fd9203b9887225458cfdcd201e93f04678439cbe2cb6095a4169a4556fa,APROBÓ,4.08,3.95,ind,4.2,ind,4.38,ind,,,,,,,,,,,3.3,grup,1.25,grup,4.1,grup,5.2,grup,3.22,grup,5.0,grup,5.0,ind,3.0,ind,1.0,ind,5.0,ind,1.0,ind,3.0,ind,4.09,3.52,3.0,2.251666666666667,6.755,37.0,0.0,8.588333333333333,10.268333333333333,0.0,0.0,0.0,0.0,0.0,0.0,4.0,12.0,8.588333333333333,17.176666666666666,30.0,2.5,3.0,6.0,1.68,9.163636363636364,11.0,1.8333333333333333,12.2793893129771,20.0,49.0,26.81,131.0
202420,formato_nuevo,33bef6b84b801bd000df08e5bda42b187fd21fdee42bdb656ca05f18556d24a8,REPROBÓ,1.98,2.8,ind,1.65,ind,0.88,ind,,,,,,,,,,,3.68,grup,3.88,grup,3.72,grup,0.0,grup,3.3,grup,2.75,grup,0.0,ind,2.0,ind,2.0,ind,3.0,ind,1.0,ind,0.5,ind,3.08,2.17,1.0,0.1477777777777777,0.1477777777777777,11.0,1.4747222222222225,3.6094444444444447,3.626666666666667,3.0,3.0,1.4747222222222225,22.120833333333334,4.0,1.3333333333333333,7.0,14.0,2.1347222222222224,6.741228070175439,19.0,1.3571428571428572,2.0,2.0,0.0172222222222222,0.5166666666666666,2.0,1.0,3.516666666666666,31.0,58.0,5.861111111111111,100.0
202420,formato_nuevo,3588663107f147b419dfc9941729a2a5d9b954f30c119b95774f6c792fab8f9e,APROBÓ,3.66,2.55,ind,4.48,ind,2.4,ind,,,,,,,,,,,5.0,grup,4.75,grup,5.0,grup,4.58,grup,4.9,grup,2.15,grup,5.0,ind,5.0,ind,5.0,ind,5.0,ind,3.0,ind,3.0,ind,4.75,4.78,1.0,1.6619444444444444,1.6619444444444444,11.0,7.934444444444445,16.05527777777778,20.039722222222224,5.0,7.0,7.934444444444445,13.224074074074077,36.0,5.142857142857143,6.0,10.0,8.120833333333334,14.765151515151516,33.0,3.3,6.0,7.0,3.984444444444444,12.582456140350876,19.0,2.7142857142857144,9.800921658986177,30.0,70.0,35.446666666666665,217.0
202420,formato_nuevo,38b1135c5bdf6873a6eb59a0bf7631a0cfc91835f00880923beaefaa2e588c1a,APROBÓ,4.14,3.43,ind,4.75,ind,4.08,ind,,,,,,,,,,,4.64,grup,4.13,grup,4.72,grup,4.86,grup,3.0,grup,2.8,grup,5.0,ind,5.0,ind,0.0,ind,5.0,ind,4.0,ind,3.0,ind,4.18,4.12,1.0,2.2580555555555555,2.2580555555555555,12.0,4.085833333333333,14.045,15.491666666666667,5.0,10.0,4.085833333333333,8.453448275862069,29.0,2.9,2.0,3.0,9.959166666666668,19.2758064516129,31.0,10.333333333333334,4.0,4.0,1.4466666666666668,12.400000000000002,7.0,1.75,12.875409836065574,26.0,46.0,26.18,122.0
202420,formato_nuevo,39600fd0f69115cb46d46f90d271f468a33bfa4147606a11804a1392dce86267,REPROBÓ,2.0,1.55,ind,2.35,ind,1.13,ind,,,,,,,,,,,2.91,grup,4.0,grup,3.39,grup,4.86,grup,1.9,grup,2.1,grup,3.0,ind,2.0,ind,5.0,ind,1.0,ind,0.0,ind,1.5,ind,3.37,2.08,1.0,1.4813888888888889,1.4813888888888889,16.0,5.745833333333334,14.100277777777778,17.30361111111111,6.0,8.0,5.745833333333334,11.887931034482758,29.0,3.625,7.0,12.0,8.354444444444445,16.16989247311828,31.0,2.583333333333333,7.0,7.0,3.203333333333333,12.813333333333333,15.0,2.142857142857143,9.109070294784582,46.0,94.0,44.63444444444445,294.0
202420,formato_nuevo,3c0316b65487431001b97661abd6bdc8248eeb5acb06d64f41edb9cb9360c04a,RETIRADO,0.32,1.25,ind,0.0,ind,0.0,ind,,,,,,,,,,,1.51,grup,1.25,grup,0.0,grup,0.0,grup,0.0,grup,0.0,grup,0.0,ind,0.0,ind,0.0,ind,0.0,ind,0.0,ind,0.0,ind,0.46,0.0,0.0,0.0,0.0,0.0,0.0,0.0,0.0,0.0,0.0,0.0,0.0,0.0,0.0,0.0,0.0,0.0,0.0,0.0,0.0,0.0,0.0,0.0,0.0,0.0,0.0,0.0,0.0,0.0,0.0,0.0
202420,formato_nuevo,3d7c9d263d258c9e7dd917615f115211a3556351c27930e304aab1aad8d209b1,APROBÓ,3.86,3.58,ind,4.88,ind,2.04,ind,,,,,,,,,,,5.0,grup,4.88,grup,4.67,grup,5.0,grup,4.7,grup,3.75,grup,3.0,ind,5.0,ind,3.0,ind,5.0,ind,4.0,ind,3.0,ind,5.06,4.35,1.0,7.980277777777777,7.980277777777777,7.0,13.025555555555556,26.101666666666667,27.41,5.0,8.0,13.025555555555556,31.261333333333333,25.0,3.125,9.0,14.0,13.07611111111111,23.07549019607843,34.0,2.4285714285714284,4.0,4.0,1.3083333333333331,5.607142857142857,14.0,3.5,25.46693404634581,36.0,72.0,79.37194444444444,187.0
202420,formato_nuevo,3e1ff9ecc23a1e252cc4e07f8a43fd2f72644aabef58773d2b8041d368146df0,REPROBÓ,2.91,3.78,ind,3.3,ind,2.63,ind,,,,,,,,,,,0.0,grup,3.63,grup,3.3,grup,0.15,grup,1.3,grup,0.0,grup,5.0,ind,1.0,ind,5.0,ind,3.0,ind,3.0,ind,1.5,ind,1.4,3.08,3.0,3.906944444444444,11.720833333333331,39.0,5.860555555555556,9.16777777777778,24.65972222222222,6.0,8.0,5.860555555555556,31.966666666666672,11.0,1.375,7.0,12.0,3.3072222222222223,9.01969696969697,22.0,1.8333333333333333,10.0,12.0,15.491944444444444,38.72986111111111,24.0,2.0,20.50455840455841,36.0,60.0,39.98388888888889,117.0
202420,formato_nuevo,3e8d4564d5dffc519a920bc9d5c9f722331d1286e0735a5e31b10f36d94ef810,REPROBÓ,2.48,1.23,ind,2.25,ind,2.75,ind,,,,,,,,,,,2.07,grup,4.25,grup,3.13,grup,4.85,grup,4.4,grup,2.0,grup,3.0,ind,0.0,ind,5.0,ind,3.0,ind,3.0,ind,2.0,ind,3.45,3.11,3.0,1.8225,5.4675,51.0,3.6258333333333335,5.555,8.836666666666666,7.0,17.0,3.6258333333333335,7.017741935483872,31.0,1.8235294117647056,13.0,22.0,1.9291666666666667,3.307142857142857,35.0,1.5909090909090908,6.0,11.0,3.2816666666666667,8.560869565217391,23.0,2.090909090909091,5.529623824451411,47.0,116.0,29.399166666666662,319.0
202420,formato_nuevo,420c04807b39c0eef6d6da033d3144608181f5d52d8ee8778458ac9aa6b83160,APROBÓ,3.65,2.83,ind,3.53,ind,3.55,ind,,,,,,,,,,,4.73,grup,4.06,grup,4.89,grup,5.0,grup,5.7,grup,3.7,grup,3.0,ind,0.0,ind,2.0,ind,3.0,ind,4.0,ind,4.5,ind,5.03,3.75,1.0,0.4991666666666666,0.4991666666666666,5.0,20.26083333333333,47.48333333333333,66.68638888888889,8.0,12.0,20.26083333333333,35.754411764705885,34.0,2.833333333333333,9.0,14.0,27.2225,42.982894736842105,38.0,2.7142857142857144,5.0,6.0,19.203055555555554,96.01527777777775,12.0,2.0,34.248130081300815,43.0,85.0,117.01444444444444,205.0
202420,formato_nuevo,4577e14a9aa4515128269622be810009b9aebe6b6c3d2133bb67a663611c5920,APROBÓ,3.25,3.1,ind,3.35,ind,2.65,ind,,,,,,,,,,,4.43,grup,4.2,grup,3.1,grup,5.4,grup,2.39,grup,3.75,grup,3.0,ind,2.0,ind,4.0,ind,5.0,ind,5.0,ind,3.0,ind,3.88,3.67,3.0,6.628981481481482,19.886944444444445,35.0,7.1325,29.26333333333333,32.11722222222222,2.0,6.0,7.1325,13.3734375,32.0,5.333333333333333,7.0,15.0,22.13083333333333,18.18972602739726,73.0,4.866666666666666,3.0,5.0,2.8538888888888887,13.171794871794871,13.0,2.6,23.9070987654321,27.0,63.0,86.06555555555556,216.0
202420,formato_nuevo,494dcdd00e4ba19ccf614821bc1d3b812d0552c5185e2fdc7f4cca9e7ae3bfdd,APROBÓ,3.96,3.7,ind,4.35,ind,3.75,ind,,,,,,,,,,,3.45,grup,5.0,grup,3.53,grup,3.29,grup,4.7,grup,5.0,grup,5.0,ind,4.0,ind,4.0,ind,0.0,ind,3.0,ind,4.0,ind,4.16,3.78,3.0,2.850555555555556,8.551666666666666,48.0,12.73277777777778,18.591944444444444,31.44222222222222,7.0,14.0,12.73277777777778,15.279333333333334,50.0,3.571428571428572,8.0,15.0,5.859166666666667,7.642391304347826,46.0,3.066666666666667,5.0,11.0,12.850277777777778,13.526608187134505,57.0,5.181818181818182,9.756896551724138,40.0,99.0,61.30583333333333,377.0
202420,formato_nuevo,4b17e48931f0c090bd02277e15a0ca4102d84fc5a2d048aaad103a8c54955fbd,APROBÓ,3.51,4.18,ind,4.03,ind,2.0,ind,,,,,,,,,,,4.82,grup,4.81,grup,4.06,grup,5.0,grup,3.5,grup,3.7,grup,5.0,ind,4.0,ind,0.0,ind,5.0,ind,4.0,ind,2.0,ind,4.44,3.33,1.0,0.555,0.555,19.0,6.065,10.2675,11.799444444444443,7.0,10.0,6.065,13.47777777777778,27.0,2.7,9.0,14.0,4.2025,8.694827586206896,29.0,2.071428571428572,7.0,9.0,1.5319444444444446,7.070512820512821,13.0,1.4444444444444444,9.933229813664596,37.0,76.0,26.654166666666665,161.0
202420,formato_nuevo,5021224dc23340baa9e357016606424642bd8f988524a275886c4c74ef706e87,REPROBÓ,2.84,1.63,ind,3.9,ind,2.88,ind,,,,,,,,,,,2.9,grup,4.7,grup,2.81,grup,3.08,grup,5.3,grup,4.35,grup,3.0,ind,0.0,ind,0.0,ind,0.0,ind,2.0,ind,2.0,ind,3.86,1.61,3.0,2.729351851851852,8.188055555555556,34.0,2.25,6.4494444444444445,7.118055555555555,8.0,13.0,2.25,4.821428571428571,28.0,2.1538461538461537,9.0,12.0,4.1994444444444445,15.747916666666669,16.0,1.3333333333333333,5.0,7.0,0.6686111111111112,3.3430555555555554,12.0,1.7142857142857142,11.920104166666668,48.0,88.0,31.786944444444444,160.0
202420,formato_nuevo,5089efbc2dd448354396dfb2e9232ff8a09dea979b376707b020f781928353c4,APROBÓ,3.93,4.13,ind,4.38,ind,3.45,ind,,,,,,,,,,,3.2,grup,4.5,grup,4.38,grup,2.7,grup,3.5,grup,3.25,grup,3.0,ind,0.0,ind,5.0,ind,5.0,ind,5.0,ind,2.0,ind,3.59,4.08,3.0,1.4804629629629629,4.441388888888889,27.0,1.908055555555556,6.056111111111111,16.709722222222222,6.0,14.0,1.908055555555556,3.4691919191919194,33.0,2.357142857142857,7.0,11.0,4.148055555555556,11.312878787878788,22.0,2.0,4.0,8.0,10.653611111111111,49.170512820512826,13.0,1.625,12.32324840764331,35.0,74.0,32.24583333333333,157.0
202420,formato_nuevo,557e49526c1f3234374a18a34e589cc03fd4ab684728cf7e1fc1b7c75291a079,APROBÓ,3.16,2.78,ind,3.98,ind,3.13,ind,,,,,,,,,,,2.18,grup,4.15,grup,5.25,grup,1.5,grup,1.4,grup,0.0,grup,5.0,ind,3.0,ind,0.0,ind,0.0,ind,1.0,ind,2.5,ind,3.17,2.37,2.0,3.892361111111111,7.784722222222222,15.0,3.952777777777778,11.621666666666666,38.84916666666666,7.0,10.0,3.952777777777778,9.881944444444445,24.0,2.4,8.0,12.0,7.668888888888889,14.843010752688173,31.0,2.583333333333333,7.0,9.0,27.2275,44.1527027027027,37.0,4.111111111111111,20.70573394495413,41.0,83.0,75.23083333333334,218.0
202420,formato_nuevo,55b4e72b322d1dc2ef30a0465a0aa5fa618cabed4ce12e18aa69123c0367a2ab,REPROBÓ,2.41,1.98,ind,2.33,ind,1.13,ind,,,,,,,,,,,3.4,grup,4.4,grup,3.7,grup,5.0,grup,3.4,grup,4.4,grup,0.0,ind,5.0,ind,2.0,ind,4.0,ind,4.0,ind,4.0,ind,4.05,3.61,3.0,3.50212962962963,10.506388888888887,34.0,0.3922222222222222,0.9747222222222224,1.8536111111111115,1.0,3.0,0.3922222222222222,3.922222222222224,6.0,2.0,3.0,6.0,0.5825,3.8833333333333337,9.0,1.5,2.0,3.0,0.8788888888888889,17.57777777777778,3.0,1.0,10.15989010989011,19.0,44.0,15.409166666666666,91.0
202420,formato_nuevo,57d82b6f101107b84caa10ad698da4831a7704593887ab9ade134aa70a34ded5,REPROBÓ,2.61,2.38,ind,2.9,ind,1.52,ind,,,,,,,,,,,5.0,grup,4.13,grup,4.44,grup,4.72,grup,0.0,grup,2.45,grup,0.0,ind,5.0,ind,3.0,ind,3.0,ind,5.0,ind,0.0,ind,3.77,3.11,1.0,0.8602777777777778,0.8602777777777778,11.0,0.1541666666666666,0.3302777777777778,0.4213888888888889,3.0,3.0,0.1541666666666666,3.083333333333333,3.0,1.0,5.0,7.0,0.1761111111111111,0.9606060606060606,11.0,1.5714285714285714,6.0,7.0,0.0911111111111111,0.6074074074074074,9.0,1.2857142857142858,11.729139072847683,33.0,72.0,29.51833333333333,151.0
202420,formato_nuevo,58e2c898f723b5db946bcf9f8f2ec5565580f09a190bc6a301dbe922b451cb42,RETIRADO,0.99,1.3,ind,0.83,ind,0.0,ind,,,,,,,,,,,3.75,grup,3.76,grup,6.0,grup,1.2,grup,0.0,grup,0.0,grup,3.0,ind,3.0,ind,0.0,ind,0.0,ind,0.0,ind,0.0,ind,2.45,1.0,0.0,0.0,0.0,0.0,0.0,0.0,0.0,0.0,0.0,0.0,0.0,0.0,0.0,0.0,0.0,0.0,0.0,0.0,0.0,0.0,0.0,0.0,0.0,0.0,0.0,0.0,0.0,0.0,0.0,0.0
202420,formato_nuevo,59e767ed35a1ac71b172b7d7bf5c23699395a167a967bd4d92d3a6c099e01b0d,REPROBÓ,2.98,2.58,ind,3.38,ind,3.0,ind,,,,,,,,,,,3.73,grup,3.75,grup,3.11,grup,2.61,grup,3.3,grup,0.0,grup,0.0,ind,4.0,ind,5.0,ind,5.0,ind,1.0,ind,0.0,ind,2.78,3.02,1.0,6.865833333333334,6.865833333333334,8.0,1.4744444444444444,4.128333333333334,16.45638888888889,6.0,7.0,1.4744444444444444,4.212698412698413,21.0,3.0,7.0,11.0,2.653888888888889,5.897530864197531,27.0,2.4545454545454546,7.0,9.0,12.328055555555556,29.587333333333337,25.0,2.7777777777777777,10.024285714285714,34.0,65.0,35.085,210.0
202420,formato_nuevo,614a397db57aeb88d173e06b3454776c0fda1ef8e4584219f9ef579e329f5c01,APROBÓ,4.84,4.1,ind,4.6,ind,4.8,ind,,,,,,,,,,,5.075,grup,4.75,grup,5.13,grup,5.09,grup,5.5,grup,5.18,grup,5.0,ind,5.0,ind,5.0,ind,5.0,ind,5.0,ind,5.0,ind,5.12,6.0,3.0,5.9025,17.7075,79.0,6.585833333333333,13.550555555555556,24.479444444444443,7.0,17.0,6.585833333333333,9.18953488372093,43.0,2.5294117647058822,10.0,18.0,6.964722222222222,7.597878787878788,55.0,3.055555555555556,9.0,17.0,10.928888888888888,14.571851851851852,45.0,2.647058823529412,12.576684881602914,41.0,104.0,76.71777777777778,366.0
202420,formato_nuevo,635be0a0b1c193fac1f88a89ba194900958b7cc79e780c2ec0d3fab42725d637,RETIRADO,0.57,0.7,ind,0.0,ind,0.0,ind,,,,,,,,,,,1.15,grup,3.3,grup,3.38,grup,0.5,grup,0.0,grup,0.0,grup,3.0,ind,1.0,ind,5.0,ind,0.0,ind,0.0,ind,0.0,ind,1.39,1.5,0.0,0.0,0.0,0.0,0.0,0.0,0.0,0.0,0.0,0.0,0.0,0.0,0.0,0.0,0.0,0.0,0.0,0.0,0.0,0.0,0.0,0.0,0.0,0.0,0.0,0.0,0.0,0.0,0.0,0.0
202420,formato_nuevo,652317451c95847ec230d25ee8c8aeb05839685bb6c948c9bf10353599dfd5b7,APROBÓ,3.04,3.45,ind,2.68,ind,1.33,ind,,,,,,,,,,,4.73,grup,4.88,grup,4.5,grup,4.7,grup,5.7,grup,0.0,grup,5.0,ind,5.0,ind,3.0,ind,5.0,ind,4.0,ind,2.0,ind,4.54,4.45,1.0,2.9519444444444445,2.9519444444444445,6.0,1.7538888888888888,6.623888888888889,10.343333333333334,2.0,3.0,1.7538888888888888,26.308333333333334,4.0,1.3333333333333333,5.0,10.0,4.87,18.2625,16.0,1.6,5.0,5.0,3.719444444444445,27.895833333333336,8.0,1.6,16.445192307692306,17.0,30.0,14.2525,52.0
202420,formato_nuevo,666195cead1870559515a8b7c9dd20e2859e165ebc0c18bea9df7d360a000458,APROBÓ,3.76,4.08,ind,4.25,ind,3.78,ind,,,,,,,,,,,0.0,grup,1.5,grup,1.6,grup,2.4,grup,2.7,grup,3.1,grup,5.0,ind,5.0,ind,3.0,ind,5.0,ind,3.0,ind,2.0,ind,1.88,4.35,3.0,1.0672222222222223,3.2016666666666667,18.0,1.8925,18.54027777777777,20.895,5.0,9.0,1.8925,5.6775,20.0,2.2222222222222223,9.0,17.0,16.647777777777776,11.350757575757576,88.0,5.176470588235294,6.0,8.0,2.354722222222222,4.415104166666667,32.0,4.0,10.52608089260809,37.0,77.0,41.92888888888889,239.0
202420,formato_nuevo,66bd10bf36ff9f26918d13826038ec704d6e5ec1d082d8390365daff828c1193,APROBÓ,3.45,3.6,ind,3.0,ind,3.27,ind,,,,,,,,,,,4.73,grup,4.06,grup,3.39,grup,5.0,grup,0.2,grup,2.6,grup,3.0,ind,5.0,ind,5.0,ind,5.0,ind,3.0,ind,1.0,ind,3.65,4.11,1.0,4.598611111111111,4.598611111111111,6.0,3.028888888888889,3.057777777777778,3.7797222222222224,5.0,8.0,3.028888888888889,7.572222222222223,24.0,3.0,4.0,5.0,0.0288888888888888,0.1575757575757575,11.0,2.2,5.0,6.0,0.7219444444444445,4.331666666666667,10.0,1.6666666666666667,13.060384615384615,29.0,58.0,28.2975,130.0
202420,formato_nuevo,6896f91fd0273b0b99a50e8d3f885ca2263507d66837e8e7cd3137ce045a15e7,APROBÓ,3.0,3.15,ind,3.43,ind,1.43,ind,,,,,,,,,,,3.63,grup,4.32,grup,5.0,grup,3.3000000000000003,grup,2.03,grup,0.0,grup,5.0,ind,0.0,ind,1.0,ind,5.0,ind,4.0,ind,4.0,ind,4.07,3.61,2.0,1.175138888888889,2.350277777777778,13.0,6.325833333333334,8.918888888888889,9.368055555555555,6.0,9.0,6.325833333333334,18.073809523809523,21.0,2.333333333333333,4.0,6.0,2.5930555555555554,10.372222222222222,15.0,2.5,3.0,4.0,0.4491666666666666,2.073076923076923,13.0,3.25,8.790591397849463,33.0,67.0,18.16722222222222,124.0
202420,formato_nuevo,68de3368ff21ed7eb0a8486c12514b05db63fa7ae3027276fcdd556cb09fb18b,APROBÓ,3.85,3.0,ind,4.63,ind,3.53,ind,,,,,,,,,,,3.0,grup,4.02,grup,3.75,grup,1.6,grup,3.01,grup,0.0,grup,5.0,ind,2.0,ind,5.0,ind,5.0,ind,4.0,ind,1.0,ind,3.37,4.67,3.0,1.9870370370370367,5.961111111111111,20.0,7.488888888888889,9.051666666666666,9.91972222222222,7.0,15.0,7.488888888888889,14.494623655913978,31.0,2.066666666666667,10.0,14.0,1.5627777777777778,2.6046296296296294,36.0,2.571428571428572,9.0,10.0,0.8680555555555556,5.208333333333334,10.0,1.0,7.611735700197239,39.0,77.0,21.439722222222223,169.0
202420,formato_nuevo,69b99ca2570d0db361782cd672ac067a220648b179b3928dafd6bea1794ac837,APROBÓ,4.1,3.58,ind,4.25,ind,4.85,ind,,,,,,,,,,,3.03,grup,3.33,grup,3.75,grup,0.825,grup,3.01,grup,0.0,grup,5.0,ind,2.0,ind,2.0,ind,4.0,ind,3.0,ind,3.0,ind,3.25,4.17,3.0,0.0698148148148148,0.2094444444444444,8.0,7.216111111111111,11.983611111111111,16.798333333333332,7.0,13.0,7.216111111111111,13.966666666666669,31.0,2.3846153846153846,8.0,13.0,4.7675,9.535,30.0,2.3076923076923075,8.0,14.0,4.814722222222223,9.629444444444443,30.0,2.142857142857143,16.095908183632737,40.0,79.0,44.80027777777778,167.0
202420,formato_nuevo,69fe2bbbcef9f2ae87cd712208912788885b5ffb8c5991974cedd62bae9ea974,REPROBÓ,2.81,1.4,ind,2.75,ind,2.38,ind,,,,,,,,,,,4.9,grup,3.5,grup,4.97,grup,3.24,grup,5.3,grup,0.28,grup,3.0,ind,1.0,ind,5.0,ind,3.0,ind,4.0,ind,5.0,ind,4.06,4.25,3.0,3.430555555555556,10.291666666666666,28.0,7.603888888888889,8.04861111111111,15.250555555555554,7.0,15.0,7.603888888888889,15.207777777777778,30.0,2.0,4.0,8.0,0.4447222222222222,1.2706349206349206,21.0,2.625,7.0,11.0,7.201944444444444,11.371491228070177,38.0,3.4545454545454546,13.922311827956989,36.0,90.0,57.54555555555555,248.0
202420,formato_nuevo,6c81bbe6ab5c90ca9011122c279395df6fcd8b0d1f90b6b00ead173e9aec2ef4,APROBÓ,3.57,2.98,ind,4.15,ind,3.25,ind,,,,,,,,,,,3.6,grup,4.5,grup,3.46,grup,3.88,grup,3.5,grup,3.9,grup,0.0,ind,2.5,ind,5.0,ind,4.0,ind,4.0,ind,2.0,ind,3.81,3.67,3.0,0.8675925925925926,2.602777777777778,25.0,17.090555555555557,22.846666666666668,26.44305555555556,6.0,15.0,17.090555555555557,16.022395833333334,64.0,4.266666666666667,5.0,10.0,5.756111111111111,6.279393939393939,55.0,5.5,2.0,6.0,3.596388888888889,7.706547619047619,28.0,4.666666666666667,14.369804741980474,29.0,73.0,57.23972222222222,239.0
202420,formato_nuevo,6d66599bf7a61ea7753fda0dfd41b097730371a9283f1ae56c2b6b7910054e39,RETIRADO,0.42,1.45,ind,0.0,ind,0.0,ind,,,,,,,,,,,2.57,grup,2.48,grup,0.0,grup,0.0,grup,0.0,grup,0.0,grup,0.0,ind,0.0,ind,0.0,ind,0.0,ind,0.0,ind,0.0,ind,0.84,0.0,0.0,0.0,0.0,0.0,0.0,0.0,0.0,0.0,0.0,0.0,0.0,0.0,0.0,0.0,0.0,0.0,0.0,0.0,0.0,0.0,0.0,0.0,0.0,0.0,0.0,0.0,0.0,0.0,0.0,0.0
202420,formato_nuevo,6f51a59ee8c722a9e3ba3fbb2f1bbe27f6f1078b9ffad159bf1c14d54e666e26,APROBÓ,3.46,2.73,ind,3.83,ind,3.64,ind,,,,,,,,,,,3.91,grup,4.0,grup,4.33,grup,4.72,grup,0.0,grup,2.25,grup,0.0,ind,0.0,ind,4.0,ind,5.0,ind,3.0,ind,2.5,ind,4.06,2.94,1.0,1.4672222222222222,1.4672222222222222,21.0,0.965,1.2855555555555556,2.1925,5.0,8.0,0.965,2.517391304347826,23.0,2.875,2.0,6.0,0.3205555555555555,1.2020833333333332,16.0,2.6666666666666665,2.0,3.0,0.9069444444444444,7.773809523809524,7.0,2.333333333333333,6.298452380952381,26.0,48.0,14.696388888888889,140.0
202420,formato_nuevo,722300b4b2f9ae61d8eec5e935f2147268a0b545a94765e6921ac9d3b4c59819,RETIRADO,0.57,1.4,ind,0.0,ind,0.0,ind,,,,,,,,,,,0.0,grup,1.4,grup,5.0,grup,0.0,grup,0.0,grup,0.0,grup,0.0,ind,0.0,ind,5.0,ind,0.0,ind,0.0,ind,0.0,ind,1.07,0.83,0.0,0.0,0.0,0.0,0.0,0.0,0.0,0.0,0.0,0.0,0.0,0.0,0.0,0.0,0.0,0.0,0.0,0.0,0.0,0.0,0.0,0.0,0.0,0.0,0.0,0.0,0.0,0.0,0.0,0.0
202420,formato_nuevo,73db38167520a077551aec9c11658fbe44f9e85ad36bc47119a9354da0d56169,REPROBÓ,2.27,2.43,ind,2.38,ind,1.75,ind,,,,,,,,,,,3.49,grup,3.0,grup,4.4,grup,5.2,grup,4.6,grup,1.75,grup,0.0,ind,0.0,ind,0.0,ind,0.0,ind,0.0,ind,5.0,ind,3.74,1.27,3.0,1.1572222222222222,3.4716666666666667,27.0,1.5366666666666666,1.5366666666666666,1.554722222222222,6.0,11.0,1.5366666666666666,3.688,25.0,2.272727272727273,3.0,3.0,0.0,0.0,4.0,1.3333333333333333,1.0,1.0,0.0180555555555555,1.0833333333333333,1.0,1.0,5.688321167883212,33.0,63.0,12.988333333333332,137.0
202420,formato_nuevo,766d0e220914281fc58b89ac5f5bee6db45000265a95a49434c1667dafd11979,APROBÓ,3.23,2.68,ind,2.58,ind,3.02,ind,,,,,,,,,,,3.3,grup,3.57,grup,4.7,grup,3.4,grup,5.2,grup,3.5,grup,5.0,ind,2.0,ind,5.0,ind,3.0,ind,2.0,ind,5.0,ind,3.95,4.67,3.0,4.988055555555556,14.964166666666667,69.0,2.9563888888888887,25.83277777777778,38.1225,4.0,8.0,2.9563888888888887,5.543229166666666,32.0,4.0,9.0,23.0,22.87638888888889,15.250925925925928,90.0,3.9130434782608696,7.0,13.0,12.289722222222222,23.786559139784945,31.0,2.3846153846153846,13.341445427728614,40.0,96.0,75.37916666666666,339.0
202420,formato_nuevo,7a3b076dc901ba2fbac3205bd73034d28a9c1a2d1d30cccda162a7a702f7a708,RETIRADO,0.66,1.18,ind,0.0,ind,0.0,ind,,,,,,,,,,,3.49,grup,1.9,grup,3.0,grup,0.0,grup,0.0,grup,0.0,grup,3.0,ind,2.5,ind,3.0,ind,0.0,ind,0.0,ind,0.0,ind,1.4,1.42,0.0,0.0,0.0,0.0,0.0,0.0,0.0,0.0,0.0,0.0,0.0,0.0,0.0,0.0,0.0,0.0,0.0,0.0,0.0,0.0,0.0,0.0,0.0,0.0,0.0,0.0,0.0,0.0,0.0,0.0
202420,formato_nuevo,7a5e73db12b6cf966e23aa6941e764696b1548339b8a1cc5cb0d4c1fe10ad84b,APROBÓ,3.43,1.43,ind,3.73,ind,4.39,ind,,,,,,,,,,,3.19,grup,4.8,grup,4.4,grup,3.8,grup,5.2,grup,4.65,grup,0.0,ind,0.0,ind,2.0,ind,4.0,ind,5.0,ind,1.5,ind,4.34,3.08,3.0,6.871574074074073,20.614722222222223,38.0,4.227222222222222,19.15305555555556,25.0575,3.0,6.0,4.227222222222222,23.05757575757576,11.0,1.8333333333333333,9.0,19.0,14.925833333333332,17.222115384615385,52.0,2.736842105263158,5.0,7.0,5.904444444444445,16.86984126984127,21.0,3.0,21.767961165048543,37.0,83.0,74.73666666666666,206.0
202420,formato_nuevo,7b3db83c3b77768b1c5ab4da0f0c208f95597de059a658f43627360182a79ffb,APROBÓ,3.09,1.33,ind,3.28,ind,3.2,ind,,,,,,,,,,,5.0,grup,4.38,grup,2.89,grup,5.0,grup,2.45,grup,3.55,grup,3.0,ind,2.0,ind,5.0,ind,5.0,ind,0.0,ind,5.0,ind,3.97,4.08,1.0,6.540277777777778,6.540277777777778,12.0,2.397222222222222,10.334444444444443,11.415,6.0,7.0,2.397222222222222,11.064102564102562,13.0,1.8571428571428568,9.0,15.0,7.937222222222222,28.01372549019608,17.0,1.1333333333333333,4.0,5.0,1.0805555555555555,7.203703703703703,9.0,1.8,16.180357142857144,36.0,68.0,37.75416666666667,140.0
202420,formato_nuevo,7b7971fb309bd1aa440e5aca110a5825d440a5dd00a121cb5c05cc7f48b58ff4,APROBÓ,4.18,4.38,ind,4.53,ind,3.58,ind,,,,,,,,,,,4.9,grup,4.15,grup,3.82,grup,3.48,grup,4.7,grup,4.55,grup,5.0,ind,4.0,ind,5.0,ind,5.0,ind,4.0,ind,0.0,ind,4.27,4.27,2.0,1.0473611111111112,2.0947222222222224,25.0,2.668333333333333,2.776666666666667,4.633333333333334,3.0,8.0,2.668333333333333,5.717857142857143,28.0,3.5,2.0,5.0,0.1083333333333333,0.3823529411764705,17.0,3.4,2.0,2.0,1.856666666666667,55.7,2.0,1.0,5.94795321637427,18.0,43.0,11.301111111111112,114.0
202420,formato_nuevo,7cb72b1ec4947e828bcef8bf22a1ca60eee410c0b9f1cb5f325e4bec94d385a1,APROBÓ,3.01,2.38,ind,4.05,ind,2.78,ind,,,,,,,,,,,3.11,grup,3.0,grup,1.4,grup,4.3,grup,4.4,grup,5.25,grup,5.0,ind,3.5,ind,0.0,ind,0.0,ind,3.0,ind,0.0,ind,3.58,1.92,3.0,2.431759259259259,7.295277777777778,62.0,3.633888888888889,18.05138888888889,24.25416666666667,7.0,11.0,3.633888888888889,6.056481481481481,36.0,3.272727272727273,9.0,20.0,14.4175,7.393589743589744,117.0,5.85,9.0,12.0,6.2027777777777775,8.655038759689921,43.0,3.583333333333333,7.244525547445256,41.0,109.0,49.625,411.0
202420,formato_nuevo,825321a557a59f405d0098ff9265a9522625887b5529275403860895cb64719f,APROBÓ,3.43,1.83,ind,3.63,ind,3.9,ind,,,,,,,,,,,3.49,grup,4.3,grup,3.0,grup,5.0,grup,0.19,grup,4.2,grup,3.0,ind,4.0,ind,5.0,ind,0.0,ind,2.0,ind,5.0,ind,3.73,4.17,3.0,3.5553703703703703,10.66611111111111,30.0,12.153611111111111,17.05472222222222,18.496388888888887,7.0,11.0,12.153611111111111,20.834761904761905,35.0,3.1818181818181817,8.0,17.0,4.901111111111111,6.534814814814815,45.0,2.647058823529412,6.0,9.0,1.4416666666666669,5.766666666666667,15.0,1.6666666666666667,11.348809523809525,40.0,83.0,37.07277777777778,196.0
202420,formato_nuevo,833cfcdf8090686987e3ab1ba0d18ed8514d2351e8c8804bd6a66d9b950ebb4d,REPROBÓ,2.31,1.45,ind,1.93,ind,1.23,ind,,,,,,,,,,,3.5,grup,4.25,grup,3.44,grup,3.9,grup,5.2,grup,2.69,grup,5.0,ind,0.0,ind,5.0,ind,4.0,ind,4.0,ind,5.0,ind,3.83,4.35,3.0,6.545833333333333,19.6375,44.0,2.8266666666666667,5.337222222222222,9.73361111111111,8.0,19.0,2.8266666666666667,3.0285714285714285,56.0,2.9473684210526314,7.0,12.0,2.5105555555555554,6.276388888888889,24.0,2.0,7.0,12.0,4.396388888888889,9.420833333333333,28.0,2.333333333333333,10.797411003236244,31.0,82.0,37.07111111111111,206.0
202420,formato_nuevo,8508323b451868298bb7fd6afff50ef34b5b0b159397a071e595f45455a5cb45,REPROBÓ,1.91,2.95,ind,2.53,ind,1.63,ind,,,,,,,,,,,0.0,grup,0.0,grup,0.0,grup,0.475,grup,0.0,grup,0.0,grup,5.0,ind,5.0,ind,0.0,ind,0.0,ind,0.0,ind,0.0,ind,0.22,1.67,2.0,0.7383333333333334,1.4766666666666666,16.0,18.258333333333333,21.49861111111111,23.914166666666667,5.0,11.0,18.258333333333333,43.82,25.0,2.272727272727273,8.0,14.0,3.2402777777777776,6.480555555555555,30.0,2.142857142857143,4.0,10.0,2.415555555555556,8.051851851851852,18.0,1.8,17.71666666666667,33.0,69.0,36.31916666666667,123.0
202420,formato_nuevo,88bd352ac54756e51b984fafa6583e42469d3361c7059f4cef0697c84ad95ff1,APROBÓ,3.01,2.95,ind,2.9,ind,2.35,ind,,,,,,,,,,,2.95,grup,4.8,grup,3.2,grup,3.75,grup,3.5,grup,2.8,grup,3.0,ind,5.0,ind,0.0,ind,5.0,ind,3.0,ind,4.0,ind,3.5,3.85,3.0,4.05,12.15,61.0,4.668055555555555,9.197777777777777,12.195,3.0,7.0,4.668055555555555,35.010416666666664,8.0,1.1428571428571428,9.0,18.0,4.529722222222222,7.765238095238096,35.0,1.9444444444444444,4.0,5.0,2.9972222222222222,17.983333333333334,10.0,2.0,12.4,38.0,83.0,44.84666666666666,217.0
202420,formato_nuevo,8a0e17d8fc86f1bed065d010d9515f18a8bd47319735f927d6e405df195f338b,APROBÓ,3.48,3.45,ind,4.38,ind,3.42,ind,,,,,,,,,,,3.49,grup,1.8,grup,3.4,grup,2.4,grup,3.22,grup,3.45,grup,5.0,ind,5.0,ind,0.0,ind,0.0,ind,2.0,ind,4.0,ind,2.96,2.67,0.0,0.0,0.0,0.0,0.0,0.0,0.0,0.0,0.0,0.0,0.0,0.0,0.0,0.0,0.0,0.0,0.0,0.0,0.0,0.0,0.0,0.0,0.0,0.0,0.0,0.0,0.0,0.0,0.0,0.0
202420,formato_nuevo,8ccf5e8a287dd289e167f28a261e339d43b8dc9d72b0af84c34af3f68b4608be,REPROBÓ,2.46,2.8,ind,3.03,ind,0.96,ind,,,,,,,,,,,3.0,grup,4.15,grup,4.5,grup,0.0,grup,2.03,grup,0.0,grup,0.0,ind,5.0,ind,5.0,ind,1.0,ind,1.0,ind,1.0,ind,3.39,2.62,3.0,2.4394444444444443,7.318333333333333,27.0,2.3741666666666665,10.60222222222222,18.284444444444443,6.0,12.0,2.3741666666666665,6.193478260869565,23.0,1.9166666666666667,10.0,21.0,8.228055555555555,9.142283950617283,54.0,2.571428571428572,7.0,11.0,7.682222222222222,15.894252873563218,29.0,2.636363636363636,9.844249201277956,50.0,113.0,51.35416666666666,313.0
202420,formato_nuevo,8da9f20f263097bd5bdc46d0745170c80395eddb86bb9b2d328d6215a868e34a,RETIRADO,0.39,1.15,ind,0.0,ind,0.0,ind,,,,,,,,,,,1.51,grup,0.0,grup,0.0,grup,0.0,grup,0.0,grup,0.0,grup,5.0,ind,0.0,ind,0.0,ind,0.0,ind,0.0,ind,0.0,ind,0.25,0.83,0.0,0.0,0.0,0.0,0.0,0.0,0.0,0.0,0.0,0.0,0.0,0.0,0.0,0.0,0.0,0.0,0.0,0.0,0.0,0.0,0.0,0.0,0.0,0.0,0.0,0.0,0.0,0.0,0.0,0.0
202420,formato_nuevo,909463aac8d5fb5ca16981d7d6e73b48b80ccc1372a93281c1cee6113f9d9141,APROBÓ,3.93,3.78,ind,4.0,ind,4.13,ind,,,,,,,,,,,4.45,grup,4.44,grup,3.44,grup,4.58,grup,4.1,grup,3.4,grup,3.0,ind,1.5,ind,5.0,ind,5.0,ind,2.0,ind,3.5,ind,4.31,3.33,1.0,3.8016666666666654,3.8016666666666654,17.0,6.834722222222222,19.586944444444445,21.865,7.0,10.0,6.834722222222222,10.252083333333331,40.0,4.0,9.0,15.0,12.752222222222224,14.169135802469135,54.0,3.6,6.0,7.0,2.2780555555555555,5.942753623188406,23.0,3.2857142857142856,13.015539452495974,33.0,67.0,44.90361111111111,207.0
202420,formato_nuevo,91516c828f5001dc7ecb3871c23b43204eed69fcf9c9d8ddf3ed3a4408f7847b,APROBÓ,3.84,2.95,ind,4.05,ind,2.8,ind,,,,,,,,,,,4.73,grup,4.88,grup,5.0,grup,5.0,grup,4.9,grup,3.6,grup,5.0,ind,5.0,ind,3.0,ind,5.0,ind,5.0,ind,2.0,ind,5.08,5.17,1.0,0.6266666666666667,0.6266666666666667,7.0,7.526111111111111,16.380277777777778,26.848333333333333,7.0,13.0,7.526111111111111,13.683838383838385,33.0,2.5384615384615383,9.0,14.0,8.854166666666666,12.354651162790695,43.0,3.071428571428572,7.0,8.0,10.468055555555557,18.47303921568627,34.0,4.25,16.824598070739547,43.0,99.0,87.2075,311.0
202420,formato_nuevo,929bbd33dea0630f689528f4b2d0fd7ee0010249e278b6d3f5cda5904ccf009c,RETIRADO,0.66,1.68,ind,0.0,ind,0.0,ind,,,,,,,,,,,0.88,grup,4.15,grup,5.5,grup,0.25,grup,0.0,grup,0.0,grup,0.0,ind,2.0,ind,0.0,ind,0.0,ind,0.0,ind,0.0,ind,1.8,0.33,0.0,0.0,0.0,0.0,0.0,0.0,0.0,0.0,0.0,0.0,0.0,0.0,0.0,0.0,0.0,0.0,0.0,0.0,0.0,0.0,0.0,0.0,0.0,0.0,0.0,0.0,0.0,0.0,0.0,0.0
202420,formato_nuevo,9430e655b97d327b29d372ef0b00637b9057b5d5287d111b59b99c91566097cb,APROBÓ,3.32,3.25,ind,4.3,ind,1.63,ind,,,,,,,,,,,4.55,grup,4.25,grup,3.89,grup,1.9,grup,3.3,grup,2.25,grup,5.0,ind,3.0,ind,5.0,ind,4.0,ind,4.0,ind,1.0,ind,3.72,4.19,1.0,3.161666666666666,3.161666666666666,15.0,9.189722222222224,22.649166666666662,30.092777777777776,8.0,12.0,9.189722222222224,9.673391812865496,57.0,4.75,9.0,15.0,13.459444444444443,10.094583333333334,80.0,5.333333333333333,5.0,6.0,7.443611111111111,11.451709401709405,39.0,6.5,10.442121212121211,30.0,66.0,47.859722222222224,275.0
202420,formato_nuevo,95e9d29186fab77efb4352c47ee978e0d25cab6799d83ed90e65a42a6e7a78ce,RETIRADO,1.03,2.3,ind,0.0,ind,0.0,ind,,,,,,,,,,,3.49,grup,1.1,grup,0.0,grup,0.0,grup,0.0,grup,0.0,grup,3.0,ind,5.0,ind,5.0,ind,5.0,ind,0.0,ind,0.0,ind,0.77,3.0,0.0,0.0,0.0,0.0,0.0,0.0,0.0,0.0,0.0,0.0,0.0,0.0,0.0,0.0,0.0,0.0,0.0,0.0,0.0,0.0,0.0,0.0,0.0,0.0,0.0,0.0,0.0,0.0,0.0,0.0
202420,formato_nuevo,98caf9a48cc4acdb5c4db8e58a3cc66f1961937d7c9327f236bf2e82e40dd6f3,APROBÓ,3.91,3.33,ind,4.25,ind,3.43,ind,,,,,,,,,,,3.87,grup,4.5,grup,4.1,grup,5.1,grup,5.4,grup,4.8,grup,5.0,ind,5.0,ind,3.0,ind,0.0,ind,3.0,ind,3.0,ind,4.63,4.17,3.0,1.6259259259259258,4.877777777777778,29.0,2.448611111111111,10.985555555555557,13.436944444444444,7.0,13.0,2.448611111111111,6.387681159420289,23.0,1.7692307692307692,8.0,17.0,8.536944444444444,14.634761904761906,35.0,2.0588235294117645,7.0,9.0,2.451388888888889,5.883333333333334,25.0,2.7777777777777777,8.902008032128514,33.0,79.0,24.628888888888888,166.0
202420,formato_nuevo,99334a3871cc6f6b9f85efde0d4cacf7b3f79d6dbd6e9c1148216b619734c1f6,RETIRADO,0.75,1.5,ind,0.0,ind,0.0,ind,,,,,,,,,,,3.33,grup,1.5,grup,0.0,grup,0.0,grup,0.0,grup,0.0,grup,5.0,ind,3.0,ind,5.0,ind,0.0,ind,0.0,ind,0.0,ind,0.8,2.17,0.0,0.0,0.0,0.0,0.0,0.0,0.0,0.0,0.0,0.0,0.0,0.0,0.0,0.0,0.0,0.0,0.0,0.0,0.0,0.0,0.0,0.0,0.0,0.0,0.0,0.0,0.0,0.0,0.0,0.0
202420,formato_nuevo,995cfe7cd3bc10243cb0f36409b91427eb7b02ec44bbfcb50e49411f4ec64aea,REPROBÓ,2.83,1.65,ind,4.1,ind,2.68,ind,,,,,,,,,,,3.33,grup,3.25,grup,5.25,grup,1.05,grup,0.0,grup,0.0,grup,5.0,ind,0.0,ind,0.0,ind,0.0,ind,3.0,ind,4.0,ind,2.92,2.44,2.0,1.4336111111111112,2.8672222222222223,19.0,0.7922222222222223,8.712777777777777,14.957777777777778,6.0,12.0,0.7922222222222223,1.5844444444444443,30.0,2.5,8.0,16.0,7.920555555555556,10.331159420289856,46.0,2.875,7.0,14.0,6.245,17.03181818181818,22.0,1.5714285714285714,7.910969696969696,48.0,122.0,36.25861111111111,275.0
202420,formato_nuevo,9b13543bdfe3e101d2528b0cf6f92cf1ec1a2b55a76c253c4c82725f92cbdc5f,RETIRADO,0.81,2.03,ind,0.0,ind,0.0,ind,,,,,,,,,,,2.83,grup,3.76,grup,0.0,grup,0.5,grup,0.0,grup,0.0,grup,3.0,ind,2.0,ind,4.0,ind,0.0,ind,0.0,ind,0.0,ind,1.18,1.5,0.0,0.0,0.0,0.0,0.0,0.0,0.0,0.0,0.0,0.0,0.0,0.0,0.0,0.0,0.0,0.0,0.0,0.0,0.0,0.0,0.0,0.0,0.0,0.0,0.0,0.0,0.0,0.0,0.0,0.0
202420,formato_nuevo,9c90d3b95de455bb1fd0771b48ab7aba6b2eade36158f583914ad3353e4ffd89,APROBÓ,3.36,3.1,ind,3.25,ind,3.78,ind,,,,,,,,,,,3.86,grup,2.61,grup,5.25,grup,2.65,grup,4.0,grup,0.0,grup,0.0,ind,0.0,ind,0.0,ind,5.0,ind,4.0,ind,3.0,ind,4.0,2.52,3.0,3.508055555555556,10.524166666666666,33.0,20.97083333333333,38.31472222222222,63.77166666666667,6.0,12.0,20.97083333333333,15.927215189873415,79.0,6.583333333333333,9.0,12.0,17.343888888888888,20.812666666666665,50.0,4.166666666666667,7.0,14.0,25.45694444444445,16.784798534798536,91.0,6.5,16.375815433571997,50.0,113.0,114.35777777777778,419.0
202420,formato_nuevo,9c9b5012dc2c9f0d95caab2c8c9e5d53a6c53f9fca55d0e94da79d1f34894cc8,APROBÓ,4.53,4.6,ind,4.5,ind,3.99,ind,,,,,,,,,,,3.03,grup,3.33,grup,6.0,grup,5.075,grup,5.8,grup,0.0,grup,5.0,ind,0.0,ind,5.0,ind,5.0,ind,5.0,ind,5.0,ind,4.72,5.17,3.0,1.803333333333333,5.41,26.0,3.799166666666667,17.0025,34.37916666666666,3.0,5.0,3.799166666666667,14.246875,16.0,3.2,9.0,15.0,13.203333333333331,15.844,50.0,3.333333333333333,3.0,9.0,17.376666666666665,28.178378378378376,37.0,4.111111111111111,18.67657450076805,37.0,88.0,67.54694444444445,217.0
202420,formato_nuevo,9cf76befc627f1e2bed90ff6f7f48450bf58e32b3594d586d0156c4acc11fc00,RETIRADO,0.36,1.05,ind,0.0,ind,0.0,ind,,,,,,,,,,,2.4,grup,0.0,grup,0.0,grup,0.4499999999999999,grup,0.0,grup,0.0,grup,0.0,ind,3.0,ind,0.0,ind,0.0,ind,0.0,ind,0.0,ind,0.47,0.5,0.0,0.0,0.0,0.0,0.0,0.0,0.0,0.0,0.0,0.0,0.0,0.0,0.0,0.0,0.0,0.0,0.0,0.0,0.0,0.0,0.0,0.0,0.0,0.0,0.0,0.0,0.0,0.0,0.0,0.0
202420,formato_nuevo,9dd6d66316d5aa6a134d2878044c51ab2397722e39468a8022202c191e6e9d6a,RETIRADO,0.01,0.0,ind,0.0,ind,0.0,ind,,,,,,,,,,,0.0,grup,0.0,grup,0.0,grup,0.5,grup,0.0,grup,0.0,grup,0.0,ind,0.0,ind,0.0,ind,0.0,ind,0.0,ind,0.0,ind,0.08,0.0,0.0,0.0,0.0,0.0,0.0,0.0,0.0,0.0,0.0,0.0,0.0,0.0,0.0,0.0,0.0,0.0,0.0,0.0,0.0,0.0,0.0,0.0,0.0,0.0,0.0,0.0,0.0,0.0,0.0,0.0
202420,formato_nuevo,9fb2ada46d7967036f0315064d2e18d63f106a2f784b89f305abd33b9f59e345,APROBÓ,4.14,4.28,ind,4.33,ind,4.35,ind,,,,,,,,,,,4.25,grup,5.0,grup,4.85,grup,1.75,grup,4.4,grup,4.5,grup,0.0,ind,0.0,ind,5.0,ind,5.0,ind,4.0,ind,3.0,ind,4.13,3.27,1.0,1.0941666666666667,1.0941666666666667,13.0,1.336111111111111,4.472222222222222,4.483055555555556,3.0,6.0,1.336111111111111,4.453703703703703,18.0,3.0,4.0,6.0,3.136111111111111,23.52083333333333,8.0,1.3333333333333333,1.0,2.0,0.0108333333333333,0.325,2.0,1.0,11.323856209150328,31.0,55.0,19.25055555555556,102.0
202420,formato_nuevo,a0d0d6665c022e0d2239fcb141cbeaa9d096bc8a9d83b768799137ce506f48fa,APROBÓ,4.39,5.15,ind,4.63,ind,2.5,ind,,,,,,,,,,,4.27,grup,4.75,grup,4.39,grup,5.0,grup,4.7,grup,3.15,grup,5.0,ind,5.0,ind,5.0,ind,5.0,ind,5.0,ind,4.0,ind,4.93,5.58,1.0,2.7152777777777777,2.7152777777777777,7.0,8.097777777777777,29.0475,41.52194444444444,8.0,12.0,8.097777777777777,13.13153153153153,37.0,3.083333333333333,10.0,16.0,20.94972222222222,27.93296296296296,45.0,2.8125,11.0,16.0,12.474444444444444,12.68587570621469,59.0,3.6875,15.429836829836828,46.0,96.0,73.54888888888888,286.0
202420,formato_nuevo,a702da67b1947ea5e1799ff47da219aba69bed9ef013804fa678957ec1cc268b,APROBÓ,4.5,4.18,ind,3.95,ind,4.67,ind,,,,,,,,,,,4.675,grup,4.0,grup,5.13,grup,4.75,grup,5.5,grup,4.34,grup,5.0,ind,5.0,ind,5.0,ind,5.0,ind,1.0,ind,5.0,ind,4.73,5.33,3.0,1.781574074074074,5.344722222222222,26.0,21.42194444444445,39.05694444444445,45.02333333333333,8.0,17.0,21.42194444444445,16.692424242424245,77.0,4.529411764705882,11.0,23.0,17.635,18.243103448275864,58.0,2.5217391304347827,8.0,16.0,5.966388888888889,9.94398148148148,36.0,2.25,12.896125,48.0,123.0,85.97416666666666,400.0
202420,formato_nuevo,a76c344a89a71ae7a790a13773ed5d2fe098cbcb1a6b78743cfac56c9a04c126,APROBÓ,3.47,3.48,ind,4.03,ind,3.75,ind,,,,,,,,,,,0.0,grup,2.74,grup,5.0,grup,4.03,grup,4.0,grup,0.0,grup,0.0,ind,2.0,ind,4.0,ind,5.0,ind,2.0,ind,1.0,ind,3.18,2.33,3.0,0.3382407407407408,1.0147222222222223,12.0,2.1219444444444444,3.5700000000000003,3.5700000000000003,3.0,6.0,2.1219444444444444,12.731666666666666,10.0,1.6666666666666667,5.0,8.0,1.4480555555555557,8.688333333333334,10.0,1.25,2.0,2.0,0.0,0.0,2.0,1.0,11.28453815261044,23.0,44.0,15.610277777777778,83.0
202420,formato_nuevo,a83735fefac81228fa97a4676c28ba3e2a3c5939284baa3c8c9884bd2c3c0057,APROBÓ,3.19,1.75,ind,3.75,ind,3.63,ind,,,,,,,,,,,3.3,grup,1.1800000000000002,grup,2.8000000000000003,grup,4.5,grup,3.6,grup,2.8,grup,5.0,ind,0.0,ind,5.0,ind,2.0,ind,4.0,ind,3.0,ind,3.03,3.61,3.0,14.321666666666667,42.965,72.0,3.583611111111112,30.41027777777778,43.69638888888889,4.0,6.0,3.583611111111112,16.53974358974359,13.0,2.1666666666666665,6.0,15.0,26.826666666666668,26.38688524590164,61.0,4.066666666666666,2.0,4.0,13.286111111111111,24.911458333333336,32.0,8.0,27.214390896921017,23.0,58.0,112.93972222222222,249.0
202420,formato_nuevo,a85de608fb015ec2dab5ea1a59701e18fc1d0a3cb8c3af3ec7ce82e84e6102e3,APROBÓ,3.56,3.35,ind,4.25,ind,2.9,ind,,,,,,,,,,,3.93,grup,3.33,grup,4.3,grup,2.7,grup,1.3,grup,0.0,grup,5.0,ind,4.0,ind,0.0,ind,5.0,ind,3.0,ind,5.0,ind,3.17,4.19,3.0,40.40444444444445,121.21333333333334,48.0,120.48944444444444,161.81611111111113,215.235,8.0,16.0,120.48944444444444,84.0624031007752,86.0,5.375,8.0,14.0,41.32666666666667,37.0089552238806,67.0,4.785714285714286,6.0,11.0,53.41888888888889,86.62522522522522,37.0,3.363636363636364,85.42181303116148,46.0,107.0,502.565,353.0
202420,formato_nuevo,a8a2313d314f50d2fd9a361f6b91d397e9e7dc3969d14c4d5c33446c08d9c1a8,APROBÓ,3.46,2.8,ind,3.7,ind,2.05,ind,,,,,,,,,,,4.73,grup,4.44,grup,5.0,grup,5.0,grup,5.7,grup,3.6,grup,5.0,ind,2.0,ind,5.0,ind,2.0,ind,3.0,ind,5.0,ind,5.06,4.67,1.0,5.198611111111111,5.198611111111111,14.0,2.925,10.685277777777776,26.036388888888887,5.0,9.0,2.925,6.267857142857143,28.0,3.111111111111111,9.0,15.0,7.760277777777778,10.347037037037037,45.0,3.0,6.0,7.0,15.351111111111113,61.40444444444445,15.0,2.142857142857143,14.80695652173913,41.0,81.0,56.76,230.0
202420,formato_nuevo,aad9bcafb8c5683441ff81be48b163c720f227c17050f8055b34f19b99ec209d,RETIRADO,1.45,1.7,ind,3.13,ind,0.0,ind,,,,,,,,,,,4.91,grup,4.88,grup,3.94,grup,4.72,grup,0.0,grup,,grup,5.0,ind,2.0,ind,1.0,ind,5.0,ind,0.0,ind,0.0,ind,0.0,2.17,0.0,0.0,0.0,0.0,0.0,0.0,0.0,0.0,0.0,0.0,0.0,0.0,0.0,0.0,0.0,0.0,0.0,0.0,0.0,0.0,0.0,0.0,0.0,0.0,0.0,0.0,0.0,0.0,0.0,0.0
202420,formato_nuevo,ab4cb53c1c6b6f15dc7bf54f7cd7d2016ab47cebdddbe93529a14411c54ec355,APROBÓ,3.72,3.3,ind,3.9,ind,3.68,ind,,,,,,,,,,,3.3,grup,3.6,grup,2.8000000000000003,grup,4.5,grup,3.4,grup,2.8,grup,5.0,ind,5.0,ind,3.0,ind,5.0,ind,3.0,ind,2.0,ind,3.4,4.35,3.0,3.9246296296296297,11.773888888888887,30.0,1.6816666666666666,11.18361111111111,14.115555555555556,8.0,16.0,1.6816666666666666,3.880769230769231,26.0,1.625,8.0,18.0,9.501944444444444,10.557716049382716,54.0,3.0,6.0,8.0,2.9319444444444445,17.591666666666665,10.0,1.25,11.646783625730995,42.0,100.0,44.257777777777775,228.0
202420,formato_nuevo,abebdb03488de6b13ef933cf829d1ac8747da9f0754e0323948f83707394e531,APROBÓ,3.26,1.88,ind,3.5,ind,2.28,ind,,,,,,,,,,,2.55,grup,4.55,grup,4.3,grup,3.95,grup,5.5,grup,2.71,grup,5.0,ind,4.0,ind,5.0,ind,5.0,ind,4.0,ind,5.0,ind,3.93,5.67,3.0,12.96148148148148,38.88444444444445,50.0,21.010555555555555,42.73861111111111,84.72888888888889,8.0,18.0,21.010555555555555,13.13159722222222,96.0,5.333333333333333,12.0,21.0,21.72805555555556,17.858675799086758,73.0,3.4761904761904763,9.0,18.0,41.99027777777778,28.9588122605364,87.0,4.833333333333333,19.95484234234234,48.0,115.0,147.66583333333332,444.0
202420,formato_nuevo,acf4ec296b20240333d1b8522ce571cf88c182cf0e9bed7af86657d990e4c8bb,RETIRADO,1.07,2.1,ind,0.0,ind,0.0,ind,,,,,,,,,,,3.85,grup,2.8,grup,3.43,grup,1.75,grup,0.0,grup,0.0,grup,5.0,ind,4.0,ind,5.0,ind,0.0,ind,0.0,ind,0.0,ind,1.97,2.33,0.0,0.0,0.0,0.0,0.0,0.0,0.0,0.0,0.0,0.0,0.0,0.0,0.0,0.0,0.0,0.0,0.0,0.0,0.0,0.0,0.0,0.0,0.0,0.0,0.0,0.0,0.0,0.0,0.0,0.0
202420,formato_nuevo,aeb5d37ac64cfe4d55389a40219d243439b0d984087c8d135c264e907fac5505,REPROBÓ,2.65,2.85,ind,2.3,ind,2.09,ind,,,,,,,,,,,3.77,grup,4.5,grup,3.44,grup,4.3,grup,3.7,grup,3.25,grup,0.0,ind,3.0,ind,0.0,ind,5.0,ind,2.0,ind,3.0,ind,3.83,2.69,3.0,2.9806481481481484,8.941944444444445,41.0,7.000277777777778,19.4925,25.316388888888888,6.0,14.0,7.000277777777778,11.66712962962963,36.0,2.571428571428572,8.0,19.0,12.492222222222225,14.990666666666668,50.0,2.631578947368421,8.0,12.0,5.823888888888889,12.479761904761904,28.0,2.333333333333333,13.676023391812867,38.0,93.0,51.96888888888889,228.0
202420,formato_nuevo,afc1ba2212985adafe1fdfc3911513caa14d31cebae7109ef763bfbeb53e9388,APROBÓ,3.18,3.05,ind,3.68,ind,2.78,ind,,,,,,,,,,,3.49,grup,4.3,grup,3.0,grup,5.0,grup,2.39,grup,4.2,grup,3.0,ind,0.0,ind,2.0,ind,5.0,ind,3.0,ind,0.0,ind,3.73,2.62,3.0,1.3939814814814817,4.1819444444444445,32.0,11.323888888888888,27.446944444444444,30.584444444444443,4.0,7.0,11.323888888888888,24.26547619047619,28.0,4.0,6.0,17.0,16.123055555555556,10.182982456140351,95.0,5.588235294117647,4.0,7.0,3.1375,14.48076923076923,13.0,1.8571428571428568,11.76694560669456,27.0,67.0,46.87166666666667,239.0
202420,formato_nuevo,b190ef87b92a576fac3cc5b650a23a8cc0271a32f3c9c1b28dd2d53f2a4911ad,RETIRADO,0.57,1.55,ind,0.0,ind,0.0,ind,,,,,,,,,,,3.21,grup,1.55,grup,5.8,grup,0.0,grup,0.0,grup,0.0,grup,0.0,ind,0.0,ind,0.0,ind,0.0,ind,0.0,ind,0.0,ind,1.76,0.0,0.0,0.0,0.0,0.0,0.0,0.0,0.0,0.0,0.0,0.0,0.0,0.0,0.0,0.0,0.0,0.0,0.0,0.0,0.0,0.0,0.0,0.0,0.0,0.0,0.0,0.0,0.0,0.0,0.0,0.0
202420,formato_nuevo,b22ed61148b9395c0cc2caee914548db9e43ce829f2a2d13d7869233e15690f6,REPROBÓ,2.4,2.38,ind,3.18,ind,1.43,ind,,,,,,,,,,,3.55,grup,2.75,grup,3.2,grup,1.62,grup,4.3,grup,4.35,grup,3.0,ind,0.0,ind,0.0,ind,3.0,ind,5.0,ind,0.0,ind,3.3,1.83,2.0,3.073611111111111,6.147222222222222,7.0,3.605555555555556,8.186666666666667,13.519444444444446,8.0,15.0,3.605555555555556,4.506944444444445,48.0,3.2,5.0,5.0,4.581111111111111,9.816666666666666,28.0,5.6,6.0,12.0,5.332777777777777,8.420175438596491,38.0,3.1666666666666665,8.59240806642942,40.0,97.0,40.24111111111111,281.0
202420,formato_nuevo,b2ca36ddce2e62809dd5607f3ae56189b83b69f6305d776a0e7102945fc909bc,REPROBÓ,2.74,3.48,ind,2.45,ind,2.38,ind,,,,,,,,,,,4.39,grup,3.76,grup,5.8,grup,0.4499999999999999,grup,5.8,grup,0.0,grup,0.0,ind,0.0,ind,0.0,ind,0.0,ind,0.0,ind,5.0,ind,4.29,1.28,2.0,1.058888888888889,2.117777777777778,11.0,1.3641666666666667,5.076944444444445,15.324722222222222,4.0,6.0,1.3641666666666667,7.440909090909091,11.0,1.8333333333333333,3.0,7.0,3.7127777777777777,13.10392156862745,17.0,2.4285714285714284,3.0,9.0,10.247777777777776,10.787134502923976,57.0,6.333333333333333,8.806439393939394,23.0,46.0,19.374166666666667,132.0
202420,formato_nuevo,b379923ce1f4c31ff7e36e220e1bebe014a143b1f1a7d1eb07e41c48a31b33b8,APROBÓ,3.56,3.5,ind,3.7,ind,3.0,ind,,,,,,,,,,,4.25,grup,4.7,grup,3.9,grup,5.0,grup,5.4,grup,4.8,grup,0.0,ind,5.0,ind,1.0,ind,5.0,ind,3.0,ind,1.0,ind,4.68,3.25,3.0,7.008888888888889,21.026666666666667,31.0,5.166944444444445,22.70527777777778,27.70055555555556,4.0,6.0,5.166944444444445,28.183333333333337,11.0,1.8333333333333333,7.0,14.0,17.538333333333334,21.922916666666666,48.0,3.4285714285714284,8.0,11.0,4.995277777777778,19.98111111111111,15.0,1.3636363636363635,28.5440329218107,29.0,72.0,77.06888888888889,162.0
202420,formato_nuevo,b52a44c1d04a18aa5a1c8df1fa4b5ce21ee997189baba34947ca493a53a0a028,APROBÓ,3.03,3.6,ind,3.15,ind,2.42,ind,,,,,,,,,,,4.1,grup,3.5,grup,0.3,grup,0.5,grup,4.3,grup,4.0,grup,5.0,ind,0.0,ind,5.0,ind,1.0,ind,4.0,ind,2.5,ind,2.78,3.36,3.0,0.0155555555555555,0.0466666666666666,13.0,16.600277777777777,16.606388888888887,16.751944444444444,4.0,8.0,16.600277777777777,31.125520833333333,32.0,4.0,5.0,5.0,0.0061111111111111,0.0733333333333333,5.0,1.0,5.0,6.0,0.1455555555555555,0.8733333333333333,10.0,1.6666666666666667,13.698666666666666,31.0,59.0,28.538888888888888,125.0
202420,formato_nuevo,b60cda8f17ed213a498c9c3547435af270512dcc055cc9cfc48c6161239aa5d2,RETIRADO,0.85,0.9,ind,1.78,ind,0.0,ind,,,,,,,,,,,4.73,grup,4.44,grup,3.39,grup,2.46,grup,0.0,grup,,grup,3.0,ind,3.0,ind,0.0,ind,3.0,ind,0.0,ind,0.0,ind,0.0,1.5,0.0,0.0,0.0,0.0,0.0,0.0,0.0,0.0,0.0,0.0,0.0,0.0,0.0,0.0,0.0,0.0,0.0,0.0,0.0,0.0,0.0,0.0,0.0,0.0,0.0,0.0,0.0,0.0,0.0,0.0
202420,formato_nuevo,b6bee8e1d6f293dde3afb7f9136843ea0957328242415437bad9b9f6e980215e,APROBÓ,3.95,3.08,ind,4.23,ind,3.8,ind,,,,,,,,,,,3.84,grup,4.4,grup,3.7,grup,5.0,grup,3.4,grup,4.4,grup,3.0,ind,2.5,ind,5.0,ind,5.0,ind,3.0,ind,4.0,ind,4.12,4.75,3.0,1.921851851851852,5.765555555555555,35.0,9.0125,15.997222222222222,17.2625,8.0,13.0,9.0125,18.64655172413793,29.0,2.230769230769231,8.0,19.0,6.984722222222223,10.745726495726498,39.0,2.0526315789473686,3.0,5.0,1.2652777777777775,3.795833333333333,20.0,4.0,14.036477987421383,42.0,87.0,49.59555555555556,212.0
202420,formato_nuevo,b76760573b9b65c6bceda69fc13a1438a5be2173ae49381428f50394bdda841c,APROBÓ,3.26,2.83,ind,3.53,ind,3.13,ind,,,,,,,,,,,3.3,grup,1.25,grup,4.1,grup,5.2,grup,3.22,grup,2.15,grup,3.0,ind,0.0,ind,3.0,ind,3.0,ind,0.0,ind,1.5,ind,4.09,2.75,3.0,2.8377777777777777,8.513333333333334,33.0,8.958333333333334,15.728055555555557,21.512222222222224,2.0,4.0,8.958333333333334,44.79166666666666,12.0,3.0,3.0,10.0,6.769722222222223,14.50654761904762,28.0,2.8,4.0,6.0,5.784166666666667,16.526190476190475,21.0,3.5,16.440782828282828,25.0,60.0,36.16972222222222,132.0
202420,formato_nuevo,b96fdc73309b97f2db71462d0ffa397cbf20a9e4ecb2bf29e825d760faec169f,APROBÓ,3.13,2.55,ind,3.88,ind,2.4,ind,,,,,,,,,,,3.3,grup,3.7,grup,3.1,grup,5.2,grup,3.7,grup,3.1,grup,3.0,ind,4.0,ind,0.0,ind,4.0,ind,1.0,ind,5.0,ind,3.68,3.35,3.0,3.080277777777777,9.240833333333333,28.0,9.91388888888889,19.05777777777778,21.64777777777778,5.0,9.0,9.91388888888889,14.870833333333334,40.0,4.444444444444445,9.0,16.0,9.143888888888888,8.708465608465609,63.0,3.9375,5.0,8.0,2.59,4.570588235294117,34.0,4.25,10.96284584980237,37.0,82.0,46.22666666666667,253.0
202420,formato_nuevo,bb0d48908864aa7261429f7d68aed1a00f9c002b9a04e51f5b87b35f1374de34,APROBÓ,4.06,3.68,ind,4.58,ind,3.7,ind,,,,,,,,,,,4.27,grup,4.13,grup,4.2,grup,5.0,grup,2.45,grup,3.55,grup,3.0,ind,3.0,ind,5.0,ind,4.0,ind,0.0,ind,5.0,ind,4.27,4.08,1.0,0.0227777777777777,0.0227777777777777,4.0,2.963611111111111,5.6288888888888895,5.713611111111112,8.0,10.0,2.963611111111111,8.467460317460317,21.0,2.1,5.0,6.0,2.665277777777778,12.301282051282053,13.0,2.1666666666666665,3.0,4.0,0.0847222222222222,0.6354166666666667,8.0,2.0,9.697540983606556,31.0,53.0,19.718333333333334,122.0
202420,formato_nuevo,bbee35eb6fa60e2a0ffde7b5f4b1bb7d1c9895548d5bb4e1ccacd21b8cf9701d,APROBÓ,3.86,3.03,ind,4.03,ind,3.63,ind,,,,,,,,,,,4.73,grup,4.31,grup,3.94,grup,4.86,grup,3.0,grup,3.45,grup,5.0,ind,3.0,ind,5.0,ind,3.0,ind,5.0,ind,5.0,ind,4.16,4.78,1.0,2.046944444444444,2.046944444444444,6.0,0.4627777777777778,4.498611111111112,6.535277777777779,6.0,9.0,0.4627777777777778,1.5425925925925923,18.0,2.0,9.0,13.0,4.035833333333334,5.765476190476191,42.0,3.230769230769231,7.0,8.0,2.036666666666666,6.11,20.0,2.5,11.840092592592592,36.0,70.0,35.52027777777778,180.0
202420,formato_nuevo,be23644e686d0c8292ba424fd0a3fb6b7000a171853b2f6c4a36b1ca79cbd82e,APROBÓ,3.27,3.15,ind,3.0,ind,2.88,ind,,,,,,,,,,,4.15,grup,4.4,grup,3.0,grup,5.2,grup,4.6,grup,3.1,grup,0.0,ind,3.0,ind,5.0,ind,0.0,ind,4.0,ind,4.5,ind,4.08,3.75,3.0,0.3467592592592592,1.040277777777778,26.0,3.672222222222222,10.6625,11.803888888888888,7.0,12.0,3.672222222222222,5.954954954954954,37.0,3.083333333333333,8.0,16.0,6.990277777777778,7.913522012578617,53.0,3.3125,6.0,7.0,1.1413888888888888,3.8046296296296287,18.0,2.571428571428572,7.345206489675516,40.0,92.0,27.666944444444443,226.0
202420,formato_nuevo,bffe36a441e67ebc142adb2196770ec4a3d55dbc599c2b98aaff34fac17ae5a2,APROBÓ,4.68,3.93,ind,4.45,ind,5.0,ind,,,,,,,,,,,3.63,grup,4.1,grup,5.5,grup,5.25,grup,5.8,grup,0.0,grup,5.0,ind,2.0,ind,5.0,ind,5.0,ind,5.0,ind,4.0,ind,4.88,5.33,3.0,0.6707407407407406,2.0122222222222224,16.0,9.696944444444444,13.85388888888889,15.081111111111111,8.0,15.0,9.696944444444444,16.62333333333333,35.0,2.333333333333333,9.0,14.0,4.156944444444444,5.6685606060606055,44.0,3.142857142857143,7.0,13.0,1.2272222222222222,2.3010416666666664,32.0,2.4615384615384617,12.22660731948566,52.0,124.0,68.67277777777778,337.0
202420,formato_nuevo,c088d5d97006b1e10f0d9a4712c1465ebc414f3764b7e7a59375ff2ddd101848,REPROBÓ,2.62,2.28,ind,3.38,ind,1.63,ind,,,,,,,,,,,4.54,grup,3.93,grup,5.75,grup,1.1,grup,1.3,grup,0.0,grup,5.0,ind,0.0,ind,2.0,ind,3.0,ind,3.0,ind,2.0,ind,3.6,2.5,2.0,4.7225,9.445,11.0,15.6125,26.308333333333334,31.351944444444445,6.0,11.0,15.6125,23.41875,40.0,3.636363636363636,10.0,16.0,10.695833333333333,13.654255319148936,47.0,2.9375,6.0,11.0,5.043611111111111,14.410317460317462,21.0,1.9090909090909087,13.996350364963504,43.0,96.0,63.91666666666666,274.0
202420,formato_nuevo,c20eac014fde70092e48bdb36374fe225c98e581145e3cd6aa34243c5a6fb88e,APROBÓ,3.57,3.75,ind,3.4,ind,3.44,ind,,,,,,,,,,,4.54,grup,3.8,grup,4.050000000000001,grup,3.05,grup,4.6,grup,0.0,grup,5.0,ind,0.0,ind,5.0,ind,5.0,ind,5.0,ind,0.5,ind,3.97,3.42,3.0,2.4153703703703706,7.246111111111111,56.0,7.623055555555555,11.5775,14.10388888888889,8.0,13.0,7.623055555555555,18.29533333333333,25.0,1.9230769230769231,9.0,14.0,3.954444444444445,5.1579710144927535,46.0,3.2857142857142856,3.0,4.0,2.526388888888889,3.7895833333333337,40.0,10.0,6.3527564102564105,41.0,73.0,27.52861111111111,260.0
202420,formato_nuevo,c29f0a96fc203181fe4251f9928d86b6c810ef38a5308753f66907689a65e228,REPROBÓ,2.48,1.35,ind,2.48,ind,2.32,ind,,,,,,,,,,,3.63,grup,3.8,grup,4.050000000000001,grup,1.425,grup,4.6,grup,0.0,grup,3.0,ind,0.0,ind,5.0,ind,4.0,ind,4.0,ind,2.0,ind,3.27,3.45,2.0,2.922083333333333,5.844166666666666,25.0,3.8880555555555554,5.840555555555556,8.2925,5.0,9.0,3.8880555555555554,15.552222222222222,15.0,1.6666666666666667,10.0,13.0,1.9525,7.321874999999999,16.0,1.2307692307692308,4.0,5.0,2.4519444444444445,11.316666666666666,13.0,2.6,11.885539215686276,33.0,67.0,26.940555555555555,136.0
202420,formato_nuevo,c334f704c586836905afc630ed69ba4363b7892acd4bf91f85958beae4d1e293,RETIRADO,1.36,2.4,ind,0.0,ind,0.0,ind,,,,,,,,,,,4.975,grup,4.55,grup,4.63,grup,2.88,grup,0.0,grup,0.0,grup,5.0,ind,3.0,ind,5.0,ind,5.0,ind,0.0,ind,0.0,ind,2.84,3.0,0.0,0.0,0.0,0.0,0.0,0.0,0.0,0.0,0.0,0.0,0.0,0.0,0.0,0.0,0.0,0.0,0.0,0.0,0.0,0.0,0.0,0.0,0.0,0.0,0.0,0.0,0.0,0.0,0.0,0.0
202420,formato_nuevo,c36557535b9314c950cdc907d77a137958428d9af0635a9c4746207a9e6eb2d0,RETIRADO,0.52,1.4,ind,0.0,ind,0.0,ind,,,,,,,,,,,4.43,grup,1.0,grup,0.0,grup,0.0,grup,0.0,grup,0.0,grup,0.0,ind,1.0,ind,0.0,ind,3.0,ind,0.0,ind,0.0,ind,0.91,0.67,0.0,0.0,0.0,0.0,0.0,0.0,0.0,0.0,0.0,0.0,0.0,0.0,0.0,0.0,0.0,0.0,0.0,0.0,0.0,0.0,0.0,0.0,0.0,0.0,0.0,0.0,0.0,0.0,0.0,0.0
202420,formato_nuevo,c60160644f2bd733b7145bbcb8311e5d946df0c0509cbb9849951974ea480f35,RETIRADO,0.51,0.9,ind,0.0,ind,0.0,ind,,,,,,,,,,,2.46,grup,3.25,grup,0.0,grup,0.3,grup,0.0,grup,0.0,grup,5.0,ind,0.0,ind,2.0,ind,0.0,ind,0.0,ind,0.0,ind,1.0,1.17,0.0,0.0,0.0,0.0,0.0,0.0,0.0,0.0,0.0,0.0,0.0,0.0,0.0,0.0,0.0,0.0,0.0,0.0,0.0,0.0,0.0,0.0,0.0,0.0,0.0,0.0,0.0,0.0,0.0,0.0
202420,formato_nuevo,c6d25489b4604a77869e025ac8fca75317268e36f2d0bf05642a30db3e20e80f,APROBÓ,4.33,4.48,ind,4.2,ind,3.63,ind,,,,,,,,,,,4.45,grup,4.81,grup,4.78,grup,5.0,grup,5.7,grup,3.7,grup,5.0,ind,5.0,ind,2.0,ind,5.0,ind,5.0,ind,0.0,ind,5.17,4.67,1.0,5.079722222222222,5.079722222222222,6.0,2.9080555555555554,3.7752777777777777,12.875833333333333,4.0,5.0,2.9080555555555554,11.632222222222222,15.0,3.0,3.0,5.0,0.8672222222222222,5.781481481481482,9.0,1.8,6.0,7.0,9.100555555555555,42.0025641025641,13.0,1.8571428571428568,17.66184486373166,37.0,67.0,46.80388888888889,159.0
202420,formato_nuevo,c8027b30d51e586afb756b7f70cf2179124e3c42b9145382b9ee8f2c0cc0e28d,APROBÓ,4.1,3.33,ind,4.28,ind,4.02,ind,,,,,,,,,,,3.35,grup,3.53,grup,3.6,grup,4.12,grup,5.2,grup,4.85,grup,5.0,ind,5.0,ind,3.0,ind,5.0,ind,4.0,ind,3.0,ind,4.11,4.92,3.0,4.746296296296296,14.238888888888887,27.0,17.39027777777778,30.054166666666667,68.08333333333334,8.0,16.0,17.39027777777778,20.45915032679739,51.0,3.1875,7.0,14.0,12.66388888888889,13.56845238095238,56.0,4.0,6.0,12.0,38.02916666666667,67.11029411764706,34.0,2.833333333333333,28.32261072261072,43.0,94.0,135.00444444444443,286.0
202420,formato_nuevo,c9027e3245ac96eed7b2dcd5d85c1a86a09e5101a92e4401c1d595ea0269fa2a,RETIRADO,0.4,1.08,ind,0.0,ind,0.0,ind,,,,,,,,,,,2.23,grup,2.01,grup,0.0,grup,0.0,grup,0.0,grup,0.0,grup,3.0,ind,0.0,ind,0.0,ind,0.0,ind,0.0,ind,0.0,ind,0.71,0.5,0.0,0.0,0.0,0.0,0.0,0.0,0.0,0.0,0.0,0.0,0.0,0.0,0.0,0.0,0.0,0.0,0.0,0.0,0.0,0.0,0.0,0.0,0.0,0.0,0.0,0.0,0.0,0.0,0.0,0.0
202420,formato_nuevo,ca175bf3c57f100279b090dbd9fc0c56562c6c5eee83edcf6993dee89f977c76,APROBÓ,3.87,2.85,ind,4.18,ind,3.75,ind,,,,,,,,,,,5.0,grup,4.88,grup,3.67,grup,4.65,grup,4.7,grup,2.1,grup,5.0,ind,0.0,ind,5.0,ind,4.0,ind,5.0,ind,5.0,ind,4.29,4.52,1.0,18.86916666666667,18.86916666666667,9.0,31.523333333333333,56.02666666666667,57.18444444444445,8.0,12.0,31.523333333333333,27.02,70.0,5.833333333333333,11.0,16.0,24.50333333333333,26.73090909090909,55.0,3.4375,6.0,6.0,1.1577777777777778,2.671794871794872,26.0,4.333333333333333,31.98697257383967,45.0,93.0,168.46472222222224,316.0
202420,formato_nuevo,caeec7e5f0e1ec15cd32e06ddaf3403a71ad81b45ddf559368072dc1c2360e37,APROBÓ,4.45,3.48,ind,5.0,ind,4.65,ind,,,,,,,,,,,5.15,grup,4.8,grup,4.96,grup,4.85,grup,5.2,grup,4.03,grup,0.0,ind,2.0,ind,5.0,ind,5.0,ind,5.0,ind,3.0,ind,4.83,4.08,3.0,0.069074074074074,0.2072222222222222,12.0,12.698611111111113,30.0375,39.76166666666667,5.0,10.0,12.698611111111113,20.050438596491222,38.0,3.8,7.0,12.0,17.33888888888889,16.779569892473116,62.0,5.166666666666667,8.0,15.0,9.724166666666669,14.23048780487805,41.0,2.7333333333333334,17.065203562340965,41.0,92.0,74.51805555555555,262.0
202420,formato_nuevo,cb8b80f67f1134a9c616049b083f925954e0fad54516ab7b978f877475b275a5,APROBÓ,3.42,3.45,ind,3.63,ind,3.38,ind,,,,,,,,,,,3.41,grup,3.93,grup,5.75,grup,0.8,grup,1.3,grup,0.0,grup,0.0,ind,1.0,ind,5.0,ind,0.0,ind,3.0,ind,5.0,ind,3.46,3.08,3.0,2.8544444444444443,8.563333333333333,32.0,6.364444444444445,14.979166666666666,16.836111111111112,8.0,15.0,6.364444444444445,10.049122807017543,38.0,2.533333333333333,13.0,21.0,8.614722222222222,10.768402777777778,48.0,2.2857142857142856,7.0,11.0,1.8569444444444445,6.553921568627452,17.0,1.5454545454545454,7.780734463276836,53.0,113.0,38.25527777777778,295.0
202420,formato_nuevo,cd0553f43b9f18a287ace7717bba1291d24cf87ff99f76d4d25b6d20748cef41,APROBÓ,4.54,3.45,ind,4.5,ind,5.08,ind,,,,,,,,,,,4.73,grup,4.19,grup,3.44,grup,5.0,grup,4.1,grup,3.2,grup,5.0,ind,4.0,ind,5.0,ind,5.0,ind,5.0,ind,5.0,ind,4.39,5.28,1.0,9.4575,9.4575,34.0,16.47111111111111,36.674166666666665,40.67361111111111,7.0,10.0,16.47111111111111,21.96148148148148,45.0,4.5,11.0,19.0,20.203055555555554,15.344092827004218,79.0,4.157894736842105,7.0,8.0,3.999444444444445,10.433333333333334,23.0,2.875,12.77354368932039,51.0,103.0,87.71166666666667,412.0
202420,formato_nuevo,cdf420226e4a449bc700683393ca35cb022661a1588dc1aae57feb3e3455be65,REPROBÓ,1.66,2.03,ind,1.98,ind,1.25,ind,,,,,,,,,,,2.5,grup,4.3,grup,1.85,grup,1.22,grup,1.4,grup,0.71,grup,0.0,ind,0.0,ind,0.0,ind,1.0,ind,3.0,ind,2.0,ind,2.0,1.0,3.0,1.2287962962962962,3.6863888888888887,23.0,1.7861111111111112,7.274444444444445,8.22638888888889,2.0,7.0,1.7861111111111112,8.930555555555555,12.0,1.7142857142857142,8.0,12.0,5.488333333333333,13.172,25.0,2.083333333333333,3.0,6.0,0.9519444444444444,4.759722222222222,12.0,2.0,9.751234567901236,30.0,59.0,17.552222222222223,108.0
202420,formato_nuevo,cf1b9941e115cf368254a9e505b2d379dea1852d922e68184cfadc98213fd956,REPROBÓ,2.19,2.28,ind,1.85,ind,2.5,ind,,,,,,,,,,,3.22,grup,0.0,grup,4.5,grup,0.8,grup,1.4,grup,0.0,grup,0.0,ind,0.0,ind,0.0,ind,0.0,ind,5.0,ind,5.0,ind,1.9,2.42,2.0,2.136388888888889,4.272777777777778,25.0,0.3947222222222222,2.6755555555555555,3.0680555555555555,5.0,10.0,0.3947222222222222,1.029710144927536,23.0,2.3,7.0,12.0,2.2808333333333333,4.5616666666666665,30.0,2.5,3.0,3.0,0.3925,7.85,3.0,1.0,6.931013745704468,33.0,71.0,22.41027777777778,194.0
202420,formato_nuevo,cf6a2e343ff4f49f779f345322b19822ac2bf115a8d8f1449438e5da9b9fd27b,RETIRADO,0.46,1.28,ind,0.0,ind,0.0,ind,,,,,,,,,,,0.0,grup,4.56,grup,0.78,grup,0.0,grup,0.0,grup,,grup,0.0,ind,1.0,ind,5.0,ind,2.0,ind,0.0,ind,0.0,ind,0.0,1.33,0.0,0.0,0.0,0.0,0.0,0.0,0.0,0.0,0.0,0.0,0.0,0.0,0.0,0.0,0.0,0.0,0.0,0.0,0.0,0.0,0.0,0.0,0.0,0.0,0.0,0.0,0.0,0.0,0.0,0.0
202420,formato_nuevo,d06e9303d9c38c8168c3c8076ebaaebd793ae88edca8257ef6d64ff89541ec5e,APROBÓ,4.57,3.75,ind,4.53,ind,4.41,ind,,,,,,,,,,,4.73,grup,4.88,grup,4.78,grup,5.0,grup,4.9,grup,3.7,grup,5.0,ind,5.0,ind,3.0,ind,5.0,ind,5.0,ind,4.0,ind,5.09,5.5,1.0,3.598055555555556,3.598055555555556,11.0,8.882222222222222,25.43027777777778,29.98916666666667,8.0,12.0,8.882222222222222,9.869135802469136,54.0,4.5,6.0,7.0,16.548055555555557,24.82208333333333,40.0,5.714285714285714,6.0,7.0,4.558888888888889,9.432183908045978,29.0,4.142857142857143,13.08152022315202,32.0,65.0,52.10805555555555,239.0
202420,formato_nuevo,d07185e2ebacb8a2c3efe6b310f670d64905b75bae60123edea4f28d24c3ec31,REPROBÓ,2.52,1.93,ind,2.8,ind,2.13,ind,,,,,,,,,,,2.48,grup,3.03,grup,4.5,grup,1.55,grup,2.03,grup,0.0,grup,5.0,ind,1.0,ind,1.0,ind,0.0,ind,5.0,ind,3.0,ind,3.09,2.94,2.0,0.2330555555555555,0.4661111111111111,13.0,2.390277777777778,15.257777777777775,29.06111111111111,4.0,8.0,2.390277777777778,9.561111111111112,15.0,1.875,7.0,15.0,12.8675,22.70735294117647,34.0,2.2666666666666666,4.0,11.0,13.803333333333333,25.88125,32.0,2.909090909090909,15.348626373626372,34.0,77.0,46.5575,182.0
202420,formato_nuevo,d24009d5d3342e6e3a8ca2645dc2adef0660e6db198913301dad8d174d026b03,SIN_NOTA,,,ind,,ind,,ind,,,,,,,,,,,,grup,,grup,,grup,,grup,,grup,,grup,,ind,,ind,,ind,,ind,,ind,,ind,,,1.0,1.8363888888888888,1.8363888888888888,8.0,8.675,16.95277777777778,19.925833333333333,1.0,3.0,8.675,74.35714285714286,7.0,2.333333333333333,3.0,4.0,8.277777777777779,38.20512820512821,13.0,3.25,2.0,3.0,2.973055555555556,59.46111111111111,3.0,1.0,15.507547169811325,22.0,47.0,54.79333333333334,212.0
202420,formato_nuevo,d3958f2ebe0c510bc09467456d18dbb700464c0cbca392c611345c3e44fd2aa0,RETIRADO,0.93,2.48,ind,0.75,ind,0.0,ind,,,,,,,,,,,4.0,grup,3.25,grup,0.22,grup,0.99,grup,0.0,grup,,grup,5.0,ind,0.0,ind,0.0,ind,5.0,ind,0.0,ind,0.0,ind,0.0,1.67,0.0,0.0,0.0,0.0,0.0,0.0,0.0,0.0,0.0,0.0,0.0,0.0,0.0,0.0,0.0,0.0,0.0,0.0,0.0,0.0,0.0,0.0,0.0,0.0,0.0,0.0,0.0,0.0,0.0,0.0
202420,formato_nuevo,d398a98833c6174d4311a153b05b1f66cd2cb6116a191b2bfaa66d7ad51d8880,APROBÓ,3.0,2.0,ind,3.13,ind,2.26,ind,,,,,,,,,,,3.19,grup,4.8,grup,4.4,grup,3.8,grup,5.2,grup,4.65,grup,3.0,ind,2.0,ind,5.0,ind,4.0,ind,4.0,ind,3.5,ind,4.34,4.03,3.0,2.0175,6.0525,45.0,1.4180555555555556,8.435555555555556,13.410833333333333,5.0,9.0,1.4180555555555556,4.254166666666667,20.0,2.2222222222222223,7.0,18.0,7.0175,10.269512195121951,41.0,2.2777777777777777,11.0,17.0,4.9752777777777775,5.237134502923976,57.0,3.3529411764705883,8.992505592841162,45.0,106.0,44.66277777777778,298.0
202420,formato_nuevo,da7f1b1125a280d3294d763ab63499f72bc8684fa038a5e406d76c6ac1e63cb6,REPROBÓ,1.68,1.58,ind,2.6,ind,0.0,ind,,,,,,,,,,,3.5,grup,2.75,grup,2.6,grup,2.35,grup,4.3,grup,3.5,grup,3.0,ind,0.0,ind,0.0,ind,1.0,ind,3.0,ind,0.0,ind,3.17,1.61,3.0,0.1648148148148148,0.4944444444444444,14.0,5.115,10.756666666666668,10.758611111111112,6.0,13.0,5.115,11.803846153846155,26.0,2.0,9.0,13.0,5.641666666666667,19.91176470588235,17.0,1.3076923076923077,1.0,1.0,0.0019444444444444,0.1166666666666666,1.0,1.0,8.929791666666667,36.0,75.0,23.81277777777778,160.0
202420,formato_nuevo,db37a788da1241c5522e76376565c60159358737ed461e08d3841c058d3ce6d4,RETIRADO,1.11,2.0,ind,2.15,ind,0.0,ind,,,,,,,,,,,4.55,grup,3.94,grup,4.5,grup,4.23,grup,0.0,grup,,grup,0.0,ind,2.0,ind,0.0,ind,5.0,ind,0.0,ind,0.0,ind,0.0,1.17,0.0,0.0,0.0,0.0,0.0,0.0,0.0,0.0,0.0,0.0,0.0,0.0,0.0,0.0,0.0,0.0,0.0,0.0,0.0,0.0,0.0,0.0,0.0,0.0,0.0,0.0,0.0,0.0,0.0,0.0
202420,formato_nuevo,de598f3add077b0eaea19495f9187d00d18220bdb59cd57ec3b19a8aebf8031f,APROBÓ,3.52,2.23,ind,2.9,ind,4.13,ind,,,,,,,,,,,3.125,grup,4.0,grup,3.83,grup,4.48,grup,4.7,grup,4.9,grup,3.0,ind,5.0,ind,5.0,ind,5.0,ind,5.0,ind,2.0,ind,4.17,4.61,3.0,1.1249074074074077,3.374722222222222,27.0,1.0972222222222223,1.2061111111111111,3.288055555555556,6.0,10.0,1.0972222222222223,2.743055555555556,24.0,2.4,5.0,9.0,0.1088888888888888,0.3111111111111111,21.0,2.333333333333333,6.0,10.0,2.0819444444444444,5.678030303030303,22.0,2.2,3.007471264367816,39.0,88.0,8.721666666666666,174.0
202420,formato_nuevo,dee1728bc9070e7f7a07384fc08c623106c47dbeefbe7b57d27229af7d1a309b,REPROBÓ,2.92,2.33,ind,3.28,ind,1.1,ind,,,,,,,,,,,5.0,grup,4.81,grup,4.39,grup,4.58,grup,4.7,grup,3.5,grup,5.0,ind,5.0,ind,3.0,ind,5.0,ind,2.0,ind,3.0,ind,4.69,4.35,0.0,0.0,0.0,0.0,5.5616666666666665,6.118333333333333,6.840833333333333,5.0,7.0,5.5616666666666665,19.62941176470588,17.0,2.4285714285714284,3.0,3.0,0.5566666666666666,8.35,4.0,1.3333333333333333,7.0,7.0,0.7225,2.709375,16.0,2.2857142857142856,13.564457831325305,34.0,68.0,37.528333333333336,166.0
202420,formato_nuevo,e354037493d98cb231738098baf1427474353e2e43905db346838f8de203c6de,APROBÓ,3.56,3.4,ind,3.2,ind,4.33,ind,,,,,,,,,,,2.14,grup,3.63,grup,4.5,grup,0.3,grup,4.0,grup,0.0,grup,0.0,ind,2.0,ind,5.0,ind,2.0,ind,5.0,ind,2.5,ind,3.45,3.2,2.0,1.920555555555556,3.841111111111111,11.0,11.294444444444444,19.061944444444443,24.279444444444444,7.0,13.0,11.294444444444444,16.941666666666666,40.0,3.076923076923077,7.0,14.0,7.7675,7.7675,60.0,4.285714285714286,4.0,6.0,5.2175,8.695833333333333,36.0,6.0,12.77330383480826,34.0,69.0,48.11277777777778,226.0
202420,formato_nuevo,e3bd048374940aeda190a6a554c3e07da295e6c1f71980a4ba192c21869a3c50,RETIRADO,0.01,0.0,ind,0.0,ind,0.0,ind,,,,,,,,,,,0.0,grup,0.0,grup,0.0,grup,0.5,grup,0.0,grup,0.0,grup,0.0,ind,0.0,ind,0.0,ind,0.0,ind,0.0,ind,0.0,ind,0.08,0.0,0.0,0.0,0.0,0.0,0.0,0.0,0.0,0.0,0.0,0.0,0.0,0.0,0.0,0.0,0.0,0.0,0.0,0.0,0.0,0.0,0.0,0.0,0.0,0.0,0.0,0.0,0.0,0.0,0.0,0.0
202420,formato_nuevo,e69265e3c34fc216fc074aadc4702a8bb0db5b72b6b6d2a95a28e68c7608bcf3,APROBÓ,3.36,2.43,ind,3.83,ind,3.13,ind,,,,,,,,,,,4.06,grup,4.32,grup,5.0,grup,3.9,grup,2.03,grup,0.0,grup,3.0,ind,3.0,ind,1.0,ind,4.0,ind,5.0,ind,4.0,ind,3.76,3.77,1.0,0.385,0.385,16.0,11.709444444444443,14.574444444444444,16.04,6.0,13.0,11.709444444444443,19.515740740740743,36.0,2.769230769230769,6.0,11.0,2.865,6.611538461538462,26.0,2.363636363636364,4.0,7.0,1.4655555555555555,5.172549019607843,17.0,2.4285714285714284,10.368783068783069,33.0,82.0,32.66166666666667,189.0
202420,formato_nuevo,e79639357403e80432d59c8227864cc37d7d4a73d05739b6b5dbac47862a5afb,APROBÓ,4.52,4.48,ind,4.88,ind,4.23,ind,,,,,,,,,,,4.37,grup,4.5,grup,4.1,grup,5.1,grup,5.4,grup,4.8,grup,5.0,ind,0.0,ind,5.0,ind,3.0,ind,4.0,ind,2.5,ind,4.71,4.25,3.0,1.744074074074074,5.232222222222222,18.0,1.3044444444444443,3.236388888888889,4.0200000000000005,6.0,11.0,1.3044444444444443,5.217777777777778,15.0,1.3636363636363635,8.0,17.0,1.9319444444444445,5.0398550724637685,23.0,1.3529411764705883,7.0,10.0,0.7836111111111111,2.474561403508772,19.0,1.9,11.489615384615384,32.0,73.0,24.894166666666667,130.0
202420,formato_nuevo,ea2d792c890d011ba8bce5e05b2870e33052018d6a236c49a3adf0cd5414d3c1,APROBÓ,3.25,3.13,ind,3.33,ind,2.71,ind,,,,,,,,,,,5.0,grup,4.13,grup,4.11,grup,4.65,grup,0.0,grup,2.75,grup,0.0,ind,0.0,ind,5.0,ind,5.0,ind,3.0,ind,4.0,ind,4.06,3.35,1.0,0.0436111111111111,0.0436111111111111,6.0,2.615833333333333,7.938333333333333,9.073888888888888,3.0,5.0,2.615833333333333,19.61875,8.0,1.6,8.0,10.0,5.3225,15.207142857142856,21.0,2.1,4.0,4.0,1.1355555555555557,5.241025641025642,13.0,3.25,7.55199530516432,32.0,60.0,17.873055555555556,142.0
202420,formato_nuevo,f1a91d2a8433f8b02545c684eb4eb288233d1a8c2523ebfe1d50338e25358828,RETIRADO,1.06,1.55,ind,1.9,ind,0.0,ind,,,,,,,,,,,4.73,grup,4.44,grup,2.67,grup,4.51,grup,0.0,grup,,grup,3.0,ind,1.0,ind,2.0,ind,5.0,ind,0.0,ind,0.0,ind,0.0,1.83,0.0,0.0,0.0,0.0,0.0,0.0,0.0,0.0,0.0,0.0,0.0,0.0,0.0,0.0,0.0,0.0,0.0,0.0,0.0,0.0,0.0,0.0,0.0,0.0,0.0,0.0,0.0,0.0,0.0,0.0
202420,formato_nuevo,f4eec851750bae6145b633565336d32ba9296e8e74cac9efb497c39f2368373e,APROBÓ,4.09,3.83,ind,4.1,ind,4.7,ind,,,,,,,,,,,3.63,grup,4.02,grup,5.5,grup,4.475,grup,3.01,grup,0.0,grup,0.0,ind,2.0,ind,5.0,ind,5.0,ind,4.0,ind,2.0,ind,4.07,3.45,2.0,2.6254166666666667,5.2508333333333335,11.0,6.609722222222223,11.72388888888889,20.677222222222223,7.0,16.0,6.609722222222223,6.196614583333334,64.0,4.0,13.0,24.0,5.114166666666667,6.670652173913044,46.0,1.9166666666666667,9.0,12.0,8.953333333333333,8.526984126984127,63.0,5.25,7.619285714285715,51.0,124.0,44.44583333333333,350.0
202420,formato_nuevo,f5160fb208ad0538caaa2dfa1e69220122c9253c4ef268df45780cc26ac7f4c7,APROBÓ,4.47,4.03,ind,4.3,ind,4.33,ind,,,,,,,,,,,4.71,grup,3.33,grup,6.0,grup,4.925,grup,5.8,grup,0.0,grup,5.0,ind,5.0,ind,5.0,ind,5.0,ind,5.0,ind,2.0,ind,5.12,4.94,3.0,1.5129629629629628,4.538888888888889,21.0,14.124444444444444,19.92833333333333,36.66694444444445,8.0,14.0,14.124444444444444,11.299555555555555,75.0,5.357142857142857,11.0,17.0,5.803888888888889,6.828104575163399,51.0,3.0,7.0,12.0,16.738611111111112,10.916485507246378,92.0,7.666666666666667,9.700893796004204,40.0,83.0,51.25305555555556,317.0
202420,formato_nuevo,f5ffbb1d72835642488984aa69ff7aaaa5713f64d04cc8b80a469bb795e32ea5,APROBÓ,3.37,3.6,ind,3.88,ind,3.38,ind,,,,,,,,,,,2.07,grup,4.7,grup,3.96,grup,2.48,grup,5.3,grup,4.35,grup,0.0,ind,2.0,ind,0.0,ind,0.0,ind,4.0,ind,0.0,ind,3.81,1.75,3.0,1.5512037037037036,4.653611111111111,41.0,11.360277777777778,13.5175,13.555,8.0,18.0,11.360277777777778,7.408876811594203,92.0,5.111111111111111,9.0,14.0,2.1572222222222224,2.489102564102564,52.0,3.7142857142857135,6.0,9.0,0.0375,0.2045454545454545,11.0,1.2222222222222223,4.645540796963948,51.0,123.0,40.803333333333335,527.0
202420,formato_nuevo,f6b6ef2cfbac19f30a2c8600a8056887ef7ecd7c17b59a50cdd63b5811089854,APROBÓ,4.19,3.7,ind,4.4,ind,4.88,ind,,,,,,,,,,,5.0,grup,4.3,grup,2.67,grup,2.7,grup,4.35,grup,4.0,grup,5.0,ind,5.0,ind,0.0,ind,0.0,ind,5.0,ind,4.0,ind,3.84,3.69,3.0,2.1863888888888887,6.559166666666667,45.0,16.320555555555554,36.79805555555555,47.742777777777775,6.0,12.0,16.320555555555554,13.792018779342722,71.0,5.916666666666667,10.0,19.0,20.4775,14.286627906976742,86.0,4.526315789473684,5.0,10.0,10.944722222222222,25.25705128205128,26.0,2.6,15.286354166666666,40.0,90.0,81.52722222222222,320.0
202420,formato_nuevo,f7faa964f702eb2e63dcf0f5f3a18f743c74b01e0f464a5516268996be38c4d5,RETIRADO,2.09,2.8,ind,3.65,ind,0.0,ind,,,,,,,,,,,3.55,grup,4.3,grup,2.88,grup,0.95,grup,0.0,grup,0.0,grup,3.0,ind,4.0,ind,5.0,ind,1.0,ind,0.0,ind,0.0,ind,1.95,2.17,0.0,0.0,0.0,0.0,0.0,0.0,0.0,0.0,0.0,0.0,0.0,0.0,0.0,0.0,0.0,0.0,0.0,0.0,0.0,0.0,0.0,0.0,0.0,0.0,0.0,0.0,0.0,0.0,0.0,0.0
202420,formato_nuevo,f885efbf201c3204556023f569ab1c24cba558a2ddd47aa33f5351e8fc79d37f,REPROBÓ,2.41,2.28,ind,2.8,ind,1.13,ind,,,,,,,,,,,2.615,grup,3.5,grup,4.6,grup,2.7,grup,5.3,grup,5.0,grup,0.0,ind,1.0,ind,2.0,ind,2.0,ind,5.0,ind,2.5,ind,3.95,2.52,3.0,6.5267592592592605,19.580277777777777,38.0,14.009166666666667,14.35138888888889,22.59305555555556,6.0,13.0,14.009166666666667,18.272826086956524,46.0,3.5384615384615383,9.0,15.0,0.3422222222222222,0.8927536231884057,23.0,1.5333333333333334,8.0,8.0,8.241666666666667,26.026315789473685,19.0,2.375,24.02498048399688,53.0,134.0,170.9777777777778,427.0
202420,formato_nuevo,f8b02cca857876b2f236e07d69575797d1800a0102780614869534d02f2c0878,APROBÓ,3.41,3.45,ind,2.35,ind,3.13,ind,,,,,,,,,,,5.0,grup,2.48,grup,4.5,grup,2.15,grup,4.0,grup,0.0,grup,5.0,ind,3.0,ind,5.0,ind,5.0,ind,5.0,ind,5.0,ind,3.91,5.12,2.0,0.0391666666666666,0.0783333333333333,16.0,7.833055555555555,8.337222222222222,9.91,7.0,15.0,7.833055555555555,18.07628205128205,26.0,1.7333333333333334,6.0,10.0,0.5041666666666667,1.2604166666666667,24.0,2.4,6.0,8.0,1.5727777777777778,4.966666666666667,19.0,2.375,6.499122807017543,37.0,77.0,22.63861111111111,209.0
202420,formato_nuevo,f94257b50aabdf81315f9076a07cd06c7e851de3af27bfffd262201de495580c,REPROBÓ,2.04,3.6,ind,2.93,ind,1.85,ind,,,,,,,,,,,0.0,grup,0.0,grup,0.0,grup,0.92,grup,0.0,grup,0.0,grup,0.0,ind,0.0,ind,0.0,ind,0.0,ind,4.0,ind,0.0,ind,0.19,0.67,1.0,0.0,0.0,1.0,2.950277777777778,2.9697222222222224,3.267777777777778,1.0,2.0,2.950277777777778,4.658333333333334,38.0,19.0,2.0,2.0,0.0194444444444444,0.5833333333333334,2.0,1.0,2.0,2.0,0.2980555555555556,8.941666666666666,2.0,1.0,4.99,19.0,28.0,6.2375,75.0
202420,formato_nuevo,fca0d1d70cf92176b22356db9d2ed2f478083a9d3080dd77ae30a7f7ee0077f7,RETIRADO,0.03,0.0,ind,0.0,ind,0.0,ind,,,,,,,,,,,0.5,grup,0.0,grup,0.0,grup,0.5,grup,0.0,grup,0.0,grup,,ind,,ind,,ind,,ind,,ind,,ind,0.17,0.0,0.0,0.0,0.0,0.0,0.0,0.0,0.0,0.0,0.0,0.0,0.0,0.0,0.0,0.0,0.0,0.0,0.0,0.0,0.0,0.0,0.0,0.0,0.0,0.0,0.0,0.0,0.0,0.0,0.0,0.0
202420,formato_nuevo,fca38905bcc59902cf35b41c3546bf34ca281751a8fd3b7e9532c27cb012f8bd,RETIRADO,1.37,1.05,ind,1.78,ind,0.0,ind,,,,,,,,,,,2.125,grup,4.15,grup,3.55,grup,3.9,grup,0.0,grup,0.0,grup,3.0,ind,3.0,ind,5.0,ind,4.0,ind,0.0,ind,0.0,ind,2.29,2.5,0.0,0.0,0.0,0.0,0.0,0.0,0.0,0.0,0.0,0.0,0.0,0.0,0.0,0.0,0.0,0.0,0.0,0.0,0.0,0.0,0.0,0.0,0.0,0.0,0.0,0.0,0.0,0.0,0.0,0.0
202420,formato_nuevo,fdad5c94c8de578e0cc4e8b1b2fef01d8726fcb485bf2aafaf44082c1d8564a9,RETIRADO,0.0,0.0,ind,0.0,ind,0.0,ind,,,,,,,,,,,0.0,grup,0.0,grup,0.0,grup,0.0,grup,0.0,grup,0.0,grup,,ind,,ind,,ind,,ind,,ind,,ind,0.0,0.0,0.0,0.0,0.0,0.0,0.0,0.0,0.0,0.0,0.0,0.0,0.0,0.0,0.0,0.0,0.0,0.0,0.0,0.0,0.0,0.0,0.0,0.0,0.0,0.0,0.0,0.0,0.0,0.0,0.0,0.0
202420,formato_nuevo,feddf9ee6fea197acdb1cb0bf4ef90f26671d06f90c0438cb40137b6e6445ed5,RETIRADO,0.01,0.0,ind,0.0,ind,0.0,ind,,,,,,,,,,,0.0,grup,0.0,grup,0.0,grup,0.5,grup,0.0,grup,0.0,grup,,ind,,ind,,ind,,ind,,ind,,ind,0.08,0.0,0.0,0.0,0.0,0.0,0.0,0.0,0.0,0.0,0.0,0.0,0.0,0.0,0.0,0.0,0.0,0.0,0.0,0.0,0.0,0.0,0.0,0.0,0.0,0.0,0.0,0.0,0.0,0.0,0.0,0.0
202420,formato_nuevo,ff0e88b8e84078d20f3d07e1efabee4cffc985bd3a80cef391a899505729efa4,RETIRADO,1.21,2.83,ind,1.78,ind,0.0,ind,,,,,,,,,,,0.0,grup,4.3,grup,0.0,grup,0.5,grup,0.0,grup,0.0,grup,3.0,ind,0.0,ind,0.0,ind,0.0,ind,0.0,ind,0.0,ind,0.8,0.5,0.0,0.0,0.0,0.0,0.0,0.0,0.0,0.0,0.0,0.0,0.0,0.0,0.0,0.0,0.0,0.0,0.0,0.0,0.0,0.0,0.0,0.0,0.0,0.0,0.0,0.0,0.0,0.0,0.0,0.0
202420,formato_nuevo,ff2f0c9919db869dbe06e9c6ae0bc28c1d703d252ba0da13ce5a57d4e89781ee,APROBÓ,4.12,3.08,ind,4.38,ind,4.5,ind,,,,,,,,,,,4.24,grup,2.61,grup,5.25,grup,3.25,grup,4.0,grup,0.0,grup,0.0,ind,4.0,ind,3.0,ind,2.0,ind,4.0,ind,5.0,ind,4.55,4.0,3.0,6.46462962962963,19.39388888888889,51.0,35.62305555555555,66.18194444444444,94.0672222222222,8.0,16.0,35.62305555555555,19.609021406727827,109.0,6.8125,11.0,16.0,30.558888888888887,14.906775067750678,123.0,7.6875,9.0,17.0,27.885277777777777,16.565511551155115,101.0,5.941176470588236,17.76838061465721,47.0,115.0,167.02277777777778,564.0
202420,formato_nuevo,ff3f79bcd44236bb1d8249f725cbb0bb39fe1c68080b42add7c789043844892d,REPROBÓ,2.74,2.58,ind,2.63,ind,2.27,ind,,,,,,,,,,,4.15,grup,1.5,grup,1.7000000000000002,grup,4.3,grup,4.1,grup,4.1,grup,5.0,ind,0.0,ind,3.0,ind,0.0,ind,4.0,ind,5.0,ind,3.31,3.35,3.0,6.228240740740741,18.684722222222224,27.0,6.882222222222223,38.41333333333333,55.909444444444446,8.0,14.0,6.882222222222223,6.660215053763441,62.0,4.428571428571429,9.0,21.0,31.531111111111112,23.07154471544716,82.0,3.9047619047619047,9.0,11.0,17.496111111111112,47.71666666666667,22.0,2.0,21.48418803418804,44.0,98.0,111.71777777777778,312.0
202510,formato_nuevo,00c17b9da8e44159158c60259b0cc83a65077b7e327478472d624d416c8e0ad7,APROBÓ,3.51,3.85,ind,3.1,ind,2.95,ind,,,,,,,,,,,5.0,ind,4.5,ind,4.13,ind,4.75,ind,0.0,ind,3.55,ind,2.1,ind,4.15,ind,4.5,ind,,,,,,,4.595,3.583333333333333,1.0,2.216111111111111,2.216111111111111,8.0,16.756666666666668,38.32277777777778,41.53,6.0,12.0,16.756666666666668,12.5675,80.0,6.666666666666667,6.0,13.0,21.56611111111112,16.58931623931624,78.0,6.0,3.0,4.0,3.207222222222222,19.24333333333333,10.0,2.5,12.554725609756098,34.0,67.0,68.6325,328.0
202510,formato_nuevo,015690d84570095c982cb7f9354e8c0bec98c922d41238a8a80dbffab61107e0,REPROBÓ,2.57,3.45,ind,2.2125,ind,1.4,ind,,,,,,,,,,,1.62,ind,4.17,ind,0.0,ind,2.55,ind,1.1,ind,3.42,ind,2.85,ind,3.4,ind,4.38,ind,,,,,,,2.9400000000000004,3.543333333333333,3.0,4.250925925925926,12.752777777777778,72.0,20.724166666666665,30.779444444444444,37.15111111111111,4.0,17.0,20.724166666666665,12.952604166666664,96.0,5.647058823529412,6.0,12.0,10.055277777777778,13.115579710144928,46.0,3.8333333333333335,2.0,10.0,6.371666666666667,9.102380952380951,42.0,4.2,11.513267233238905,24.0,72.0,67.73638888888888,353.0
202510,formato_nuevo,03479e765a8be97ff3d9212a71fe5b31c639b0f3fde890ad1dcd094cf7163794,REPROBÓ,2.64,2.45,ind,2.525,ind,1.7,ind,,,,,,,,,,,3.0,ind,3.1,ind,1.46,ind,4.68,ind,1.0,ind,5.15,ind,3.0,ind,2.5,ind,4.411764705882353,ind,,,,,,,3.9825,3.3039215686274512,1.0,0.3886111111111111,0.3886111111111111,10.0,3.210833333333333,11.100277777777777,12.306666666666665,3.0,5.0,3.210833333333333,5.069736842105264,38.0,7.6,6.0,12.0,7.889444444444444,18.20641025641025,26.0,2.1666666666666665,3.0,3.0,1.206388888888889,10.340476190476192,7.0,2.333333333333333,8.656263269639066,21.0,47.0,22.65055555555556,157.0
202510,formato_nuevo,038da78d7dad17f0d1b59cd5d0d274d24b461840fe268482f64bb84721152143,APROBÓ,3.15,3.4,ind,3.5625,ind,1.65,ind,,,,,,,,,,,5.4,ind,2.75,ind,3.5,ind,4.72,ind,0.0,ind,5.0,ind,2.95,ind,2.0,ind,4.5,ind,,,,,,,4.655,3.15,1.0,0.0102777777777777,0.0102777777777777,3.0,4.8875,8.897777777777778,11.39611111111111,4.0,12.0,4.8875,6.109375,48.0,4.0,5.0,10.0,4.010277777777778,9.624666666666666,25.0,2.5,3.0,9.0,2.498333333333333,5.765384615384615,26.0,2.888888888888889,8.841368078175897,22.0,74.0,45.23833333333334,307.0
202510,formato_nuevo,07a9b1b899aecae07b40537d6ed540e3ce6d30540e0df6db397d048fd78f3432,RETIRADO,,1.1,ind,,ind,,ind,,,,,,,,,,,5.0,ind,0.0,ind,,ind,,ind,,ind,,ind,2.4,ind,,ind,,ind,,,,,,,,,0.0,0.0,0.0,0.0,0.0,0.0,0.0,0.0,0.0,0.0,0.0,0.0,0.0,0.0,0.0,0.0,0.0,0.0,0.0,0.0,0.0,0.0,0.0,0.0,0.0,0.0,0.0,0.0,0.0,0.0
202510,formato_nuevo,07d9d22e806a048a139c37cec438d65c660b257be223c4701cb6c8fbcd85ed48,APROBÓ,3.07,3.3,ind,2.35,ind,2.85,ind,,,,,,,,,,,6.4,ind,2.97,ind,0.0,ind,2.63,ind,0.0,ind,5.5,ind,0.0,ind,4.65,ind,4.5,ind,,,,,,,4.375,3.0500000000000003,1.0,0.0191666666666666,0.0191666666666666,6.0,12.396944444444443,19.1975,21.46333333333333,5.0,10.0,12.396944444444443,9.787061403508773,76.0,7.6,6.0,10.0,6.800555555555556,14.070114942528734,29.0,2.9,4.0,8.0,2.265833333333333,4.531666666666666,30.0,3.75,7.27443729903537,27.0,73.0,37.70583333333333,311.0
202510,formato_nuevo,08498601a908a1c3bd48d5f9f2ed6e5625e37d9149975047cb11cf128762ac07,APROBÓ,3.4,3.85,ind,4.0,ind,1.7,ind,,,,,,,,,,,5.25,ind,3.5,ind,4.4,ind,5.0,ind,1.4,ind,4.25,ind,2.3,ind,2.7,ind,4.88,ind,,,,,,,4.725,3.293333333333333,1.0,0.7672222222222222,0.7672222222222222,11.0,5.5475,10.7525,13.279166666666669,5.0,11.0,5.5475,6.657,50.0,4.545454545454546,7.0,16.0,5.205,6.94,45.0,2.8125,1.0,2.0,2.526666666666667,16.84444444444445,9.0,4.5,6.929756795422031,31.0,70.0,26.91055555555556,233.0
202510,formato_nuevo,09cfd63e1e210d1eeb9d81379e02c3bceecfc384adda5457ac1b9de07f705eb1,REPROBÓ,1.11,2.65,ind,0.0,ind,0.0,ind,,,,,,,,,,,0.25,ind,1.95,ind,1.5,ind,0.05,ind,0.0,ind,0.0,ind,4.1,ind,4.75,ind,0.0,ind,,,,,,,0.9375,2.95,0.0,0.0,0.0,0.0,0.0613888888888888,1.5005555555555556,1.5005555555555556,3.0,5.0,0.0613888888888888,0.2833333333333333,13.0,2.6,4.0,8.0,1.4391666666666667,6.167857142857144,14.0,1.75,0.0,0.0,0.0,0.0,0.0,0.0,3.7775555555555553,16.0,37.0,4.7219444444444445,75.0
202510,formato_nuevo,0d589dcfd77f2b80055afbe90bdeed56ab4eea3f9e9ec2878a5a3e5c8e7a0628,APROBÓ,3.99,4.85,ind,3.6,ind,3.35,ind,,,,,,,,,,,5.75,ind,4.1,ind,3.6,ind,4.1,ind,4.08,ind,3.9,ind,4.35,ind,3.0,ind,4.71,ind,,,,,,,4.5075,4.02,1.0,1.5575,1.5575,10.0,11.377222222222224,23.844166666666663,25.75611111111111,3.0,6.0,11.377222222222224,34.13166666666667,20.0,3.333333333333333,5.0,11.0,12.466944444444444,22.00049019607843,34.0,3.090909090909091,2.0,2.0,1.9119444444444444,28.679166666666667,4.0,2.0,17.087391304347825,26.0,44.0,32.75083333333333,115.0
202510,formato_nuevo,0dea482679aaf180a5df071bbd41e3f5d5e5428e9b4b47cb7e3fcebb9f9fa2c8,APROBÓ,3.19,2.65,ind,3.85,ind,2.4,ind,,,,,,,,,,,4.14,ind,3.0,ind,3.45,ind,2.75,ind,2.5,ind,4.4,ind,2.85,ind,3.5,ind,4.38,ind,,,,,,,3.7475,3.5766666666666667,1.0,0.6063888888888889,0.6063888888888889,6.0,10.440833333333334,10.83388888888889,19.37,5.0,9.0,10.440833333333334,24.09423076923077,26.0,2.888888888888889,4.0,5.0,0.3930555555555555,1.6845238095238095,14.0,2.8,2.0,3.0,8.536111111111111,73.16666666666667,7.0,2.333333333333333,18.78760162601625,19.0,30.0,25.676388888888887,82.0
202510,formato_nuevo,10369a6bd64db3a9f6381109cb86779f90e8b8ed46cda7121d581faa2e3bb9df,APROBÓ,3.65,4.6,ind,4.625,ind,1.7,ind,,,,,,,,,,,1.56,ind,3.33,ind,1.1,ind,4.1,ind,3.4,ind,2.58,ind,4.0,ind,4.0,ind,5.0,ind,,,,,,,3.3525,4.333333333333333,3.0,2.06175925925926,6.185277777777777,34.0,4.404722222222222,8.682777777777778,15.026388888888889,5.0,17.0,4.404722222222222,4.894135802469136,54.0,3.176470588235294,6.0,15.0,4.278055555555556,5.9693798449612405,43.0,2.8666666666666667,2.0,11.0,6.343611111111112,13.124712643678162,29.0,2.636363636363636,7.376623376623376,26.0,83.0,37.86666666666667,308.0
202510,formato_nuevo,1305ce0caa9a2b6b3b1d213c55783bc4a6b7973b8b47fcefd264246caa47586f,APROBÓ,3.62,4.05,ind,3.7,ind,2.9,ind,,,,,,,,,,,3.65,ind,4.17,ind,3.2,ind,4.05,ind,2.9,ind,4.33,ind,4.5,ind,1.8,ind,4.71,ind,,,,,,,4.05,3.67,2.0,0.04,0.08,18.0,1.4983333333333333,9.483055555555556,16.851944444444445,4.0,14.0,1.4983333333333333,3.596,25.0,1.7857142857142858,6.0,13.0,7.9847222222222225,10.888257575757576,44.0,3.3846153846153846,2.0,7.0,7.368888888888889,13.816666666666666,32.0,4.571428571428571,9.006095238095238,26.0,61.0,26.267777777777777,175.0
202510,formato_nuevo,13080bf73f4f8c46c7a44257c4b8969423fefb6dcf804d9d5f31dc7eab977c6e,APROBÓ,3.14,3.3,ind,3.75,ind,1.2,ind,,,,,,,,,,,4.0,ind,6.1,ind,2.25,ind,3.88,ind,2.2,ind,0.0,ind,4.625,ind,4.75,ind,3.3823529411764706,ind,,,,,,,4.0575,4.252450980392157,1.0,0.06,0.06,10.0,3.448611111111111,3.7575,3.8280555555555553,4.0,5.0,3.448611111111111,6.897222222222222,30.0,6.0,5.0,6.0,0.3088888888888889,0.9266666666666664,20.0,3.333333333333333,1.0,1.0,0.0705555555555555,0.8466666666666667,5.0,5.0,4.165929203539823,17.0,28.0,7.845833333333333,113.0
202510,formato_nuevo,152938a04a7d7cf098e8339ccbde2669338d296d76aba2d0c9eb41fa1529f818,RETIRADO,,0.4,ind,,ind,,ind,,,,,,,,,,,5.0,ind,3.9,ind,,ind,,ind,,ind,,ind,0.0,ind,,ind,,ind,,,,,,,,,0.0,0.0,0.0,0.0,0.0,0.0,0.0,0.0,0.0,0.0,0.0,0.0,0.0,0.0,0.0,0.0,0.0,0.0,0.0,0.0,0.0,0.0,0.0,0.0,0.0,0.0,0.0,0.0,0.0,0.0
202510,formato_nuevo,15dbd58aeb338372f608844fa985348e95e7873ab637e35f84f68fc4a78c026b,REPROBÓ,1.12,1.67,ind,1.75,ind,0.0,ind,,,,,,,,,,,1.4,ind,1.67,ind,1.75,ind,1.1,ind,0.0,ind,0.0,ind,2.61,ind,0.0,ind,0.0,ind,,,,,,,1.48,0.87,0.0,0.0,0.0,0.0,0.0,0.0,0.0,0.0,0.0,0.0,0.0,0.0,0.0,0.0,0.0,0.0,0.0,0.0,0.0,0.0,0.0,0.0,0.0,0.0,0.0,0.0,0.0,0.0,0.0,0.0
202510,formato_nuevo,165909c716b40bf5d29e695e6c83599383728a0bd3de420f5d85570152d0cc21,RETIRADO,,2.15,ind,,ind,,ind,,,,,,,,,,,2.05,ind,2.5,ind,,ind,,ind,,ind,,ind,4.15,ind,,ind,,ind,,,,,,,,,0.0,0.0,0.0,0.0,0.0,0.0,0.0,0.0,0.0,0.0,0.0,0.0,0.0,0.0,0.0,0.0,0.0,0.0,0.0,0.0,0.0,0.0,0.0,0.0,0.0,0.0,0.0,0.0,0.0,0.0
202510,formato_nuevo,182b23ce5d2ec6851f316e4afba9bf10a9f7b39517e227f97e17a731877ae77e,RETIRADO,,1.7,ind,,ind,,ind,,,,,,,,,,,4.5,ind,2.0,ind,,ind,,ind,,ind,,ind,0.0,ind,,ind,,ind,,,,,,,,,0.0,0.0,0.0,0.0,0.0,0.0,0.0,0.0,0.0,0.0,0.0,0.0,0.0,0.0,0.0,0.0,0.0,0.0,0.0,0.0,0.0,0.0,0.0,0.0,0.0,0.0,0.0,0.0,0.0,0.0
202510,formato_nuevo,1937ddc334ddeaebb49d3a6b0ead8e12850e646d8de12dbfcfdef049fdc068ac,RETIRADO,,2.05,ind,,ind,,ind,,,,,,,,,,,4.5,ind,0.0,ind,,ind,,ind,,ind,,ind,0.8,ind,,ind,,ind,,,,,,,,,0.0,0.0,0.0,0.0,0.0,0.0,0.0,0.0,0.0,0.0,0.0,0.0,0.0,0.0,0.0,0.0,0.0,0.0,0.0,0.0,0.0,0.0,0.0,0.0,0.0,0.0,0.0,0.0,0.0,0.0
202510,formato_nuevo,1993fbe51badeca93be56c4af7e28fd01d7ba1a6a292b783590bb419e7c07946,APROBÓ,4.08,4.4,ind,5.0,ind,3.8,ind,,,,,,,,,,,2.05,ind,5.0,ind,1.7,ind,2.3,ind,1.0,ind,3.83,ind,2.85,ind,3.0,ind,4.264705882352941,ind,,,,,,,3.295,3.37156862745098,2.0,1.7766666666666666,3.553333333333333,17.0,2.493333333333333,12.634444444444444,19.90277777777778,4.0,9.0,2.493333333333333,4.825806451612903,31.0,3.4444444444444446,5.0,11.0,10.141111111111112,9.507291666666667,64.0,5.818181818181818,3.0,3.0,7.268333333333333,29.07333333333333,15.0,5.0,10.705968468468468,18.0,39.0,26.40805555555556,148.0
202510,formato_nuevo,1a222077f8b09a0e595e8bff000948047719c646e1aee35c76e0468bc54194fe,REPROBÓ,2.31,1.15,ind,2.8625,ind,1.4,ind,,,,,,,,,,,3.25,ind,5.0,ind,1.7,ind,2.3,ind,1.0,ind,3.83,ind,2.2,ind,3.0,ind,4.264705882352941,ind,,,,,,,3.595,3.1549019607843136,3.0,5.477407407407408,16.432222222222222,109.0,19.21527777777778,35.477777777777774,38.09333333333333,5.0,13.0,19.21527777777778,19.8778735632184,58.0,4.461538461538462,7.0,16.0,16.2625,10.38031914893617,94.0,5.875,4.0,6.0,2.6155555555555554,5.604761904761905,28.0,4.666666666666667,10.15526524148852,32.0,73.0,71.25611111111111,421.0
202510,formato_nuevo,1a3b6732820b92e9af12ceb5a6a6ebaf92c725bf0c63e14bb224f7737a2f8672,SIN_NOTA,,,ind,,ind,,ind,,,,,,,,,,,,ind,,ind,,ind,,ind,,ind,,ind,,ind,,ind,,ind,,,,,,,,,1.0,0.9747222222222224,0.9747222222222224,4.0,6.235833333333333,10.883333333333333,10.8875,3.0,5.0,6.235833333333333,24.94333333333333,15.0,3.0,4.0,6.0,4.6475,27.885,10.0,1.6666666666666667,1.0,1.0,0.0041666666666666,0.25,1.0,1.0,14.66315789473684,10.0,19.0,13.93,57.0
202510,formato_nuevo,1b16b4d9d60ec7b7a751d85983f187f098707b719f37a06ecaa2775c28757572,APROBÓ,3.43,3.85,ind,4.3,ind,1.85,ind,,,,,,,,,,,3.9,ind,1.56,ind,0.5,ind,5.0,ind,3.1,ind,4.0,ind,1.3,ind,4.7,ind,4.411764705882353,ind,,,,,,,4.0,3.4705882352941178,1.0,0.005,0.005,2.0,2.442222222222222,2.442222222222222,2.891111111111111,4.0,9.0,2.442222222222222,3.573983739837398,41.0,4.555555555555555,1.0,1.0,0.0,0.0,1.0,1.0,2.0,4.0,0.4488888888888889,4.488888888888889,6.0,1.5,3.3693181818181817,18.0,39.0,4.941666666666666,88.0
202510,formato_nuevo,1b4795582e983c1fdfe39983f2a1bcf291e1edec49cd630230127a993290f228,APROBÓ,4.25,5.0,ind,4.75,ind,2.4,ind,,,,,,,,,,,5.9,ind,4.94,ind,4.58,ind,5.83,ind,0.22,ind,0.0,ind,5.0,ind,3.9,ind,4.375,ind,,,,,,,5.3125,4.425,1.0,0.3527777777777778,0.3527777777777778,2.0,31.447777777777777,32.754999999999995,37.994722222222215,5.0,12.0,31.447777777777777,20.509420289855072,92.0,7.666666666666667,5.0,13.0,1.3072222222222225,2.11981981981982,37.0,2.8461538461538463,2.0,7.0,5.239722222222222,22.45595238095238,14.0,2.0,12.801780626780626,20.0,68.0,49.926944444444445,234.0
202510,formato_nuevo,1bc26919c999aca1ea59f19ac79e9c2d54d64f321e3d0ba546bdc0ac9904f05e,APROBÓ,3.03,3.05,ind,2.3125,ind,1.5,ind,,,,,,,,,,,5.5,ind,5.2,ind,3.25,ind,2.78,ind,5.0,ind,5.95,ind,5.0,ind,3.5,ind,4.5,ind,,,,,,,5.4125,4.333333333333333,1.0,5.082777777777777,5.082777777777777,14.0,2.803611111111111,5.560277777777777,6.635833333333333,4.0,5.0,2.803611111111111,10.513541666666669,16.0,3.2,4.0,6.0,2.756666666666667,15.036363636363635,11.0,1.8333333333333333,2.0,2.0,1.0755555555555556,21.51111111111111,3.0,1.5,9.900716845878136,17.0,28.0,15.346111111111112,93.0
202510,formato_nuevo,1c8be1af2bb6766419d517288c1c0d673738f6fac931465b9cc8edc059aa3428,APROBÓ,3.33,3.2,ind,4.05,ind,1.9,ind,,,,,,,,,,,5.0,ind,3.3,ind,4.0,ind,4.2,ind,4.18,ind,4.14,ind,4.0,ind,3.0,ind,3.9705882352941178,ind,,,,,,,4.38,3.656862745098039,1.0,0.2666666666666666,0.2666666666666666,5.0,7.160833333333334,12.723055555555556,17.842222222222222,6.0,12.0,7.160833333333334,13.019696969696971,33.0,2.75,6.0,9.0,5.562222222222222,11.124444444444444,30.0,3.333333333333333,3.0,4.0,5.119166666666667,38.39375,8.0,2.0,12.693169398907104,28.0,50.0,25.809444444444445,122.0
202510,formato_nuevo,1cadef954169bd7d38a52a71bde4dedc598b4c861c4449e6354e9d1c9a745b74,APROBÓ,4.13,4.75,ind,3.9375,ind,3.6,ind,,,,,,,,,,,5.0,ind,4.8,ind,2.65,ind,4.5,ind,5.3,ind,0.3,ind,2.7,ind,3.8,ind,4.71,ind,,,,,,,4.9,3.736666666666667,1.0,0.0908333333333333,0.0908333333333333,2.0,1.1333333333333333,5.724166666666667,6.024444444444445,5.0,10.0,1.1333333333333333,4.25,16.0,1.6,6.0,11.0,4.590833333333333,8.6078125,32.0,2.909090909090909,2.0,3.0,0.3002777777777777,3.0027777777777778,6.0,2.0,4.447902097902098,27.0,58.0,10.600833333333334,143.0
202510,formato_nuevo,1eb9ac602c3072b7c8da4adacd5d14ae7d86c0faeece5edb34904ecf6000b160,REPROBÓ,1.97,2.8,ind,1.325,ind,0.5333333333333333,ind,,,,,,,,,,,4.75,ind,0.5,ind,1.7,ind,4.05,ind,0.0,ind,1.3,ind,2.85,ind,3.1,ind,4.12,ind,,,,,,,2.95,3.356666666666667,1.0,2.319166666666667,2.319166666666667,28.0,24.77611111111111,44.7625,55.86194444444445,6.0,10.0,24.77611111111111,16.702996254681647,89.0,8.9,5.0,9.0,19.98638888888889,13.627083333333331,88.0,9.77777777777778,2.0,3.0,11.099444444444444,16.649166666666666,40.0,13.333333333333334,11.785338345864664,24.0,49.0,78.3725,399.0
202510,formato_nuevo,253ea7aaa0e4ef63b95095723ba9de485c307819a55a1211035ad677c8c5873b,APROBÓ,4.5,3.9,ind,5.0,ind,3.8,ind,,,,,,,,,,,6.5,ind,3.91,ind,4.75,ind,6.67,ind,6.39,ind,4.75,ind,2.5,ind,4.7,ind,5.0,ind,,,,,,,6.0775,4.066666666666666,1.0,15.755,15.755,11.0,32.06944444444444,58.876666666666665,67.72694444444444,5.0,13.0,32.06944444444444,23.182730923694777,83.0,6.384615384615385,7.0,17.0,26.807222222222222,9.990269151138715,161.0,9.470588235294118,4.0,9.0,8.850277777777778,17.129569892473118,31.0,3.4444444444444446,18.662530413625305,33.0,94.0,170.45111111111112,548.0
202510,formato_nuevo,2c987b8486cff65cffff0e56ec3386013666b78aee95134a5a4ff947002c7a01,APROBÓ,3.53,3.5,ind,4.525,ind,1.4,ind,,,,,,,,,,,4.5,ind,5.0,ind,3.17,ind,4.65,ind,3.2,ind,5.4,ind,5.0,ind,2.7,ind,4.71,ind,,,,,,,4.8875,4.136666666666667,1.0,3.2555555555555555,3.2555555555555555,4.0,4.181666666666667,11.116388888888888,11.116388888888888,4.0,6.0,4.181666666666667,7.840625,32.0,5.333333333333333,6.0,11.0,6.934722222222222,9.246296296296295,45.0,4.090909090909091,0.0,0.0,0.0,0.0,0.0,0.0,15.7812962962963,23.0,42.0,47.34388888888889,180.0
202510,formato_nuevo,2ca6c8df73221b09e2671bcbedc0e00e3bcee25aad82ddd3dce347e60a079edd,APROBÓ,3.22,2.85,ind,3.65,ind,1.6,ind,,,,,,,,,,,5.75,ind,3.4,ind,3.78,ind,4.05,ind,3.28,ind,5.84,ind,3.75,ind,3.85,ind,4.5588235294117645,ind,,,,,,,4.855,4.052941176470588,1.0,1.1502777777777775,1.1502777777777775,13.0,26.850555555555555,41.90277777777778,48.70888888888889,6.0,12.0,26.850555555555555,28.76845238095238,56.0,4.666666666666667,4.0,11.0,15.052222222222222,18.062666666666665,50.0,4.545454545454546,3.0,4.0,6.806111111111111,20.418333333333333,20.0,5.0,17.41987818383167,31.0,66.0,87.38972222222222,301.0
202510,formato_nuevo,3237fceabe580655e0e0599a71d94088cd838cb01b06b0e93c268dea3cb43605,RETIRADO,,3.0,ind,,ind,,ind,,,,,,,,,,,3.06,ind,3.7,ind,,ind,,ind,,ind,,ind,2.1,ind,,ind,,ind,,,,,,,,,0.0,0.0,0.0,0.0,0.0,0.0,0.0,0.0,0.0,0.0,0.0,0.0,0.0,0.0,0.0,0.0,0.0,0.0,0.0,0.0,0.0,0.0,0.0,0.0,0.0,0.0,0.0,0.0,0.0,0.0
202510,formato_nuevo,33bef6b84b801bd000df08e5bda42b187fd21fdee42bdb656ca05f18556d24a8,REPROBÓ,2.78,3.85,ind,1.65,ind,2.15,ind,,,,,,,,,,,4.0,ind,4.0,ind,2.5,ind,4.68,ind,0.25,ind,5.35,ind,2.05,ind,1.8,ind,3.823529411764706,ind,,,,,,,4.5075,2.557843137254902,1.0,0.0541666666666666,0.0541666666666666,7.0,6.275277777777778,9.962777777777776,11.085277777777778,3.0,4.0,6.275277777777778,20.917592592592595,18.0,4.5,5.0,11.0,3.6875,7.375,30.0,2.727272727272727,2.0,2.0,1.1225,16.837500000000002,4.0,2.0,10.125657894736843,13.0,27.0,12.825833333333334,76.0
202510,formato_nuevo,39600fd0f69115cb46d46f90d271f468a33bfa4147606a11804a1392dce86267,APROBÓ,3.45,4.35,ind,3.9,ind,1.6,ind,,,,,,,,,,,3.5,ind,5.6,ind,3.75,ind,4.05,ind,3.2,ind,0.75,ind,2.3,ind,4.9,ind,4.25,ind,,,,,,,4.225,3.8166666666666655,1.0,0.38,0.38,11.0,7.0569444444444445,11.56222222222222,11.56222222222222,3.0,5.0,7.0569444444444445,13.658602150537636,31.0,6.2,6.0,12.0,4.505277777777778,7.11359649122807,38.0,3.1666666666666665,0.0,0.0,0.0,0.0,0.0,0.0,8.779761904761905,16.0,34.0,20.48611111111111,140.0
202510,formato_nuevo,3c0316b65487431001b97661abd6bdc8248eeb5acb06d64f41edb9cb9360c04a,APROBÓ,3.08,3.4,ind,3.725,ind,1.7,ind,,,,,,,,,,,1.65,ind,4.33,ind,3.8,ind,1.35,ind,2.9,ind,4.33,ind,1.8,ind,3.8,ind,3.68,ind,,,,,,,3.84,3.0933333333333333,3.0,1.5985185185185184,4.795555555555556,16.0,2.826111111111111,8.918888888888889,10.373055555555556,5.0,17.0,2.826111111111111,4.844761904761905,35.0,2.0588235294117645,7.0,13.0,6.092777777777778,4.154166666666667,88.0,6.769230769230769,2.0,3.0,1.4541666666666666,12.464285714285714,7.0,2.333333333333333,8.38422459893048,29.0,65.0,26.13083333333333,187.0
202510,formato_nuevo,403b3d85b369e8ed810483a64972e4ad98e4bb9fe7f112be986fb0277237b23d,APROBÓ,3.14,2.55,ind,3.45,ind,1.75,ind,,,,,,,,,,,5.43,ind,3.3,ind,3.2,ind,3.95,ind,0.38,ind,4.05,ind,4.5,ind,4.8,ind,4.71,ind,,,,,,,4.1825,4.670000000000001,1.0,0.1480555555555555,0.1480555555555555,3.0,0.7213888888888889,12.224444444444444,12.224444444444444,4.0,8.0,0.7213888888888889,3.329487179487179,13.0,1.625,5.0,11.0,11.503055555555555,32.865873015873014,21.0,1.9090909090909087,0.0,0.0,0.0,0.0,0.0,0.0,18.309477124183005,14.0,29.0,15.563055555555556,51.0
202510,formato_nuevo,438cd82562d9cdcd20013f33634df6c5d87f97ac987feb2e6e8838a86d7a30f7,REPROBÓ,2.91,2.5,ind,3.125,ind,2.05,ind,,,,,,,,,,,5.75,ind,3.1,ind,1.4,ind,4.1,ind,1.78,ind,3.2,ind,2.8,ind,3.35,ind,3.9705882352941178,ind,,,,,,,4.0375000000000005,3.373529411764706,1.0,0.0358333333333333,0.0358333333333333,10.0,6.238611111111111,21.13055555555556,21.409444444444446,4.0,9.0,6.238611111111111,8.13731884057971,46.0,5.111111111111111,5.0,14.0,14.891944444444444,20.30719696969697,44.0,3.142857142857143,4.0,5.0,0.2788888888888889,1.2871794871794873,13.0,2.6,8.937280701754386,34.0,71.0,33.961666666666666,228.0
202510,formato_nuevo,450b5d61acca997908aba0611676dc142393ba4e26c780eaca2ce3bd8ca3451e,APROBÓ,4.38,4.55,ind,4.075,ind,3.9,ind,,,,,,,,,,,4.5,ind,5.6,ind,3.79,ind,4.3,ind,4.3,ind,5.15,ind,5.0,ind,5.0,ind,4.852941176470588,ind,,,,,,,4.8875,4.950980392156862,1.0,0.2508333333333333,0.2508333333333333,4.0,0.0055555555555555,3.5727777777777776,3.8705555555555553,1.0,2.0,0.0055555555555555,0.0833333333333333,4.0,2.0,4.0,9.0,3.567222222222222,10.192063492063491,21.0,2.333333333333333,2.0,2.0,0.2977777777777777,3.573333333333333,5.0,2.5,8.583574879227053,23.0,46.0,19.74222222222222,138.0
202510,formato_nuevo,45f43b2a87a6209a8157e763a5766ff7fca721b9652b8eacb3070f8ee6d0f58c,REPROBÓ,2.95,2.45,ind,2.775,ind,2.0,ind,,,,,,,,,,,4.5,ind,4.9,ind,0.0,ind,4.88,ind,4.55,ind,4.85,ind,3.25,ind,3.2,ind,4.5588235294117645,ind,,,,,,,4.795,3.669607843137255,1.0,0.0336111111111111,0.0336111111111111,5.0,14.165555555555557,18.706666666666667,19.120555555555555,3.0,4.0,14.165555555555557,31.47901234567901,27.0,6.75,5.0,6.0,4.541111111111111,13.623333333333337,20.0,3.333333333333333,3.0,3.0,0.4138888888888888,4.966666666666667,5.0,1.6666666666666667,19.055498281786942,20.0,31.0,30.80638888888889,97.0
202510,formato_nuevo,47ffc7a04e0b4ae2e23a8d911de2bf45f39801f18335d8ac7fea9e012ae6f956,APROBÓ,3.26,4.15,ind,4.25,ind,0.9,ind,,,,,,,,,,,5.2,ind,1.48,ind,2.25,ind,3.61,ind,3.1,ind,0.0,ind,4.625,ind,4.0,ind,3.68,ind,,,,,,,3.54,4.101666666666667,1.0,0.0,0.0,1.0,11.415833333333332,13.174444444444443,14.130277777777778,4.0,10.0,11.415833333333332,15.221111111111112,45.0,4.5,3.0,10.0,1.7586111111111111,2.3981060606060605,44.0,4.4,2.0,4.0,0.9558333333333332,3.373529411764706,17.0,4.25,4.93745704467354,25.0,61.0,15.964444444444444,194.0
202510,formato_nuevo,4974131b2eb8e62ff108634ef2f12a65aeb5165ef93bfc3108735e968bae9182,APROBÓ,3.38,3.5,ind,3.65,ind,1.25,ind,,,,,,,,,,,5.25,ind,4.0,ind,4.5,ind,4.4,ind,0.0,ind,5.75,ind,5.0,ind,4.75,ind,4.411764705882353,ind,,,,,,,4.975,4.720588235294118,0.0,0.0,0.0,0.0,15.028888888888888,36.08111111111111,36.94027777777778,3.0,7.0,15.028888888888888,36.06933333333333,25.0,3.571428571428572,5.0,14.0,21.052222222222223,24.291025641025644,52.0,3.7142857142857135,3.0,3.0,0.8591666666666666,12.8875,4.0,1.3333333333333333,23.574646464646463,27.0,58.0,64.83027777777778,165.0
202510,formato_nuevo,4d32a5bca08380e7955c11017eb8b36ae151effd6742a2fa8bfd87677b4282b8,APROBÓ,3.66,4.15,ind,3.65,ind,2.35,ind,,,,,,,,,,,4.25,ind,4.9,ind,3.17,ind,0.3,ind,3.95,ind,5.4,ind,5.0,ind,4.0,ind,3.68,ind,,,,,,,4.625,4.226666666666667,1.0,0.0394444444444444,0.0394444444444444,6.0,0.0144444444444444,0.0908333333333333,0.0969444444444444,3.0,4.0,0.0144444444444444,0.1444444444444444,6.0,1.5,3.0,7.0,0.0763888888888889,0.3055555555555556,15.0,2.142857142857143,1.0,1.0,0.0061111111111111,0.3666666666666667,1.0,1.0,2.2384920634920635,15.0,25.0,1.5669444444444445,42.0
202510,formato_nuevo,5021224dc23340baa9e357016606424642bd8f988524a275886c4c74ef706e87,APROBÓ,3.65,3.45,ind,4.1875,ind,2.05,ind,,,,,,,,,,,6.5,ind,4.47,ind,1.5,ind,5.56,ind,3.4,ind,5.0,ind,3.3,ind,4.95,ind,3.68,ind,,,,,,,5.382499999999999,3.9766666666666666,1.0,0.0566666666666666,0.0566666666666666,5.0,3.1902777777777778,5.036388888888888,5.135277777777778,5.0,9.0,3.1902777777777778,6.836309523809524,28.0,3.111111111111111,5.0,12.0,1.846111111111111,3.692222222222222,30.0,2.5,2.0,2.0,0.0988888888888888,0.4944444444444444,12.0,6.0,4.271428571428571,24.0,63.0,13.455,189.0
202510,formato_nuevo,50584de02d551a8a53553b42f04828bf0c6d3d4fb8ee8b7d92fbbf46156efe26,RETIRADO,,0.0,ind,,ind,,ind,,,,,,,,,,,4.5,ind,2.3,ind,,ind,,ind,,ind,,ind,2.05,ind,,ind,,ind,,,,,,,,,0.0,0.0,0.0,0.0,0.0,0.0,0.0,0.0,0.0,0.0,0.0,0.0,0.0,0.0,0.0,0.0,0.0,0.0,0.0,0.0,0.0,0.0,0.0,0.0,0.0,0.0,0.0,0.0,0.0,0.0
202510,formato_nuevo,51d5d57bd3b51ecccac3b1f682c1adfe310a0d7f6afecd3d8a9684ff20af1867,RETIRADO,,0.7,ind,,ind,,ind,,,,,,,,,,,1.5,ind,4.61,ind,,ind,,ind,,ind,,ind,0.0,ind,,ind,,ind,,,,,,,,,0.0,0.0,0.0,0.0,0.0,0.0,0.0,0.0,0.0,0.0,0.0,0.0,0.0,0.0,0.0,0.0,0.0,0.0,0.0,0.0,0.0,0.0,0.0,0.0,0.0,0.0,0.0,0.0,0.0,0.0
202510,formato_nuevo,551466584928e3e630dd72ccc6300ceecf56000b91d2a83aa5644438ac53b515,RETIRADO,,0.45,ind,,ind,,ind,,,,,,,,,,,1.5799999999999998,ind,3.22,ind,,ind,,ind,,ind,,ind,5.0,ind,,ind,,ind,,,,,,,,,0.0,0.0,0.0,0.0,0.0,0.0,0.0,0.0,0.0,0.0,0.0,0.0,0.0,0.0,0.0,0.0,0.0,0.0,0.0,0.0,0.0,0.0,0.0,0.0,0.0,0.0,0.0,0.0,0.0,0.0
202510,formato_nuevo,55b4e72b322d1dc2ef30a0465a0aa5fa618cabed4ce12e18aa69123c0367a2ab,REPROBÓ,2.26,1.15,ind,2.6125,ind,1.15,ind,,,,,,,,,,,2.0,ind,3.61,ind,1.25,ind,1.1,ind,2.9,ind,2.17,ind,5.0,ind,4.4,ind,4.411764705882353,ind,,,,,,,2.67,4.603921568627452,3.0,0.1147222222222222,0.3441666666666667,20.0,0.0025,0.0419444444444444,0.0419444444444444,2.0,3.0,0.0025,0.03,5.0,1.6666666666666667,5.0,5.0,0.0394444444444444,0.1577777777777777,15.0,3.0,0.0,0.0,0.0,0.0,0.0,0.0,0.6446502057613169,18.0,25.0,0.8702777777777778,81.0
202510,formato_nuevo,6236fd55d090938d0215de2f6148469db3a3dc0fa9b68737de6d05de0c5bccd8,REPROBÓ,2.38,3.15,ind,2.05,ind,1.8,ind,,,,,,,,,,,4.86,ind,2.0,ind,2.05,ind,2.75,ind,0.0,ind,3.05,ind,0.25,ind,1.88,ind,4.13,ind,,,,,,,3.1775,2.0866666666666664,1.0,0.0052777777777777,0.0052777777777777,1.0,30.25361111111112,80.19333333333333,99.08194444444445,6.0,12.0,30.25361111111112,23.884429824561405,76.0,6.333333333333333,7.0,15.0,49.93972222222222,36.99238683127572,81.0,5.4,4.0,4.0,18.88861111111111,37.77722222222222,30.0,7.5,25.424597701149423,35.0,67.0,122.88555555555556,290.0
202510,formato_nuevo,635be0a0b1c193fac1f88a89ba194900958b7cc79e780c2ec0d3fab42725d637,APROBÓ,3.32,3.45,ind,3.6625,ind,1.25,ind,,,,,,,,,,,5.0,ind,1.5,ind,2.54,ind,1.63,ind,4.25,ind,5.5,ind,5.0,ind,5.0,ind,5.0,ind,,,,,,,4.3225,5.0,1.0,5.570555555555556,5.570555555555556,12.0,0.1794444444444444,0.2441666666666666,0.2441666666666666,3.0,5.0,0.1794444444444444,0.6333333333333333,17.0,3.4,3.0,3.0,0.0647222222222222,0.6472222222222223,6.0,2.0,0.0,0.0,0.0,0.0,0.0,0.0,4.818888888888889,15.0,30.0,7.228333333333333,90.0
202510,formato_nuevo,6498d9bc8c8b94b39c64e48261b32e6983f8f189448159dce72c48ac7acacb8f,APROBÓ,3.46,3.75,ind,3.975,ind,1.95,ind,,,,,,,,,,,5.0,ind,4.8,ind,1.79,ind,0.3,ind,4.3,ind,5.65,ind,0.8,ind,4.95,ind,3.9705882352941178,ind,,,,,,,4.9375,3.2401960784313726,1.0,0.4630555555555555,0.4630555555555555,5.0,1.0380555555555555,3.794444444444444,3.794444444444444,4.0,6.0,1.0380555555555555,3.892708333333333,16.0,2.6666666666666665,3.0,6.0,2.756388888888889,20.672916666666666,8.0,1.3333333333333333,0.0,0.0,0.0,0.0,0.0,0.0,8.786612021857923,14.0,32.0,8.933055555555555,61.0
202510,formato_nuevo,69fe2bbbcef9f2ae87cd712208912788885b5ffb8c5991974cedd62bae9ea974,APROBÓ,3.56,3.8,ind,4.0625,ind,1.35,ind,,,,,,,,,,,4.2,ind,1.99,ind,5.25,ind,6.17,ind,6.0,ind,5.0,ind,3.2,ind,4.1,ind,4.852941176470588,ind,,,,,,,5.605,4.050980392156863,1.0,0.0402777777777777,0.0402777777777777,9.0,6.387777777777778,9.441666666666666,12.5375,5.0,11.0,6.387777777777778,11.977083333333333,32.0,2.909090909090909,5.0,8.0,3.053888888888889,8.725396825396825,21.0,2.625,2.0,6.0,3.095833333333333,18.575,10.0,1.6666666666666667,5.988921568627451,19.0,57.0,16.968611111111112,170.0
202510,formato_nuevo,6d66599bf7a61ea7753fda0dfd41b097730371a9283f1ae56c2b6b7910054e39,RETIRADO,,0.0,ind,,ind,,ind,,,,,,,,,,,1.0,ind,0.0,ind,,ind,,ind,,ind,,ind,0.0,ind,,ind,,ind,,,,,,,,,0.0,0.0,0.0,0.0,0.0,0.0,0.0,0.0,0.0,0.0,0.0,0.0,0.0,0.0,0.0,0.0,0.0,0.0,0.0,0.0,0.0,0.0,0.0,0.0,0.0,0.0,0.0,0.0,0.0,0.0
202510,formato_nuevo,722300b4b2f9ae61d8eec5e935f2147268a0b545a94765e6921ac9d3b4c59819,APROBÓ,3.59,3.25,ind,3.8125,ind,2.5,ind,,,,,,,,,,,7.65,ind,5.25,ind,4.85,ind,3.89,ind,3.1,ind,0.0,ind,2.1,ind,4.1,ind,4.71,ind,,,,,,,5.41,3.6366666666666663,1.0,3.058611111111111,3.058611111111111,9.0,4.595,7.911666666666667,10.094722222222224,5.0,12.0,4.595,3.9956521739130433,69.0,5.75,6.0,13.0,3.316666666666667,7.653846153846154,26.0,2.0,2.0,4.0,2.183055555555556,11.907575757575758,11.0,2.75,7.273245614035088,24.0,73.0,32.24472222222222,266.0
202510,formato_nuevo,73db38167520a077551aec9c11658fbe44f9e85ad36bc47119a9354da0d56169,REPROBÓ,2.12,2.9,ind,1.75,ind,0.6666666666666666,ind,,,,,,,,,,,4.0,ind,4.4,ind,1.5,ind,0.0,ind,0.25,ind,4.1,ind,3.5,ind,0.0,ind,4.71,ind,,,,,,,3.5,2.736666666666667,1.0,0.0047222222222222,0.0047222222222222,4.0,1.4366666666666668,1.4530555555555555,1.4530555555555555,2.0,3.0,1.4366666666666668,5.746666666666667,15.0,5.0,3.0,4.0,0.0163888888888888,0.0468253968253968,21.0,5.25,1.0,1.0,0.0,0.0,1.0,1.0,4.357534246575343,15.0,25.0,5.301666666666667,73.0
202510,formato_nuevo,7433b1d80de0fe65a3d7e67b845f1d1f4741d42550c764ef4e0f1f222c2f7292,REPROBÓ,1.74,2.65,ind,2.05,ind,0.5,ind,,,,,,,,,,,5.0,ind,3.5,ind,0.0,ind,5.0,ind,0.0,ind,0.0,ind,0.0,ind,1.3,ind,0.0,ind,,,,,,,3.375,0.4333333333333333,1.0,0.2908333333333333,0.2908333333333333,3.0,13.011944444444444,21.253888888888888,21.30861111111111,6.0,12.0,13.011944444444444,16.610992907801418,47.0,3.9166666666666665,5.0,9.0,8.241944444444444,13.01359649122807,38.0,4.222222222222222,2.0,3.0,0.0547222222222222,1.0944444444444443,3.0,1.0,10.93175925925926,27.0,58.0,32.79527777777778,180.0
202510,formato_nuevo,74d3d0d6c25d6216ea49b0783bacbd1aa65c70a8741a9adcce2ac435a358b751,APROBÓ,3.05,3.35,ind,3.6,ind,2.05,ind,,,,,,,,,,,6.3,ind,2.75,ind,3.85,ind,2.5,ind,0.0,ind,4.75,ind,2.25,ind,3.95,ind,0.0,ind,,,,,,,4.4125,2.066666666666667,1.0,1.5108333333333333,1.5108333333333333,6.0,6.276666666666666,30.9875,40.63444444444445,3.0,9.0,6.276666666666666,16.37391304347826,23.0,2.555555555555556,5.0,11.0,24.710833333333333,23.16640625,64.0,5.818181818181818,4.0,7.0,9.646944444444443,32.156481481481485,18.0,2.571428571428572,16.826600985221674,20.0,64.0,56.93,203.0
202510,formato_nuevo,7a3b076dc901ba2fbac3205bd73034d28a9c1a2d1d30cccda162a7a702f7a708,APROBÓ,3.62,3.2,ind,2.5375,ind,3.6,ind,,,,,,,,,,,6.9,ind,3.52,ind,6.0,ind,3.89,ind,3.4,ind,5.0,ind,3.0,ind,4.8,ind,4.852941176470588,ind,,,,,,,5.4475,4.2176470588235295,1.0,0.0319444444444444,0.0319444444444444,1.0,0.5708333333333333,1.6405555555555555,4.536111111111111,3.0,8.0,0.5708333333333333,2.446428571428572,14.0,1.75,4.0,12.0,1.0697222222222222,1.1885802469135802,54.0,4.5,1.0,7.0,2.895555555555556,9.651851851851852,18.0,2.571428571428572,5.67504873294347,17.0,52.0,16.17388888888889,171.0
202510,formato_nuevo,7c3b7e087e356f33f150248883f9f413e0ab9324c1c3f34eca6f6fdf696673c2,APROBÓ,4.11,3.4,ind,4.9375,ind,3.5,ind,,,,,,,,,,,4.5,ind,3.65,ind,3.17,ind,4.8,ind,3.2,ind,4.9,ind,4.625,ind,4.0,ind,4.411764705882353,ind,,,,,,,4.4625,4.345588235294118,1.0,0.0694444444444444,0.0694444444444444,6.0,1.4666666666666666,5.398055555555556,5.403888888888889,3.0,5.0,1.4666666666666666,6.769230769230769,13.0,2.6,6.0,7.0,3.931388888888889,11.794166666666666,20.0,2.857142857142857,3.0,3.0,0.0058333333333333,0.07,5.0,1.6666666666666667,6.2550632911392405,23.0,34.0,8.235833333333334,79.0
202510,formato_nuevo,81a09a151516f72e313581f367caa3f097c6689751a49d6b50479c48a751bd47,REPROBÓ,2.85,2.7,ind,2.775,ind,1.55,ind,,,,,,,,,,,1.35,ind,3.33,ind,1.1,ind,4.1,ind,3.4,ind,2.58,ind,5.0,ind,4.9,ind,4.56,ind,,,,,,,3.3525,4.82,3.0,0.1580555555555555,0.4741666666666667,15.0,4.8425,9.48,13.386944444444444,4.0,17.0,4.8425,9.37258064516129,31.0,1.8235294117647056,4.0,10.0,4.6375,10.305555555555555,27.0,2.7,3.0,9.0,3.906944444444445,13.023148148148149,18.0,2.0,9.687179487179488,22.0,62.0,25.186666666666667,156.0
202510,formato_nuevo,833cfcdf8090686987e3ab1ba0d18ed8514d2351e8c8804bd6a66d9b950ebb4d,APROBÓ,3.71,2.65,ind,4.15,ind,3.0,ind,,,,,,,,,,,6.4,ind,5.94,ind,5.25,ind,5.28,ind,3.8,ind,5.5,ind,2.4,ind,3.5,ind,4.625,ind,,,,,,,5.78,3.5083333333333333,1.0,1.7794444444444444,1.7794444444444444,9.0,2.088888888888889,4.533333333333333,4.628611111111111,4.0,11.0,2.088888888888889,3.481481481481482,36.0,3.272727272727273,6.0,11.0,2.4444444444444446,6.376811594202899,23.0,2.090909090909091,3.0,7.0,0.0952777777777777,0.6351851851851852,9.0,1.2857142857142858,7.421031746031746,21.0,65.0,20.77888888888889,168.0
202510,formato_nuevo,878752762935258b676155094e69bf5d265f4fcea190e8edfa65ed67eadd0bbc,APROBÓ,3.47,4.1,ind,3.5,ind,1.75,ind,,,,,,,,,,,6.3,ind,5.04,ind,3.1,ind,5.56,ind,0.5,ind,5.0,ind,2.7,ind,3.45,ind,4.12,ind,,,,,,,5.475,3.4233333333333333,1.0,1.1494444444444445,1.1494444444444445,2.0,2.231111111111112,8.691944444444445,10.711111111111112,5.0,12.0,2.231111111111112,4.056565656565657,33.0,2.75,6.0,12.0,6.460833333333333,13.844642857142857,28.0,2.333333333333333,2.0,6.0,2.0191666666666666,15.14375,8.0,1.3333333333333333,14.62278911564626,25.0,66.0,35.825833333333335,147.0
202510,formato_nuevo,8a6c392d62874563877e1d98df9ad468d2c3967db192cca03963d3ee32773803,REPROBÓ,2.79,3.85,ind,1.875,ind,1.95,ind,,,,,,,,,,,3.85,ind,3.44,ind,2.6,ind,1.9,ind,2.4,ind,1.92,ind,3.85,ind,3.95,ind,4.264705882352941,ind,,,,,,,3.0725,4.021568627450981,3.0,0.354074074074074,1.0622222222222222,35.0,4.710555555555556,11.752222222222224,14.549166666666666,5.0,17.0,4.710555555555556,5.332704402515724,53.0,3.117647058823529,4.0,10.0,7.041666666666667,14.56896551724138,29.0,2.9,3.0,6.0,2.796944444444444,12.908974358974358,13.0,2.1666666666666665,5.255639730639731,23.0,63.0,17.343611111111112,198.0
202510,formato_nuevo,8abcd700e8a165130fdca60dc0f88ab2f890906d4083a164dcbf9bd38753b886,REPROBÓ,2.93,2.25,ind,2.375,ind,1.9,ind,,,,,,,,,,,4.5,ind,4.6,ind,1.63,ind,3.55,ind,4.3,ind,5.65,ind,5.0,ind,4.45,ind,4.56,ind,,,,,,,4.7625,4.669999999999999,1.0,0.9222222222222224,0.9222222222222224,4.0,9.561111111111112,13.524722222222223,14.251666666666669,2.0,4.0,9.561111111111112,19.7816091954023,29.0,7.25,5.0,10.0,3.963611111111111,5.53062015503876,43.0,4.3,2.0,2.0,0.7269444444444444,3.6347222222222215,12.0,6.0,14.48159922928709,22.0,42.0,41.75527777777778,173.0
202510,formato_nuevo,8cb2a7972059481d331343f98b1aefaafca1f8d335e586cc045476954b5760bf,APROBÓ,3.3,3.4,ind,3.25,ind,2.2,ind,,,,,,,,,,,5.5,ind,4.1,ind,3.65,ind,4.75,ind,4.08,ind,5.2,ind,3.0,ind,3.0,ind,4.56,ind,,,,,,,4.887499999999999,3.52,1.0,0.0172222222222222,0.0172222222222222,3.0,22.775277777777777,41.62305555555555,46.82111111111111,6.0,12.0,22.775277777777777,24.402083333333334,56.0,4.666666666666667,7.0,15.0,18.84777777777778,12.565185185185186,90.0,6.0,3.0,4.0,5.198055555555555,15.594166666666666,20.0,5.0,11.32108655616943,37.0,79.0,68.30388888888889,362.0
202510,formato_nuevo,8ccf5e8a287dd289e167f28a261e339d43b8dc9d72b0af84c34af3f68b4608be,REPROBÓ,2.78,2.35,ind,2.975,ind,1.25,ind,,,,,,,,,,,5.0,ind,3.3,ind,4.0,ind,4.2,ind,3.8,ind,4.14,ind,3.05,ind,4.9,ind,4.13,ind,,,,,,,4.335,4.026666666666666,1.0,0.0,0.0,3.0,5.991666666666666,7.182777777777777,7.222499999999999,3.0,6.0,5.991666666666666,19.97222222222222,18.0,3.0,6.0,11.0,1.191111111111111,2.8586666666666662,25.0,2.272727272727273,2.0,2.0,0.0397222222222222,0.7944444444444444,3.0,1.5,5.411046511627907,24.0,42.0,7.755833333333333,86.0
202510,formato_nuevo,8da9f20f263097bd5bdc46d0745170c80395eddb86bb9b2d328d6215a868e34a,APROBÓ,3.1,3.05,ind,3.2,ind,1.25,ind,,,,,,,,,,,5.0,ind,3.45,ind,4.88,ind,4.55,ind,4.8,ind,5.65,ind,2.8,ind,4.75,ind,4.71,ind,,,,,,,5.0825000000000005,4.086666666666667,1.0,1.5252777777777775,1.5252777777777775,14.0,20.631944444444443,21.42083333333333,21.83472222222222,3.0,6.0,20.631944444444443,88.42261904761904,14.0,2.333333333333333,4.0,8.0,0.7888888888888889,3.641025641025641,13.0,1.625,2.0,2.0,0.4138888888888888,6.208333333333333,4.0,2.0,20.55610328638497,23.0,45.0,48.64944444444444,142.0
202510,formato_nuevo,8ee53ee9f5b0780603a5f5c44e080b5b3d4d1500d12676f9240773e4f216f54d,REPROBÓ,2.63,3.7,ind,1.5,ind,1.7,ind,,,,,,,,,,,6.3,ind,4.53,ind,1.75,ind,2.5,ind,3.8,ind,5.5,ind,1.05,ind,2.0,ind,3.75,ind,,,,,,,5.032500000000001,2.2666666666666666,1.0,7.591944444444445,7.591944444444445,14.0,16.955555555555556,24.21,26.183055555555555,3.0,9.0,16.955555555555556,19.94771241830065,51.0,5.666666666666667,7.0,14.0,7.254444444444444,8.37051282051282,52.0,3.7142857142857135,3.0,9.0,1.973055555555556,5.919166666666667,20.0,2.2222222222222223,15.582423208191123,22.0,71.0,76.09416666666667,293.0
202510,formato_nuevo,8f8070e81e1838884ee69389b98e5e3ef6ddec8de5f8ed1fc3c60a79506f1fe0,APROBÓ,3.38,1.65,ind,4.25,ind,2.4,ind,,,,,,,,,,,5.1,ind,4.22,ind,2.7,ind,5.83,ind,4.9,ind,5.0,ind,2.7,ind,4.75,ind,4.71,ind,,,,,,,5.2075,4.053333333333334,1.0,0.5386111111111112,0.5386111111111112,5.0,5.258611111111111,10.275277777777776,14.771944444444443,5.0,12.0,5.258611111111111,5.535380116959064,57.0,4.75,7.0,9.0,5.016666666666667,15.05,20.0,2.2222222222222223,1.0,5.0,4.496666666666667,29.97777777777777,9.0,1.8,7.040425531914893,22.0,65.0,22.06,188.0
202510,formato_nuevo,929bbd33dea0630f689528f4b2d0fd7ee0010249e278b6d3f5cda5904ccf009c,APROBÓ,3.05,3.65,ind,2.6625,ind,1.6,ind,,,,,,,,,,,5.75,ind,4.1,ind,3.65,ind,4.75,ind,4.15,ind,4.2,ind,3.45,ind,3.0,ind,4.56,ind,,,,,,,4.7125,3.67,1.0,0.2177777777777777,0.2177777777777777,11.0,4.913888888888889,12.876944444444444,14.558333333333334,4.0,10.0,4.913888888888889,12.818840579710145,23.0,2.3,5.0,11.0,7.963055555555556,9.555666666666667,50.0,4.545454545454546,3.0,4.0,1.6813888888888888,14.41190476190476,7.0,1.75,16.014301801801803,29.0,53.0,39.50194444444445,148.0
202510,formato_nuevo,93b810dc56d20122a5ef9585e754ae815e71349b4465fb7285c802134b6ef90b,APROBÓ,3.28,3.35,ind,3.5625,ind,1.2,ind,,,,,,,,,,,6.2,ind,2.13,ind,2.35,ind,5.28,ind,0.0,ind,5.5,ind,5.0,ind,4.65,ind,4.25,ind,,,,,,,4.8325000000000005,4.633333333333334,1.0,0.3569444444444444,0.3569444444444444,9.0,19.60972222222222,26.88722222222222,33.18111111111111,5.0,12.0,19.60972222222222,12.516843971631204,94.0,7.833333333333333,7.0,12.0,7.2775,8.911224489795918,49.0,4.083333333333333,2.0,9.0,6.293888888888889,12.587777777777776,30.0,3.333333333333333,8.322497704315886,28.0,81.0,50.35111111111111,363.0
202510,formato_nuevo,95e9d29186fab77efb4352c47ee978e0d25cab6799d83ed90e65a42a6e7a78ce,APROBÓ,3.9,4.3,ind,3.7125,ind,2.45,ind,,,,,,,,,,,5.0,ind,5.0,ind,0.0,ind,2.73,ind,4.75,ind,5.35,ind,5.0,ind,5.0,ind,5.0,ind,,,,,,,5.025,5.0,1.0,0.0291666666666666,0.0291666666666666,9.0,0.0052777777777777,4.941388888888889,4.943333333333333,1.0,2.0,0.0052777777777777,0.1055555555555555,3.0,1.5,4.0,5.0,4.936111111111111,9.553763440860214,31.0,6.2,2.0,2.0,0.0019444444444444,0.0388888888888888,3.0,1.5,7.141517857142857,21.0,31.0,13.330833333333333,112.0
202510,formato_nuevo,966cd7fb34798425c70188e05aa7c2788f06a6197517951a37b7faa11d9022eb,APROBÓ,3.9,3.9,ind,4.5,ind,1.6,ind,,,,,,,,,,,6.3,ind,5.56,ind,6.1,ind,6.67,ind,0.0,ind,0.0,ind,5.0,ind,4.05,ind,4.411764705882353,ind,,,,,,,6.1575,4.487254901960784,1.0,0.4894444444444444,0.4894444444444444,3.0,22.058611111111112,53.86416666666667,67.61916666666667,4.0,10.0,22.058611111111112,47.26845238095238,28.0,2.8,5.0,12.0,31.80555555555556,37.41830065359478,51.0,4.25,3.0,8.0,13.755,48.54705882352942,17.0,2.125,36.24264705882353,24.0,72.0,102.6875,170.0
202510,formato_nuevo,96cf2130f0d184918fdf592bf341e965f29de02bd417396a8b43bf37474a59b1,RETIRADO,,2.55,ind,,ind,,ind,,,,,,,,,,,1.25,ind,3.61,ind,,ind,,ind,,ind,,ind,3.6,ind,,ind,,ind,,,,,,,,,0.0,0.0,0.0,0.0,0.0,0.0,0.0,0.0,0.0,0.0,0.0,0.0,0.0,0.0,0.0,0.0,0.0,0.0,0.0,0.0,0.0,0.0,0.0,0.0,0.0,0.0,0.0,0.0,0.0,0.0
202510,formato_nuevo,988812c28e71b8ebc3f7979e472fdad0da04fd3a158ad8adabb4238a9d42fea6,APROBÓ,3.38,3.4,ind,3.4125,ind,2.35,ind,,,,,,,,,,,3.95,ind,4.83,ind,2.4,ind,3.65,ind,3.4,ind,4.25,ind,4.0,ind,4.05,ind,4.56,ind,,,,,,,4.17,4.203333333333333,3.0,0.606388888888889,1.8191666666666664,36.0,6.310277777777777,8.176944444444445,8.178611111111111,3.0,5.0,6.310277777777777,11.831770833333334,32.0,6.4,4.0,8.0,1.8666666666666667,7.0,16.0,2.0,2.0,2.0,0.0016666666666666,0.00625,16.0,8.0,7.30077519379845,19.0,36.0,15.696666666666667,129.0
202510,formato_nuevo,99334a3871cc6f6b9f85efde0d4cacf7b3f79d6dbd6e9c1148216b619734c1f6,REPROBÓ,2.28,3.3,ind,0.95,ind,1.55,ind,,,,,,,,,,,5.0,ind,2.19,ind,0.1,ind,0.83,ind,0.0,ind,4.0,ind,1.9,ind,4.7,ind,4.25,ind,,,,,,,3.005,3.6166666666666663,1.0,0.0680555555555555,0.0680555555555555,2.0,8.537222222222223,22.17805555555556,22.17805555555556,5.0,9.0,8.537222222222223,10.898581560283688,47.0,5.222222222222222,6.0,11.0,13.640833333333331,30.312962962962963,27.0,2.4545454545454546,1.0,1.0,0.0,0.0,1.0,1.0,10.840391156462584,26.0,65.0,35.411944444444444,196.0
202510,formato_nuevo,995cfe7cd3bc10243cb0f36409b91427eb7b02ec44bbfcb50e49411f4ec64aea,APROBÓ,3.0,4.2,ind,2.75,ind,1.0,ind,,,,,,,,,,,5.0,ind,4.4,ind,2.78,ind,3.95,ind,0.0,ind,5.38,ind,2.1,ind,4.0,ind,4.25,ind,,,,,,,4.6825,3.45,0.0,0.0,0.0,0.0,0.8447222222222223,2.875,4.232777777777778,5.0,10.0,0.8447222222222223,2.5341666666666667,20.0,2.0,4.0,7.0,2.0302777777777776,9.37051282051282,13.0,1.8571428571428568,4.0,5.0,1.3577777777777778,7.406060606060606,11.0,2.2,3.127310924369748,24.0,49.0,6.2025,119.0
202510,formato_nuevo,9a31974865e193162e4a6324f2afd82d74dd43d725ea7bc20135c53ff4438366,APROBÓ,3.1,3.65,ind,1.65,ind,2.3,ind,,,,,,,,,,,7.4,ind,3.89,ind,3.25,ind,0.0,ind,0.0,ind,5.0,ind,4.1,ind,4.7,ind,4.26,ind,,,,,,,4.885,4.3533333333333335,0.0,0.0,0.0,0.0,9.564444444444444,17.093055555555555,17.447222222222223,5.0,11.0,9.564444444444444,7.970370370370371,72.0,6.545454545454546,7.0,17.0,7.528611111111111,7.170105820105821,63.0,3.7058823529411766,4.0,4.0,0.3541666666666667,2.65625,8.0,2.0,7.012383900928793,23.0,68.0,37.75,323.0
202510,formato_nuevo,9ad90a9ae563f4787baa60d54d57c32b681eeb8f4b6b0fc1491ce45248d6e98a,APROBÓ,3.13,3.25,ind,4.2125,ind,0.8,ind,,,,,,,,,,,3.86,ind,4.83,ind,0.9,ind,3.65,ind,3.4,ind,4.25,ind,4.0,ind,4.05,ind,4.12,ind,,,,,,,4.1475,4.056666666666668,3.0,0.0098148148148148,0.0294444444444444,22.0,4.162222222222222,4.241111111111111,4.686388888888889,5.0,11.0,4.162222222222222,10.405555555555557,24.0,2.1818181818181817,4.0,5.0,0.0788888888888888,0.7888888888888889,6.0,1.2,1.0,1.0,0.4452777777777778,26.716666666666665,1.0,1.0,4.954852320675106,27.0,46.0,6.523888888888889,79.0
202510,formato_nuevo,9b13543bdfe3e101d2528b0cf6f92cf1ec1a2b55a76c253c4c82725f92cbdc5f,APROBÓ,3.12,4.3,ind,4.125,ind,1.5,ind,,,,,,,,,,,2.75,ind,3.89,ind,2.55,ind,1.15,ind,2.9,ind,1.75,ind,0.0,ind,3.4,ind,4.63,ind,,,,,,,3.0225,2.6766666666666663,3.0,3.963518518518519,11.890555555555556,71.0,38.72916666666666,66.50527777777778,77.29722222222222,5.0,16.0,38.72916666666666,29.046875,80.0,5.0,6.0,14.0,27.77611111111111,12.721882951653944,131.0,9.357142857142858,2.0,9.0,10.791944444444445,19.62171717171717,33.0,3.6666666666666665,15.433419465977606,25.0,70.0,99.54555555555557,387.0
202510,formato_nuevo,9c9e4a6290402a516d5a5f3d0e59e01d2159c8b6da027cb2b509192cfa305a78,REPROBÓ,2.07,3.85,ind,2.2625,ind,1.75,ind,,,,,,,,,,,4.25,ind,3.4,ind,0.0,ind,0.3,ind,0.0,ind,0.0,ind,0.0,ind,0.0,ind,0.0,ind,,,,,,,1.9875,0.0,0.0,0.0,0.0,0.0,0.0158333333333333,1.1822222222222225,1.4244444444444446,2.0,3.0,0.0158333333333333,0.1055555555555555,9.0,3.0,3.0,4.0,1.166388888888889,17.495833333333334,4.0,1.0,1.0,1.0,0.2422222222222222,2.0761904761904764,7.0,7.0,9.208854166666669,10.0,18.0,4.911388888888889,32.0
202510,formato_nuevo,9cf76befc627f1e2bed90ff6f7f48450bf58e32b3594d586d0156c4acc11fc00,REPROBÓ,1.99,1.35,ind,2.2375,ind,0.9,ind,,,,,,,,,,,1.77,ind,4.17,ind,0.0,ind,2.55,ind,1.1,ind,3.42,ind,3.05,ind,3.4,ind,3.25,ind,,,,,,,2.9775,3.233333333333333,3.0,1.1985185185185183,3.5955555555555554,38.0,7.3125,11.701944444444443,17.310277777777777,3.0,6.0,7.3125,24.375,18.0,3.0,4.0,8.0,4.389444444444444,12.54126984126984,21.0,2.625,3.0,6.0,5.608333333333333,18.694444444444443,18.0,3.0,11.101304347826089,19.0,42.0,21.2775,115.0
202510,formato_nuevo,9dd6d66316d5aa6a134d2878044c51ab2397722e39468a8022202c191e6e9d6a,RETIRADO,,0.0,ind,,ind,,ind,,,,,,,,,,,0.0,ind,0.0,ind,,ind,,ind,,ind,,ind,0.0,ind,,ind,,ind,,,,,,,,,0.0,0.0,0.0,0.0,0.0,0.0,0.0,0.0,0.0,0.0,0.0,0.0,0.0,0.0,0.0,0.0,0.0,0.0,0.0,0.0,0.0,0.0,0.0,0.0,0.0,0.0,0.0,0.0,0.0,0.0
202510,formato_nuevo,a32bade30d83c9ccd6104e02d05612cf52e0a8105e8e02d0bc26099954858436,APROBÓ,3.34,3.2,ind,4.025,ind,1.85,ind,,,,,,,,,,,4.0,ind,4.9,ind,4.0,ind,4.08,ind,3.8,ind,5.05,ind,3.28,ind,3.2,ind,4.56,ind,,,,,,,4.5075,3.68,1.0,0.0725,0.0725,4.0,10.751666666666669,14.295555555555556,15.34388888888889,4.0,6.0,10.751666666666669,11.317543859649124,57.0,9.5,4.0,7.0,3.543888888888889,14.175555555555556,15.0,2.142857142857143,1.0,1.0,1.0483333333333331,5.718181818181818,11.0,11.0,10.397712418300657,22.0,44.0,26.514166666666668,153.0
202510,formato_nuevo,a9663a1e7b371bf8ffabbcd1266d26fea06b5b0c06b2b4601ccf7172fa569072,APROBÓ,3.45,4.1,ind,3.275,ind,2.05,ind,,,,,,,,,,,5.2,ind,5.16,ind,5.5,ind,4.17,ind,0.8,ind,5.0,ind,2.0,ind,3.8,ind,4.56,ind,,,,,,,5.215,3.453333333333333,1.0,1.159166666666667,1.159166666666667,7.0,6.404722222222222,11.521666666666668,18.60527777777778,4.0,10.0,6.404722222222222,5.912051282051283,65.0,6.5,7.0,15.0,5.116944444444444,5.20367231638418,59.0,3.933333333333333,1.0,4.0,7.083611111111111,53.12708333333333,8.0,2.0,8.032530120481926,25.0,74.0,44.446666666666665,332.0
202510,formato_nuevo,a9e5eead40d85053112dd98ed05b5859975b468189450b9e72dd36f4d0c07614,REPROBÓ,2.92,3.8,ind,3.6625,ind,1.05,ind,,,,,,,,,,,1.99,ind,5.0,ind,1.7,ind,2.3,ind,1.0,ind,3.83,ind,0.9,ind,3.95,ind,5.0,ind,,,,,,,3.28,3.2833333333333337,3.0,6.597592592592593,19.79277777777778,28.0,8.339166666666667,32.92888888888889,41.182500000000005,4.0,13.0,8.339166666666667,13.898611111111112,36.0,2.769230769230769,6.0,12.0,24.58972222222222,44.708585858585856,33.0,2.75,4.0,7.0,8.25361111111111,27.51203703703704,18.0,2.571428571428572,25.709304703476484,26.0,62.0,69.84361111111112,163.0
202510,formato_nuevo,aa00800f5cdefbb5304469fb83a33003369069685ca567a762b99da379255e08,APROBÓ,4.1,4.35,ind,4.575,ind,2.55,ind,,,,,,,,,,,6.6,ind,4.22,ind,4.25,ind,5.0,ind,3.9,ind,0.0,ind,4.5,ind,4.75,ind,4.71,ind,,,,,,,5.0175,4.653333333333333,1.0,0.6608333333333334,0.6608333333333334,12.0,5.774166666666667,8.355555555555556,10.633611111111112,5.0,11.0,5.774166666666667,12.373214285714283,28.0,2.5454545454545454,3.0,7.0,2.5813888888888887,10.325555555555557,15.0,2.142857142857143,2.0,5.0,2.2780555555555555,13.668333333333331,10.0,2.0,7.915867579908676,18.0,54.0,19.261944444444445,146.0
202510,formato_nuevo,aa643f93d9b1bf7d37055887cb16eaaf494f5d215a3e8965d2a7b29c3e308198,REPROBÓ,2.65,0.7,ind,2.625,ind,2.85,ind,,,,,,,,,,,3.06,ind,3.7,ind,5.5,ind,3.7,ind,0.0,ind,3.85,ind,2.05,ind,3.45,ind,4.71,ind,,,,,,,4.1875,3.4033333333333338,1.0,0.0027777777777777,0.0027777777777777,1.0,4.079444444444444,24.677777777777777,28.34777777777778,6.0,10.0,4.079444444444444,7.648958333333333,32.0,3.2,7.0,15.0,20.598333333333333,16.261842105263156,76.0,5.066666666666666,4.0,5.0,3.67,5.646153846153846,39.0,7.8,11.410031347962382,38.0,78.0,60.66333333333333,319.0
202510,formato_nuevo,aad9bcafb8c5683441ff81be48b163c720f227c17050f8055b34f19b99ec209d,APROBÓ,3.6,3.35,ind,3.9125,ind,2.45,ind,,,,,,,,,,,5.0,ind,4.7,ind,1.46,ind,4.55,ind,4.8,ind,5.65,ind,1.8,ind,4.8,ind,5.0,ind,,,,,,,5.0375,3.8666666666666663,1.0,0.4477777777777778,0.4477777777777778,5.0,5.304722222222222,5.451666666666666,7.627499999999999,4.0,5.0,5.304722222222222,15.914166666666665,20.0,4.0,2.0,5.0,0.1469444444444444,0.7347222222222222,12.0,2.4,2.0,2.0,2.1758333333333333,26.110000000000003,5.0,2.5,11.585390946502056,15.0,28.0,15.640277777777778,81.0
202510,formato_nuevo,accb6321d1b3c9551b5573e3408fbc2503a1da1cc938b2a40cb03374b22d5548,APROBÓ,3.26,3.8,ind,3.5625,ind,0.9,ind,,,,,,,,,,,5.75,ind,4.8,ind,4.4,ind,4.75,ind,0.0,ind,6.0,ind,3.85,ind,3.9,ind,3.9705882352941178,ind,,,,,,,5.325,3.906862745098039,1.0,1.4561111111111111,1.4561111111111111,2.0,12.373333333333331,37.596944444444446,38.19777777777778,6.0,11.0,12.373333333333331,16.139130434782608,46.0,4.181818181818182,7.0,11.0,25.22361111111111,24.81010928961749,61.0,5.545454545454546,2.0,2.0,0.6008333333333333,4.005555555555556,9.0,4.5,16.56152380952381,24.0,46.0,48.30444444444444,175.0
202510,formato_nuevo,acf4ec296b20240333d1b8522ce571cf88c182cf0e9bed7af86657d990e4c8bb,RETIRADO,,2.1,ind,,ind,,ind,,,,,,,,,,,2.55,ind,4.0,ind,,ind,,ind,,ind,,ind,0.9,ind,,ind,,ind,,,,,,,,,0.0,0.0,0.0,0.0,0.0,0.0,0.0,0.0,0.0,0.0,0.0,0.0,0.0,0.0,0.0,0.0,0.0,0.0,0.0,0.0,0.0,0.0,0.0,0.0,0.0,0.0,0.0,0.0,0.0,0.0
202510,formato_nuevo,af13b7b6bbd1a6d6de8312d68c48f589689aecd64dda29f0256fece703457820,REPROBÓ,2.64,2.65,ind,2.225,ind,1.6,ind,,,,,,,,,,,4.9,ind,2.58,ind,2.4,ind,5.83,ind,3.1,ind,0.0,ind,2.1,ind,3.9,ind,4.75,ind,,,,,,,4.1025,3.583333333333333,1.0,1.873888888888889,1.873888888888889,9.0,2.4066666666666667,6.789444444444445,8.415833333333333,5.0,13.0,2.4066666666666667,2.776923076923077,52.0,4.0,5.0,12.0,4.382777777777778,8.217708333333334,32.0,2.6666666666666665,2.0,7.0,1.6263888888888889,3.4851190476190474,28.0,4.0,3.235625,22.0,73.0,12.9425,240.0
202510,formato_nuevo,b0d166e80857ab8b5c0b90b6beb1c6e1b66b68022f62857b57bd031563432da7,REPROBÓ,2.41,1.0,ind,2.775,ind,1.15,ind,,,,,,,,,,,5.3,ind,2.38,ind,3.55,ind,3.89,ind,4.5,ind,4.5,ind,2.25,ind,3.95,ind,4.75,ind,,,,,,,4.5475,3.65,1.0,2.8088888888888888,2.8088888888888888,8.0,19.766666666666666,25.516666666666666,31.017222222222223,2.0,8.0,19.766666666666666,14.825,80.0,10.0,5.0,14.0,5.75,11.5,30.0,2.142857142857143,2.0,8.0,5.500555555555556,11.380459770114944,29.0,3.625,17.038940092165898,17.0,59.0,61.62416666666667,217.0
202510,formato_nuevo,b190ef87b92a576fac3cc5b650a23a8cc0271a32f3c9c1b28dd2d53f2a4911ad,REPROBÓ,2.78,2.6,ind,2.6375,ind,1.75,ind,,,,,,,,,,,2.6,ind,4.4,ind,2.78,ind,3.95,ind,3.7,ind,5.38,ind,2.1,ind,4.0,ind,4.13,ind,,,,,,,4.3575,3.41,1.0,1.3675,1.3675,18.0,2.056388888888889,11.151944444444446,11.257500000000002,6.0,12.0,2.056388888888889,1.99005376344086,62.0,5.166666666666667,7.0,15.0,9.095555555555556,5.626116838487973,97.0,6.466666666666667,3.0,4.0,0.1055555555555555,0.5277777777777778,12.0,3.0,2.5527846027846026,38.0,83.0,17.316388888888888,407.0
202510,formato_nuevo,b2ca36ddce2e62809dd5607f3ae56189b83b69f6305d776a0e7102945fc909bc,APROBÓ,3.56,4.6,ind,4.4,ind,1.15,ind,,,,,,,,,,,7.2,ind,4.8,ind,2.2,ind,2.78,ind,0.0,ind,0.0,ind,3.5,ind,4.1,ind,4.71,ind,,,,,,,4.245,4.103333333333333,1.0,2.652222222222222,2.652222222222222,8.0,1.278888888888889,2.738888888888889,3.5316666666666667,3.0,7.0,1.278888888888889,2.7404761904761905,28.0,4.0,4.0,11.0,1.46,2.825806451612903,31.0,2.8181818181818183,2.0,2.0,0.7927777777777778,23.78333333333333,2.0,1.0,5.542488262910799,26.0,60.0,13.117222222222225,142.0
202510,formato_nuevo,b352b601268ba9c515d5f4d7bce8cc7c0ff05f831fb8f358e55e0b54cdaf45bd,APROBÓ,3.33,2.35,ind,3.9875,ind,1.65,ind,,,,,,,,,,,4.0,ind,5.3,ind,5.5,ind,4.63,ind,4.3,ind,5.65,ind,5.0,ind,3.9,ind,4.25,ind,,,,,,,5.27,4.383333333333334,1.0,1.07,1.07,18.0,10.205277777777775,19.5525,21.10305555555556,4.0,7.0,10.205277777777775,18.009313725490195,34.0,4.857142857142857,6.0,11.0,9.34722222222222,7.010416666666666,80.0,7.272727272727272,3.0,3.0,1.5505555555555557,4.044927536231884,23.0,7.666666666666667,7.833448275862068,26.0,51.0,37.861666666666665,290.0
202510,formato_nuevo,c0782ed74bf5d290eb82e129c6b7083fb6302be1763dc0e8633c777a7ea5c171,RETIRADO,,1.6,ind,,ind,,ind,,,,,,,,,,,4.2,ind,2.27,ind,,ind,,ind,,ind,,ind,0.0,ind,,ind,,ind,,,,,,,,,0.0,0.0,0.0,0.0,0.0,0.0,0.0,0.0,0.0,0.0,0.0,0.0,0.0,0.0,0.0,0.0,0.0,0.0,0.0,0.0,0.0,0.0,0.0,0.0,0.0,0.0,0.0,0.0,0.0,0.0
202510,formato_nuevo,c29f0a96fc203181fe4251f9928d86b6c810ef38a5308753f66907689a65e228,REPROBÓ,2.31,1.8,ind,2.25,ind,0.9,ind,,,,,,,,,,,0.5,ind,5.7,ind,2.96,ind,4.63,ind,2.95,ind,4.8,ind,3.2,ind,3.1,ind,3.3823529411764706,ind,,,,,,,4.5225,3.2274509803921574,1.0,0.0211111111111111,0.0211111111111111,5.0,1.6766666666666667,4.115277777777778,4.168333333333334,3.0,5.0,1.6766666666666667,14.371428571428572,7.0,1.4,6.0,9.0,2.438611111111112,12.193055555555556,12.0,1.3333333333333333,2.0,2.0,0.0530555555555555,1.0611111111111111,3.0,1.5,9.366037735849057,17.0,31.0,8.273333333333333,53.0
202510,formato_nuevo,c334f704c586836905afc630ed69ba4363b7892acd4bf91f85958beae4d1e293,APROBÓ,5.0,4.9,ind,5.0,ind,4.35,ind,,,,,,,,,,,6.5,ind,5.94,ind,5.0,ind,6.67,ind,6.5,ind,0.5,ind,5.0,ind,5.0,ind,5.0,ind,,,,,,,6.402500000000001,5.0,1.0,0.5411111111111111,0.5411111111111111,8.0,8.969444444444445,21.044722222222223,38.60194444444444,4.0,12.0,8.969444444444445,13.799145299145302,39.0,3.25,6.0,16.0,12.075277777777778,14.490333333333332,50.0,3.125,2.0,9.0,17.557222222222222,30.98333333333333,34.0,3.7777777777777777,20.63891242937853,29.0,86.0,81.17972222222222,236.0
202510,formato_nuevo,c36557535b9314c950cdc907d77a137958428d9af0635a9c4746207a9e6eb2d0,REPROBÓ,2.42,3.05,ind,1.5375,ind,1.05,ind,,,,,,,,,,,4.0,ind,4.95,ind,2.5,ind,5.18,ind,3.75,ind,3.55,ind,2.2,ind,2.8,ind,4.852941176470588,ind,,,,,,,4.47,3.2843137254901955,1.0,0.0725,0.0725,2.0,0.0841666666666666,4.1819444444444445,4.1819444444444445,3.0,4.0,0.0841666666666666,0.5611111111111111,9.0,2.25,5.0,5.0,4.097777777777778,20.48888888888889,12.0,2.4,0.0,0.0,0.0,0.0,0.0,0.0,14.507183908045976,15.0,25.0,14.02361111111111,58.0
202510,formato_nuevo,c53574db6deb94b687b9380d2a3c3fe0672db64250412e70476f9bf66d3a0e95,REPROBÓ,2.77,2.4,ind,2.7,ind,1.4,ind,,,,,,,,,,,4.0,ind,5.2,ind,3.92,ind,4.43,ind,0.25,ind,4.85,ind,3.75,ind,3.85,ind,3.823529411764706,ind,,,,,,,4.62,3.807843137254902,1.0,0.0130555555555555,0.0130555555555555,6.0,0.7813888888888889,3.945,3.989444444444444,1.0,3.0,0.7813888888888889,6.697619047619048,7.0,2.333333333333333,4.0,5.0,3.163611111111111,11.165686274509804,17.0,3.4,1.0,1.0,0.0444444444444444,0.6666666666666667,4.0,4.0,13.84366852886406,22.0,40.0,41.30027777777778,179.0
202510,formato_nuevo,c60160644f2bd733b7145bbcb8311e5d946df0c0509cbb9849951974ea480f35,RETIRADO,,1.2,ind,,ind,,ind,,,,,,,,,,,1.8,ind,4.81,ind,,ind,,ind,,ind,,ind,0.9,ind,,ind,,ind,,,,,,,,,0.0,0.0,0.0,0.0,0.0,0.0,0.0,0.0,0.0,0.0,0.0,0.0,0.0,0.0,0.0,0.0,0.0,0.0,0.0,0.0,0.0,0.0,0.0,0.0,0.0,0.0,0.0,0.0,0.0,0.0
202510,formato_nuevo,c6042d935bd7b4d17060e502ff99c1f9c0833e989af965d2e54f2287fb4c5fc7,REPROBÓ,2.92,3.3,ind,2.4,ind,2.6,ind,,,,,,,,,,,5.43,ind,3.3,ind,3.2,ind,3.95,ind,0.0,ind,3.55,ind,3.05,ind,0.0,ind,4.88,ind,,,,,,,4.0575,2.643333333333333,0.0,0.0,0.0,0.0,27.51,54.98833333333333,67.53444444444445,6.0,10.0,27.51,27.97627118644068,59.0,5.9,4.0,8.0,27.47833333333333,41.2175,40.0,5.0,3.0,4.0,12.546111111111111,50.184444444444445,15.0,3.75,23.79854368932039,26.0,52.0,81.70833333333333,206.0
202510,formato_nuevo,c9afc5c44436b3363cd627e6bcabeb036c18c612be7b9a2c4d823f23710a3a0f,APROBÓ,3.29,2.7,ind,3.25,ind,1.95,ind,,,,,,,,,,,5.25,ind,3.9,ind,4.55,ind,4.5,ind,1.78,ind,5.9,ind,5.0,ind,4.1,ind,4.71,ind,,,,,,,5.05,4.603333333333333,1.0,0.4825,0.4825,10.0,4.592777777777778,20.0075,23.995555555555555,6.0,12.0,4.592777777777778,5.01030303030303,55.0,4.583333333333333,7.0,15.0,15.414722222222222,10.27648148148148,90.0,6.0,2.0,3.0,3.988055555555556,14.955208333333331,16.0,5.333333333333333,13.651740506329116,35.0,74.0,71.89916666666667,316.0
202510,formato_nuevo,cdf420226e4a449bc700683393ca35cb022661a1588dc1aae57feb3e3455be65,REPROBÓ,1.37,1.85,ind,1.1,ind,0.95,ind,,,,,,,,,,,0.0,ind,3.22,ind,2.95,ind,0.5,ind,0.0,ind,0.0,ind,2.1,ind,2.7,ind,0.0,ind,,,,,,,1.6675,1.6000000000000003,1.0,1.361388888888889,1.361388888888889,6.0,3.943888888888889,12.358055555555556,17.716944444444444,3.0,7.0,3.943888888888889,11.831666666666669,20.0,2.857142857142857,5.0,8.0,8.414166666666667,26.571052631578947,19.0,2.375,1.0,7.0,5.358888888888889,21.43555555555556,15.0,2.142857142857143,16.92418699186992,18.0,42.0,23.129722222222224,82.0
202510,formato_nuevo,cf1b9941e115cf368254a9e505b2d379dea1852d922e68184cfadc98213fd956,REPROBÓ,2.75,1.85,ind,3.725,ind,1.6,ind,,,,,,,,,,,4.0,ind,2.45,ind,4.0,ind,0.3,ind,0.25,ind,5.1,ind,1.3,ind,4.4,ind,3.68,ind,,,,,,,3.8875,3.126666666666667,0.0,0.0,0.0,0.0,1.3330555555555557,2.618888888888889,8.567499999999999,1.0,2.0,1.3330555555555557,39.99166666666667,2.0,1.0,4.0,8.0,1.2858333333333334,4.060526315789474,19.0,2.375,2.0,2.0,5.948611111111111,118.97222222222224,3.0,1.5,17.164583333333333,11.0,22.0,16.02027777777778,56.0
202510,formato_nuevo,cf6a2e343ff4f49f779f345322b19822ac2bf115a8d8f1449438e5da9b9fd27b,REPROBÓ,2.87,3.25,ind,3.1,ind,2.0,ind,,,,,,,,,,,4.25,ind,1.65,ind,1.5,ind,1.7,ind,0.25,ind,0.0,ind,4.15,ind,3.5,ind,4.5,ind,,,,,,,2.275,4.05,1.0,3.3627777777777776,3.3627777777777776,8.0,3.34,4.4075,4.8275,3.0,6.0,3.34,13.359999999999998,15.0,2.5,5.0,11.0,1.0675,3.2025,20.0,1.818181818181818,1.0,1.0,0.42,5.04,5.0,5.0,10.485101010101012,17.0,38.0,23.067222222222224,132.0
202510,formato_nuevo,d07185e2ebacb8a2c3efe6b310f670d64905b75bae60123edea4f28d24c3ec31,APROBÓ,3.17,2.25,ind,3.225,ind,2.6,ind,,,,,,,,,,,3.95,ind,4.22,ind,2.85,ind,4.44,ind,2.8,ind,5.0,ind,3.45,ind,4.0,ind,4.56,ind,,,,,,,4.4025,4.003333333333333,1.0,2.256111111111111,2.256111111111111,9.0,23.608888888888888,30.202777777777776,30.563888888888886,4.0,10.0,23.608888888888888,44.266666666666666,32.0,3.2,5.0,11.0,6.5938888888888885,12.363541666666666,32.0,2.909090909090909,1.0,1.0,0.3611111111111111,21.666666666666668,1.0,1.0,25.10307443365696,17.0,42.0,43.09361111111111,103.0
202510,formato_nuevo,d24009d5d3342e6e3a8ca2645dc2adef0660e6db198913301dad8d174d026b03,SIN_NOTA,,,ind,,ind,,ind,,,,,,,,,,,,ind,,ind,,ind,,ind,,ind,,ind,,ind,,ind,,ind,,,,,,,,,1.0,2.290833333333333,2.290833333333333,2.0,0.0530555555555555,1.4713888888888889,2.821111111111111,1.0,3.0,0.0530555555555555,0.7958333333333334,4.0,1.3333333333333333,3.0,5.0,1.4183333333333332,12.157142857142857,7.0,1.4,1.0,1.0,1.3497222222222225,26.994444444444444,3.0,3.0,13.976724137931036,11.0,21.0,13.510833333333334,58.0
202510,formato_nuevo,d3958f2ebe0c510bc09467456d18dbb700464c0cbca392c611345c3e44fd2aa0,REPROBÓ,2.75,4.7,ind,3.2375,ind,0.0,ind,,,,,,,,,,,3.0,ind,3.91,ind,2.25,ind,2.78,ind,2.8,ind,0.0,ind,3.5,ind,4.0,ind,3.24,ind,,,,,,,3.1225,3.58,1.0,0.0355555555555555,0.0355555555555555,9.0,10.002222222222224,17.309166666666666,17.330833333333334,3.0,9.0,10.002222222222224,24.005333333333333,25.0,2.7777777777777777,5.0,12.0,7.3069444444444445,12.894607843137257,34.0,2.833333333333333,2.0,3.0,0.0216666666666666,0.26,5.0,1.6666666666666667,10.667401960784314,22.0,60.0,24.17944444444445,136.0
202510,formato_nuevo,d3bfba125efa6418db5ae629b7b590e08e895d68911d1de2b021054d1218e946,RETIRADO,,1.5,ind,,ind,,ind,,,,,,,,,,,3.5,ind,2.6,ind,,ind,,ind,,ind,,ind,4.15,ind,,ind,,ind,,,,,,,,,0.0,0.0,0.0,0.0,0.0,0.0,0.0,0.0,0.0,0.0,0.0,0.0,0.0,0.0,0.0,0.0,0.0,0.0,0.0,0.0,0.0,0.0,0.0,0.0,0.0,0.0,0.0,0.0,0.0,0.0
202510,formato_nuevo,d5a12d1932fc10a08921fe7b2e7ec510159fbf12d305bdc504c2d56b814e7c7b,APROBÓ,3.62,3.85,ind,3.85,ind,2.2,ind,,,,,,,,,,,4.25,ind,5.0,ind,1.5,ind,5.18,ind,4.25,ind,4.4,ind,4.1,ind,3.8,ind,4.71,ind,,,,,,,4.7075,4.203333333333333,1.0,0.1080555555555555,0.1080555555555555,12.0,2.228611111111112,3.8,3.809166666666667,3.0,5.0,2.228611111111112,8.357291666666667,16.0,3.2,6.0,11.0,1.571388888888889,2.417521367521368,39.0,3.5454545454545454,1.0,1.0,0.0091666666666666,0.0916666666666666,6.0,6.0,2.710074626865672,15.0,33.0,6.0525,134.0
202510,formato_nuevo,d60742d15b702ec03792e10df6d3c1f55d3b1984ed321e1193d8cde3fa50ea7e,REPROBÓ,1.23,2.35,ind,1.2375,ind,0.0,ind,,,,,,,,,,,2.7,ind,0.16,ind,0.0,ind,0.56,ind,0.0,ind,0.0,ind,4.0,ind,2.4,ind,0.0,ind,,,,,,,0.8550000000000001,2.1333333333333333,0.0,0.0,0.0,0.0,0.0,0.0,0.0,0.0,0.0,0.0,0.0,0.0,0.0,0.0,0.0,0.0,0.0,0.0,0.0,0.0,0.0,0.0,0.0,0.0,0.0,0.0,0.0,0.0,0.0,0.0
202510,formato_nuevo,da788c85bface601e855e721f3303a8964ed508dc68e40cae43b18f8ccb1dae6,REPROBÓ,2.66,3.7,ind,2.2125,ind,1.1,ind,,,,,,,,,,,1.86,ind,4.33,ind,3.8,ind,1.35,ind,2.9,ind,4.33,ind,1.9,ind,3.8,ind,4.71,ind,,,,,,,3.84,3.47,3.0,0.4639814814814815,1.3919444444444444,30.0,8.58361111111111,8.815555555555555,11.14861111111111,5.0,17.0,8.58361111111111,12.875416666666666,40.0,2.3529411764705883,4.0,4.0,0.2319444444444444,0.9940476190476192,14.0,3.5,4.0,7.0,2.333055555555556,7.367543859649124,19.0,2.7142857142857144,6.242702169625247,23.0,61.0,17.58361111111111,169.0
202510,formato_nuevo,da7f1b1125a280d3294d763ab63499f72bc8684fa038a5e406d76c6ac1e63cb6,REPROBÓ,1.3,2.15,ind,0.0,ind,0.0,ind,,,,,,,,,,,2.0,ind,3.61,ind,1.25,ind,0.0,ind,2.9,ind,1.75,ind,2.95,ind,3.5,ind,3.25,ind,,,,,,,2.565,3.233333333333333,3.0,0.0458333333333333,0.1375,26.0,0.9658333333333332,1.24,1.24,1.0,3.0,0.9658333333333332,14.4875,4.0,1.3333333333333333,2.0,7.0,0.2741666666666666,2.05625,8.0,1.1428571428571428,0.0,0.0,0.0,0.0,0.0,0.0,4.4006410256410255,11.0,23.0,3.813888888888889,52.0
202510,formato_nuevo,db5e2fcbe1b9443d97000dcafc9fd1ef523a646e13a1d6ee4970299d482e433d,REPROBÓ,1.42,2.0,ind,1.3,ind,0.0,ind,,,,,,,,,,,4.86,ind,0.0,ind,4.55,ind,4.5,ind,1.4,ind,0.0,ind,2.5,ind,0.0,ind,0.0,ind,,,,,,,3.8275,0.8333333333333334,1.0,0.1286111111111111,0.1286111111111111,13.0,15.923055555555557,55.2275,55.233888888888885,6.0,10.0,15.923055555555557,9.366503267973856,102.0,10.2,6.0,14.0,39.30444444444444,15.313419913419912,154.0,11.0,1.0,1.0,0.0063888888888888,0.3833333333333333,1.0,1.0,10.482132132132133,31.0,71.0,77.56777777777778,444.0
202510,formato_nuevo,dc2bd7f218af1430d5654e41ef13393c4e58d9c4f4b4fe7af797f86d465895c8,REPROBÓ,2.78,3.55,ind,2.55,ind,3.0,ind,,,,,,,,,,,1.25,ind,3.61,ind,0.7,ind,2.35,ind,2.4,ind,1.58,ind,0.0,ind,1.1,ind,5.0,ind,,,,,,,2.485,2.033333333333333,3.0,1.8411111111111111,5.523333333333333,34.0,4.22,6.043888888888889,6.641388888888889,4.0,18.0,4.22,6.0285714285714285,42.0,2.333333333333333,5.0,14.0,1.823888888888889,3.039814814814815,36.0,2.571428571428572,2.0,6.0,0.5975,2.39,15.0,2.5,6.44909090909091,28.0,79.0,23.64666666666667,220.0
202510,formato_nuevo,dd3e994dda2156c6f6a1f90cf393092253a82e0f7aeb2f202e97855cf9c620c2,RETIRADO,,2.45,ind,,ind,,ind,,,,,,,,,,,4.0,ind,3.4,ind,,ind,,ind,,ind,,ind,5.0,ind,,ind,,ind,,,,,,,,,0.0,0.0,0.0,0.0,0.0,0.0,0.0,0.0,0.0,0.0,0.0,0.0,0.0,0.0,0.0,0.0,0.0,0.0,0.0,0.0,0.0,0.0,0.0,0.0,0.0,0.0,0.0,0.0,0.0,0.0
202510,formato_nuevo,dee1728bc9070e7f7a07384fc08c623106c47dbeefbe7b57d27229af7d1a309b,APROBÓ,3.21,3.25,ind,3.525,ind,1.65,ind,,,,,,,,,,,4.0,ind,3.7,ind,2.5,ind,5.18,ind,3.5,ind,5.15,ind,3.45,ind,4.15,ind,4.264705882352941,ind,,,,,,,4.5075,3.954901960784314,1.0,0.0269444444444444,0.0269444444444444,8.0,0.9769444444444444,1.011111111111111,1.011111111111111,3.0,5.0,0.9769444444444444,8.373809523809523,7.0,1.4,2.0,3.0,0.0341666666666666,0.25625,8.0,2.6666666666666665,0.0,0.0,0.0,0.0,0.0,0.0,5.279513888888889,12.0,18.0,4.223611111111111,48.0
202510,formato_nuevo,e3bd048374940aeda190a6a554c3e07da295e6c1f71980a4ba192c21869a3c50,RETIRADO,,0.0,ind,,ind,,ind,,,,,,,,,,,0.0,ind,0.0,ind,,ind,,ind,,ind,,ind,0.0,ind,,ind,,ind,,,,,,,,,0.0,0.0,0.0,0.0,0.0,0.0,0.0,0.0,0.0,0.0,0.0,0.0,0.0,0.0,0.0,0.0,0.0,0.0,0.0,0.0,0.0,0.0,0.0,0.0,0.0,0.0,0.0,0.0,0.0,0.0
202510,formato_nuevo,e62bf8412a16e35928fac085a1fda2800351f18fa352a9c3c07eea6500cf30fc,REPROBÓ,2.6,3.3,ind,2.425,ind,1.0,ind,,,,,,,,,,,3.85,ind,3.44,ind,1.1,ind,1.9,ind,0.0,ind,1.92,ind,5.0,ind,3.95,ind,4.411764705882353,ind,,,,,,,2.7775000000000003,4.453921568627451,3.0,0.1358333333333333,0.4075,29.0,0.0108333333333333,2.341666666666667,2.346111111111111,3.0,9.0,0.0108333333333333,0.0541666666666666,12.0,1.3333333333333333,5.0,10.0,2.330833333333333,5.827083333333334,24.0,2.4,2.0,2.0,0.0044444444444444,0.0533333333333333,5.0,2.5,4.175154320987654,24.0,44.0,7.5152777777777775,108.0
202510,formato_nuevo,ea3d028d81fdb057c44ed87f526125cde2e0909ecc0bce1c845df1ad088320fb,APROBÓ,3.17,3.35,ind,3.75,ind,1.45,ind,,,,,,,,,,,5.9,ind,0.31,ind,0.1,ind,3.89,ind,3.9,ind,3.75,ind,4.0,ind,3.1,ind,3.75,ind,,,,,,,4.36,3.6166666666666663,1.0,6.928888888888889,6.928888888888889,11.0,26.421388888888888,47.08722222222222,47.8725,4.0,10.0,26.421388888888888,12.888482384823847,123.0,12.3,7.0,13.0,20.66583333333333,20.66583333333333,60.0,4.615384615384615,2.0,5.0,0.7852777777777777,6.730952380952381,7.0,1.4,17.227630285152408,24.0,71.0,97.33611111111112,339.0
202510,formato_nuevo,ed0e114ff3c54a65dd3f6d0070b4f216fb010b3a2b1932bbe3cb8ad108458c5b,APROBÓ,3.63,3.05,ind,4.2,ind,2.55,ind,,,,,,,,,,,4.5,ind,4.75,ind,4.67,ind,4.68,ind,3.2,ind,5.35,ind,3.75,ind,3.85,ind,4.56,ind,,,,,,,4.8625,4.053333333333334,1.0,0.0125,0.0125,4.0,4.126666666666667,4.493333333333333,7.856388888888889,3.0,5.0,4.126666666666667,17.685714285714287,14.0,2.8,4.0,8.0,0.3666666666666666,1.2222222222222223,18.0,2.25,1.0,1.0,3.3630555555555555,50.44583333333333,4.0,4.0,8.863470319634702,15.0,26.0,10.783888888888889,73.0
202510,formato_nuevo,edc43601cea35f40df57395a9cc47056b5bd496231f43655097272f61111d050,REPROBÓ,2.94,3.35,ind,2.875,ind,1.7,ind,,,,,,,,,,,3.35,ind,3.5,ind,4.5,ind,4.1,ind,2.5,ind,4.4,ind,2.2,ind,3.03,ind,4.852941176470588,ind,,,,,,,4.125,3.3609803921568626,1.0,0.3158333333333333,0.3158333333333333,4.0,4.276666666666666,14.08222222222222,24.39305555555556,6.0,10.0,4.276666666666666,10.264,25.0,2.5,6.0,10.0,9.805555555555555,22.62820512820513,26.0,2.6,4.0,5.0,10.310833333333331,47.58846153846154,13.0,2.6,17.762179487179488,28.0,48.0,30.787777777777777,104.0
202510,formato_nuevo,ede8a2f775a65d2bac71fca9baca3d8fc3c9bce59950a70af7b6c1e1e78eef02,RETIRADO,,2.2,ind,,ind,,ind,,,,,,,,,,,5.0,ind,3.2,ind,,ind,,ind,,ind,,ind,3.6,ind,,ind,,ind,,,,,,,,,0.0,0.0,0.0,0.0,0.0,0.0,0.0,0.0,0.0,0.0,0.0,0.0,0.0,0.0,0.0,0.0,0.0,0.0,0.0,0.0,0.0,0.0,0.0,0.0,0.0,0.0,0.0,0.0,0.0,0.0
202510,formato_nuevo,efd8b63ecd084635dfb82a94816b06b59ad9db2f30ed381d59f4287fc7caf6dd,APROBÓ,3.28,4.1,ind,4.5,ind,1.15,ind,,,,,,,,,,,4.0,ind,3.75,ind,2.5,ind,3.88,ind,3.5,ind,0.0,ind,5.0,ind,4.65,ind,0.0,ind,,,,,,,3.7825,3.216666666666667,1.0,0.0344444444444444,0.0344444444444444,4.0,1.1116666666666666,1.1719444444444445,1.1758333333333333,3.0,4.0,1.1116666666666666,3.5105263157894733,19.0,4.75,6.0,9.0,0.0602777777777777,0.2009259259259259,18.0,2.0,1.0,1.0,0.0038888888888888,0.2333333333333333,1.0,1.0,1.5064625850340134,12.0,20.0,1.2302777777777778,49.0
202510,formato_nuevo,f1a91d2a8433f8b02545c684eb4eb288233d1a8c2523ebfe1d50338e25358828,REPROBÓ,2.62,3.55,ind,2.725,ind,1.1,ind,,,,,,,,,,,3.1,ind,3.44,ind,2.6,ind,2.22,ind,4.4,ind,5.0,ind,0.0,ind,2.4,ind,4.71,ind,,,,,,,3.985,2.37,1.0,0.8580555555555556,0.8580555555555556,7.0,7.231111111111111,9.109166666666669,14.1975,5.0,11.0,7.231111111111111,8.854421768707484,49.0,4.454545454545454,4.0,9.0,1.878055555555556,3.045495495495496,37.0,4.111111111111111,3.0,9.0,5.088333333333333,9.25151515151515,33.0,3.6666666666666665,6.484676145339653,25.0,66.0,22.80444444444445,211.0
202510,formato_nuevo,f25f6ebeda230126f5c2fb49eaa4090807220596f2e7a0a6dbf4fab970826836,REPROBÓ,2.76,2.65,ind,3.45,ind,2.0,ind,,,,,,,,,,,2.0,ind,2.34,ind,2.25,ind,2.5,ind,0.0,ind,4.5,ind,2.85,ind,2.1,ind,3.68,ind,,,,,,,2.8975,2.876666666666667,1.0,0.3833333333333333,0.3833333333333333,3.0,10.629166666666666,11.6675,18.9725,5.0,13.0,10.629166666666666,9.51865671641791,67.0,5.153846153846154,3.0,8.0,1.038333333333333,1.2979166666666666,48.0,6.0,4.0,9.0,7.305,12.891176470588237,34.0,3.7777777777777777,7.455821596244132,21.0,72.0,44.11361111111111,355.0
202510,formato_nuevo,f3420a5b3b519c81a5709e953a92f908dacf668360de00dd4c99cb4e71685996,REPROBÓ,2.77,2.5,ind,2.6125,ind,1.3,ind,,,,,,,,,,,5.5,ind,4.0,ind,4.5,ind,4.4,ind,0.0,ind,5.75,ind,3.0,ind,3.45,ind,4.264705882352941,ind,,,,,,,5.0375,3.5715686274509806,0.0,0.0,0.0,0.0,1.3852777777777778,10.663611111111113,12.949166666666668,5.0,10.0,1.3852777777777778,2.444607843137255,34.0,3.4,6.0,13.0,9.278333333333334,10.30925925925926,54.0,4.153846153846154,3.0,4.0,2.285555555555556,10.548717948717949,13.0,3.25,8.134086021505377,29.0,50.0,21.01305555555556,155.0
202510,formato_nuevo,f37027a97baccf6e3653ca9e6e9d501744c7fb116af9e50e37c6ca4913c4bd64,RETIRADO,,0.95,ind,,ind,,ind,,,,,,,,,,,2.5,ind,0.16,ind,,ind,,ind,,ind,,ind,0.0,ind,,ind,,ind,,,,,,,,,0.0,0.0,0.0,0.0,0.0,0.0,0.0,0.0,0.0,0.0,0.0,0.0,0.0,0.0,0.0,0.0,0.0,0.0,0.0,0.0,0.0,0.0,0.0,0.0,0.0,0.0,0.0,0.0,0.0,0.0
202510,formato_nuevo,f627fd0340ebed5fdc371fae386ebfc1693580c4da44b8f5771e941f17d7c4ab,APROBÓ,3.07,3.65,ind,3.1,ind,2.4,ind,,,,,,,,,,,1.0,ind,4.17,ind,1.5,ind,4.05,ind,1.1,ind,2.25,ind,1.3,ind,5.0,ind,4.12,ind,,,,,,,2.9925,3.473333333333333,3.0,0.2771296296296296,0.8313888888888888,15.0,14.305,20.661944444444444,25.163055555555555,4.0,9.0,14.305,37.31739130434782,23.0,2.555555555555556,5.0,11.0,6.356944444444444,15.256666666666666,25.0,2.272727272727273,4.0,11.0,4.501111111111111,14.214035087719298,19.0,1.7272727272727273,17.96466666666667,24.0,61.0,44.91166666666667,150.0
202510,formato_nuevo,f7faa964f702eb2e63dcf0f5f3a18f743c74b01e0f464a5516268996be38c4d5,APROBÓ,3.21,4.1,ind,3.325,ind,2.4,ind,,,,,,,,,,,2.55,ind,4.0,ind,1.6,ind,1.15,ind,0.0,ind,1.58,ind,3.25,ind,4.6,ind,4.12,ind,,,,,,,2.4325,3.99,3.0,2.8264814814814816,8.479444444444445,37.0,5.605277777777777,17.517222222222223,23.06305555555556,5.0,8.0,5.605277777777777,7.473703703703704,45.0,5.625,7.0,16.0,11.911944444444444,8.310658914728682,86.0,5.375,4.0,11.0,5.545833333333333,7.394444444444445,45.0,4.090909090909091,8.388648947951273,23.0,65.0,42.08305555555555,301.0
202510,formato_nuevo,f7ffcce78f217f1577701b22f8db146cbe2e55beca2974d9bff1e4d6208a2a61,APROBÓ,3.02,3.25,ind,3.4375,ind,1.75,ind,,,,,,,,,,,5.75,ind,4.5,ind,4.13,ind,4.75,ind,0.0,ind,4.94,ind,1.05,ind,1.3,ind,4.25,ind,,,,,,,4.985,2.2,1.0,0.9761111111111112,0.9761111111111112,2.0,9.2275,24.030555555555555,31.35083333333333,4.0,9.0,9.2275,16.777272727272727,33.0,3.6666666666666665,5.0,9.0,14.803055555555556,17.76366666666667,50.0,5.555555555555555,3.0,4.0,7.320277777777778,33.78589743589744,13.0,3.25,16.100194931773878,28.0,54.0,45.88555555555556,171.0
202510,formato_nuevo,f885efbf201c3204556023f569ab1c24cba558a2ddd47aa33f5351e8fc79d37f,REPROBÓ,2.16,1.05,ind,1.9375,ind,0.8,ind,,,,,,,,,,,5.0,ind,5.6,ind,4.42,ind,3.8,ind,1.0,ind,4.55,ind,2.3,ind,4.0,ind,4.25,ind,,,,,,,4.8925,3.516666666666667,1.0,1.318888888888889,1.318888888888889,2.0,11.605555555555556,32.92666666666667,32.92666666666667,2.0,4.0,11.605555555555556,69.63333333333334,10.0,2.5,3.0,4.0,21.32111111111111,71.07037037037037,18.0,4.5,1.0,1.0,0.0,0.0,2.0,2.0,24.881278538812783,19.0,36.0,60.54444444444445,146.0
202510,formato_nuevo,f9100daa8262d67ad12c762bb10365ff24b2aa9b6d49094fda171c8469ade7bf,APROBÓ,3.09,4.55,ind,4.1875,ind,1.3,ind,,,,,,,,,,,2.45,ind,3.89,ind,2.55,ind,1.15,ind,2.9,ind,0.0,ind,2.4,ind,4.9,ind,0.0,ind,,,,,,,2.9475,2.4333333333333336,3.0,2.6054629629629624,7.816388888888889,27.0,3.353611111111112,5.7875,7.824444444444444,2.0,13.0,3.353611111111112,3.7262345679012334,54.0,4.153846153846154,4.0,11.0,2.4338888888888888,4.172380952380952,35.0,3.1818181818181817,2.0,9.0,2.0369444444444444,4.364880952380952,28.0,3.111111111111111,6.903141361256544,21.0,68.0,21.975,191.0
202510,formato_nuevo,f94257b50aabdf81315f9076a07cd06c7e851de3af27bfffd262201de495580c,REPROBÓ,2.91,3.75,ind,3.225,ind,1.1,ind,,,,,,,,,,,4.64,ind,4.7,ind,3.35,ind,3.23,ind,2.5,ind,0.0,ind,1.8,ind,3.8,ind,4.13,ind,,,,,,,3.98,3.2433333333333336,1.0,0.3058333333333333,0.3058333333333333,7.0,4.491666666666666,7.450833333333333,8.486666666666666,3.0,5.0,4.491666666666666,14.97222222222222,18.0,3.6,3.0,6.0,2.9591666666666665,11.096875,16.0,2.6666666666666665,2.0,3.0,1.0358333333333334,12.43,5.0,1.6666666666666667,14.192063492063491,20.0,35.0,19.86888888888889,84.0
202510,formato_nuevo,fa57c79aa0b0046c7aa601001385fd681b2a0cbc355dbcb2478f63bc50b2f9c1,APROBÓ,4.52,4.4,ind,4.9,ind,3.35,ind,,,,,,,,,,,5.9,ind,4.22,ind,5.5,ind,6.56,ind,3.4,ind,5.25,ind,5.0,ind,4.6,ind,4.56,ind,,,,,,,5.8025,4.72,1.0,3.3422222222222224,3.3422222222222224,18.0,8.365555555555556,10.222222222222223,11.985555555555557,4.0,10.0,8.365555555555556,10.456944444444444,48.0,4.8,3.0,7.0,1.856666666666667,9.283333333333331,12.0,1.7142857142857142,3.0,9.0,1.7633333333333334,4.8090909090909095,22.0,2.4444444444444446,7.739617486338798,19.0,58.0,23.605833333333333,183.0
202510,formato_nuevo,fca0d1d70cf92176b22356db9d2ed2f478083a9d3080dd77ae30a7f7ee0077f7,APROBÓ,3.43,4.2,ind,4.375,ind,1.1,ind,,,,,,,,,,,2.05,ind,2.5,ind,2.5,ind,4.15,ind,0.0,ind,3.42,ind,5.0,ind,5.0,ind,5.0,ind,,,,,,,3.1425,5.0,3.0,1.014074074074074,3.042222222222222,33.0,0.4180555555555555,2.0344444444444445,2.0480555555555555,5.0,18.0,0.4180555555555555,0.7377450980392157,34.0,1.8888888888888888,7.0,16.0,1.6163888888888889,2.55219298245614,38.0,2.375,2.0,2.0,0.0136111111111111,0.1361111111111111,6.0,3.0,3.629301075268817,24.0,64.0,11.250833333333333,186.0
202510,formato_nuevo,fca38905bcc59902cf35b41c3546bf34ca281751a8fd3b7e9532c27cb012f8bd,REPROBÓ,2.42,3.25,ind,2.0625,ind,1.1,ind,,,,,,,,,,,5.0,ind,4.1,ind,3.6,ind,4.1,ind,3.8,ind,3.35,ind,2.0,ind,1.8,ind,3.09,ind,,,,,,,4.25,2.2966666666666664,1.0,4.636388888888889,4.636388888888889,3.0,9.677777777777775,13.108888888888888,15.096944444444444,5.0,10.0,9.677777777777775,29.03333333333333,20.0,2.0,5.0,8.0,3.431111111111111,12.866666666666667,16.0,2.0,3.0,3.0,1.988055555555556,23.856666666666666,5.0,1.6666666666666667,24.38170731707317,25.0,39.0,33.321666666666665,82.0
202510,formato_nuevo,fd34412f9c6f73c1a2af4631f651dde6e6101f866dc1b9dae948be73c052c286,RETIRADO,,0.0,ind,,ind,,ind,,,,,,,,,,,3.9,ind,0.63,ind,,ind,,ind,,ind,,ind,0.0,ind,,ind,,ind,,,,,,,,,0.0,0.0,0.0,0.0,0.0,0.0,0.0,0.0,0.0,0.0,0.0,0.0,0.0,0.0,0.0,0.0,0.0,0.0,0.0,0.0,0.0,0.0,0.0,0.0,0.0,0.0,0.0,0.0,0.0,0.0
202510,formato_nuevo,ff0e88b8e84078d20f3d07e1efabee4cffc985bd3a80cef391a899505729efa4,APROBÓ,3.04,3.15,ind,4.0,ind,1.6,ind,,,,,,,,,,,3.0,ind,4.35,ind,1.33,ind,4.03,ind,0.0,ind,0.6,ind,3.85,ind,2.9,ind,3.9705882352941178,ind,,,,,,,3.1775,3.573529411764706,1.0,0.0016666666666666,0.0016666666666666,2.0,0.0,1.0983333333333334,1.0983333333333334,1.0,1.0,0.0,0.0,1.0,1.0,4.0,4.0,1.0983333333333334,6.590000000000001,10.0,2.5,1.0,1.0,0.0,0.0,1.0,1.0,6.832098765432099,10.0,12.0,3.0744444444444445,27.0
202510,formato_nuevo,ff3f79bcd44236bb1d8249f725cbb0bb39fe1c68080b42add7c789043844892d,APROBÓ,3.04,3.4,ind,2.675,ind,1.9,ind,,,,,,,,,,,4.6,ind,2.46,ind,3.35,ind,3.75,ind,3.4,ind,6.0,ind,4.25,ind,2.3,ind,4.411764705882353,ind,,,,,,,4.4375,3.653921568627451,1.0,0.075,0.075,9.0,18.447777777777777,34.413333333333334,47.87416666666667,5.0,12.0,18.447777777777777,14.564035087719295,76.0,6.333333333333333,7.0,15.0,15.965555555555556,13.684761904761904,70.0,4.666666666666667,4.0,10.0,13.460833333333332,16.48265306122449,49.0,4.9,11.595279146141216,33.0,93.0,78.46138888888889,406.0
202520,formato_nuevo,00206227cc5b505ad6dcad2ca5deec136f0e654f45a576da39d9f8a7ba89400d,RETIRADO,1.0849999999999995,2.8000000000000003,ind,1.1,ind,0.0,ind,,,,,,,,,,,2.1,ind,0.15,ind,0.0,ind,,,,,,,2.5,ind,0.25,ind,0.0,ind,,,,,,,0.75,0.9166666666666666,0.0,0.0,0.0,0.0,0.0,0.0,0.0,0.0,0.0,0.0,0.0,0.0,0.0,0.0,0.0,0.0,0.0,0.0,0.0,0.0,0.0,0.0,0.0,0.0,0.0,0.0,0.0,0.0,0.0,0.0
202520,formato_nuevo,00973d49be45fe882634942fe307892d8d29d71ea9d06de8128f033c57f32e4a,REPROBÓ,2.9893749999999994,3.6,ind,3.55,ind,1.85,ind,,,,,,,,,,,3.05,ind,3.5625,ind,1.725,ind,,,,,,,5.0,ind,3.75,ind,1.3,ind,,,,,,,2.779166666666667,3.35,2.0,16.144305555555555,32.28861111111111,57.0,44.630833333333335,73.61944444444444,87.08944444444444,8.0,13.0,44.630833333333335,41.19769230769231,65.0,5.0,7.0,12.0,28.988611111111112,29.9882183908046,58.0,4.833333333333333,10.0,16.0,13.47,20.205,40.0,2.5,28.599025641025644,43.0,85.0,154.9113888888889,325.0
202520,formato_nuevo,01a0427372936fec23484a8500f8bb64e9dfe30f49f56ba324a17f36c1a356ba,RETIRADO,0.6549999999999999,2.0,ind,0.0,ind,0.0,ind,,,,,,,,,,,1.6,ind,0.0,ind,0.0,ind,,,,,,,3.5,ind,0.0,ind,0.0,ind,,,,,,,0.5333333333333333,1.1666666666666667,0.0,0.0,0.0,0.0,0.0,0.0,0.0,0.0,0.0,0.0,0.0,0.0,0.0,0.0,0.0,0.0,0.0,0.0,0.0,0.0,0.0,0.0,0.0,0.0,0.0,0.0,0.0,0.0,0.0,0.0
202520,formato_nuevo,0703b17def28b9c7a1a9478f2259ba295c66aa87f01ee7220100642dc14ccfed,RETIRADO,0.5506249999999999,1.55,ind,0.0,ind,0.0,ind,,,,,,,,,,,0.0,ind,2.3125,ind,0.0,ind,,,,,,,2.5,ind,0.0,ind,0.0,ind,,,,,,,0.7708333333333334,0.8333333333333334,0.0,0.0,0.0,0.0,0.0,0.0,0.0,0.0,0.0,0.0,0.0,0.0,0.0,0.0,0.0,0.0,0.0,0.0,0.0,0.0,0.0,0.0,0.0,0.0,0.0,0.0,0.0,0.0,0.0,0.0
202520,formato_nuevo,09cfd63e1e210d1eeb9d81379e02c3bceecfc384adda5457ac1b9de07f705eb1,APROBÓ,3.00875,3.1,ind,4.3,ind,2.1,ind,,,,,,,,,,,2.8,ind,0.0,ind,2.125,ind,,,,,,,4.5,ind,2.55,ind,3.8,ind,,,,,,,1.6416666666666666,3.6166666666666663,2.0,1.7469444444444444,3.493888888888889,19.0,0.7716666666666666,4.121388888888889,7.914166666666667,2.0,4.0,0.7716666666666666,4.63,10.0,2.5,3.0,4.0,3.3497222222222223,25.12291666666667,8.0,2.0,7.0,9.0,3.792777777777778,17.505128205128205,13.0,1.4444444444444444,8.764327485380116,31.0,62.0,16.65222222222222,114.0
202520,formato_nuevo,101a8dbf90a29eeef52fa04ce97e38ab598b6a6e52cd8d370d0b7f9cb0202640,RETIRADO,1.4749999999999996,1.45,ind,2.65,ind,0.0,ind,,,,,,,,,,,1.5,ind,2.15,ind,0.0,ind,,,,,,,4.5,ind,2.3,ind,0.0,ind,,,,,,,1.2166666666666666,2.2666666666666666,0.0,0.0,0.0,0.0,0.0,0.0,0.0,0.0,0.0,0.0,0.0,0.0,0.0,0.0,0.0,0.0,0.0,0.0,0.0,0.0,0.0,0.0,0.0,0.0,0.0,0.0,0.0,0.0,0.0,0.0
202520,formato_nuevo,12c79fe46ac4110e2abc4fb4d0a610b1f08185389d0f94c7caa364376ad2fb6d,APROBÓ,4.1925,3.5,ind,4.65,ind,4.2,ind,,,,,,,,,,,4.5,ind,3.75,ind,3.35,ind,,,,,,,5.0,ind,4.0,ind,5.0,ind,,,,,,,3.8666666666666663,4.666666666666667,2.0,13.588055555555556,27.176111111111112,48.0,35.60527777777778,55.528055555555554,69.80194444444444,8.0,14.0,35.60527777777778,49.68178294573643,43.0,3.071428571428572,7.0,12.0,19.92277777777777,21.7339393939394,55.0,4.583333333333333,9.0,15.0,14.273888888888887,13.175897435897436,65.0,4.333333333333333,23.97114137483788,32.0,65.0,102.6763888888889,257.0
202520,formato_nuevo,13f05f570d052ee6049338c395c6f25d0839caa99a69a50e93ea6d0b2cf4268b,APROBÓ,4.389249999999999,4.0,ind,4.5,ind,5.1,ind,,,,,,,,,,,4.25,ind,3.725,ind,4.16,ind,,,,,,,5.0,ind,4.5,ind,2.15,ind,,,,,,,4.045,3.883333333333333,2.0,2.804722222222222,5.609444444444445,20.0,10.2575,12.943333333333332,14.254166666666666,6.0,8.0,10.2575,36.20294117647059,17.0,2.125,4.0,5.0,2.685833333333333,10.743333333333334,15.0,3.0,4.0,5.0,1.3108333333333333,5.243333333333333,15.0,3.0,17.014285714285716,17.0,31.0,21.835,77.0
202520,formato_nuevo,1459a6738d2daa9e1bf6beaf9de6ff3e713a4b59323023c54348631322e13e1e,REPROBÓ,2.671875,1.5,ind,3.45,ind,3.2,ind,,,,,,,,,,,2.0,ind,4.0625,ind,2.125,ind,,,,,,,4.5,ind,0.0,ind,1.5,ind,,,,,,,2.7291666666666665,2.0,2.0,0.9904166666666666,1.9808333333333328,21.0,3.593611111111111,7.080833333333333,8.334999999999999,11.0,17.0,3.593611111111111,3.717528735632184,58.0,3.411764705882353,7.0,10.0,3.487222222222222,3.546327683615819,59.0,5.9,8.0,14.0,1.2541666666666669,1.2541666666666669,60.0,4.285714285714286,5.545308641975309,43.0,70.0,24.95388888888889,270.0
202520,formato_nuevo,152938a04a7d7cf098e8339ccbde2669338d296d76aba2d0c9eb41fa1529f818,RETIRADO,0.59625,1.95,ind,0.0,ind,0.0,ind,,,,,,,,,,,4.125,ind,0.0,ind,0.0,ind,,,,,,,0.0,ind,0.0,ind,0.0,ind,,,,,,,1.375,0.0,0.0,0.0,0.0,0.0,0.0,0.0,0.0,0.0,0.0,0.0,0.0,0.0,0.0,0.0,0.0,0.0,0.0,0.0,0.0,0.0,0.0,0.0,0.0,0.0,0.0,0.0,0.0,0.0,0.0,0.0
202520,formato_nuevo,15bb3ccbf7341b93a0d960bb592518b137e4d2106e61f664a2f9e1625190efd8,REPROBÓ,2.457499999999999,2.0,ind,3.0,ind,2.6,ind,,,,,,,,,,,2.9,ind,3.0,ind,0.0,ind,,,,,,,3.0,ind,0.5,ind,3.75,ind,,,,,,,1.9666666666666668,2.4166666666666665,2.0,0.2055555555555555,0.4111111111111111,11.0,15.67027777777778,20.52111111111111,48.83444444444444,5.0,7.0,15.67027777777778,52.23425925925926,18.0,2.571428571428572,2.0,3.0,4.850833333333333,24.254166666666663,12.0,4.0,4.0,7.0,28.313333333333333,84.94,20.0,2.857142857142857,35.518103448275866,24.0,47.0,68.66833333333334,116.0
202520,formato_nuevo,17b024323866f544ca50eb9ef6666c4d9067901eb3d9fa4fe4515ee9ffbb9b47,APROBÓ,3.787499999999999,3.8,ind,4.45,ind,4.9,ind,,,,,,,,,,,1.6,ind,2.4,ind,1.75,ind,,,,,,,4.5,ind,0.5,ind,3.05,ind,,,,,,,1.9166666666666667,2.6833333333333336,2.0,4.261666666666667,8.523333333333333,33.0,20.391666666666666,63.344722222222224,130.55388888888888,8.0,12.0,20.391666666666666,11.652380952380952,105.0,8.75,9.0,11.0,42.95305555555556,33.91030701754386,76.0,6.909090909090909,7.0,13.0,67.20916666666666,52.37077922077922,77.0,5.923076923076923,33.306970509383376,48.0,102.0,414.1166666666667,746.0
202520,formato_nuevo,182b1c4409b993b6b840bd65c957311b9f6002d3cabd128f2a6d4c0e80c1e39d,RETIRADO,0.4862499999999999,1.9,ind,0.0,ind,0.0,ind,,,,,,,,,,,2.125,ind,0.0,ind,0.0,ind,,,,,,,0.0,ind,0.0,ind,0.0,ind,,,,,,,0.7083333333333334,0.0,0.0,0.0,0.0,0.0,0.0,0.0,0.0,0.0,0.0,0.0,0.0,0.0,0.0,0.0,0.0,0.0,0.0,0.0,0.0,0.0,0.0,0.0,0.0,0.0,0.0,0.0,0.0,0.0,0.0,0.0
202520,formato_nuevo,182b23ce5d2ec6851f316e4afba9bf10a9f7b39517e227f97e17a731877ae77e,RETIRADO,0.0,0.0,ind,0.0,ind,0.0,ind,,,,,,,,,,,0.0,ind,0.0,ind,0.0,ind,,,,,,,0.0,ind,0.0,ind,0.0,ind,,,,,,,0.0,0.0,0.0,0.0,0.0,0.0,0.0,0.0,0.0,0.0,0.0,0.0,0.0,0.0,0.0,0.0,0.0,0.0,0.0,0.0,0.0,0.0,0.0,0.0,0.0,0.0,0.0,0.0,0.0,0.0,0.0,0.0
202520,formato_nuevo,1937ddc334ddeaebb49d3a6b0ead8e12850e646d8de12dbfcfdef049fdc068ac,APROBÓ,3.262499999999999,2.9,ind,4.05,ind,3.0,ind,,,,,,,,,,,2.7,ind,2.7,ind,4.3500000000000005,ind,,,,,,,5.0,ind,2.2,ind,1.45,ind,,,,,,,3.25,2.8833333333333333,2.0,7.569166666666666,15.138333333333334,111.0,3.3338888888888887,8.370000000000001,22.375833333333333,4.0,7.0,3.3338888888888887,25.004166666666663,8.0,1.1428571428571428,4.0,10.0,5.036111111111111,17.77450980392157,17.0,1.7,6.0,8.0,14.005833333333332,33.614000000000004,25.0,3.125,12.657083333333334,26.0,56.0,42.19027777777778,200.0
202520,formato_nuevo,1a222077f8b09a0e595e8bff000948047719c646e1aee35c76e0468bc54194fe,APROBÓ,3.387499999999999,2.5,ind,5.55,ind,2.2,ind,,,,,,,,,,,2.65,ind,4.6,ind,4.55,ind,,,,,,,5.0,ind,2.2,ind,0.0,ind,,,,,,,3.9333333333333336,2.4,2.0,9.998472222222222,19.996944444444445,57.0,8.274444444444445,16.453333333333333,21.971944444444446,8.0,14.0,8.274444444444445,9.193827160493829,54.0,3.857142857142857,8.0,10.0,8.178888888888888,15.335416666666664,32.0,3.2,3.0,3.0,5.518611111111111,47.30238095238095,7.0,2.333333333333333,13.79177777777778,43.0,80.0,68.9588888888889,300.0
202520,formato_nuevo,1a3b6732820b92e9af12ceb5a6a6ebaf92c725bf0c63e14bb224f7737a2f8672,SIN_NOTA,,,ind,,ind,,ind,,,,,,,,,,,,ind,,ind,,ind,,,,,,,,ind,,ind,,ind,,,,,,,,,1.0,5.16,5.16,11.0,0.0225,0.0236111111111111,0.0244444444444444,3.0,4.0,0.0225,0.1687499999999999,8.0,2.0,2.0,2.0,0.0011111111111111,0.0333333333333333,2.0,1.0,1.0,2.0,0.0008333333333333,0.025,2.0,1.0,11.418279569892476,9.0,16.0,5.899444444444445,31.0
202520,formato_nuevo,1d035d44807877039ff1c9a8f47c629303efaab22a239acb36bea9b090313cfd,APROBÓ,3.097999999999999,3.5,ind,3.4,ind,1.7,ind,,,,,,,,,,,3.0,ind,3.75,ind,3.06,ind,,,,,,,5.0,ind,3.75,ind,3.9,ind,,,,,,,3.27,4.216666666666667,1.0,2.993611111111111,2.993611111111111,26.0,0.0283333333333333,0.0705555555555555,6.846111111111112,3.0,5.0,0.0283333333333333,0.1133333333333333,15.0,3.0,4.0,6.0,0.0422222222222222,0.0873563218390804,29.0,4.833333333333333,3.0,5.0,6.775555555555556,16.93888888888889,24.0,4.8,4.885628019323672,22.0,42.0,11.236944444444443,138.0
202520,formato_nuevo,1fdbdeb178caa286a8b718d2a7096ca44925d786abb5f8009a9f864ca71d411d,RETIRADO,0.3249999999999999,1.1,ind,0.0,ind,0.0,ind,,,,,,,,,,,0.6,ind,0.0,ind,0.0,ind,,,,,,,1.5,ind,0.0,ind,0.0,ind,,,,,,,0.1999999999999999,0.5,0.0,0.0,0.0,0.0,0.0,0.0,0.0,0.0,0.0,0.0,0.0,0.0,0.0,0.0,0.0,0.0,0.0,0.0,0.0,0.0,0.0,0.0,0.0,0.0,0.0,0.0,0.0,0.0,0.0,0.0
202520,formato_nuevo,20048afe1f8e7eb14c33d4532679245e0438a86395903079c0c0e15a9e8e0353,APROBÓ,3.1374999999999997,2.85,ind,4.2,ind,3.05,ind,,,,,,,,,,,4.1,ind,0.0,ind,0.0,ind,,,,,,,5.0,ind,1.25,ind,4.75,ind,,,,,,,1.3666666666666665,3.6666666666666665,1.0,4.053055555555556,4.053055555555556,10.0,5.6375,18.17527777777778,23.614444444444445,7.0,11.0,5.6375,17.80263157894737,19.0,1.7272727272727273,8.0,19.0,12.537777777777778,10.746666666666666,70.0,3.684210526315789,5.0,8.0,5.439166666666667,12.087037037037035,27.0,3.375,9.625452898550725,34.0,71.0,29.51805555555556,184.0
202520,formato_nuevo,2182e1ba19e19a719ce4ab3b29fa81108abfa322cf6fa654a20c956c80784fea,APROBÓ,4.5855,3.2,ind,5.9,ind,5.35,ind,,,,,,,,,,,3.3,ind,3.0,ind,5.01,ind,,,,,,,5.0,ind,2.1,ind,4.25,ind,,,,,,,3.77,3.783333333333333,2.0,4.94625,9.8925,24.0,2.43,7.136111111111111,11.295,7.0,8.0,2.43,6.942857142857143,21.0,2.625,6.0,7.0,4.706111111111111,13.446031746031746,21.0,3.0,4.0,4.0,4.158888888888889,49.906666666666666,5.0,1.25,11.947181964573268,37.0,67.0,41.217777777777776,207.0
202520,formato_nuevo,2535de81b48a2b1811c9a9b44dc46a29eae6ae927645cf88b050e1e7c7b4bee1,REPROBÓ,0.1749999999999999,0.5,ind,0.0,ind,0.0,ind,,,,,,,,,,,1.5,ind,0.0,ind,0.0,ind,,,,,,,0.0,ind,0.0,ind,0.0,ind,,,,,,,0.5,0.0,0.0,0.0,0.0,0.0,0.0369444444444444,0.0369444444444444,0.0369444444444444,3.0,6.0,0.0369444444444444,0.2770833333333333,8.0,1.3333333333333333,0.0,0.0,0.0,0.0,0.0,0.0,0.0,0.0,0.0,0.0,0.0,0.0,0.2015151515151515,4.0,7.0,0.0369444444444444,11.0
202520,formato_nuevo,26d38de215d733b34c6abb144247742b080aa6e968572ef5832a6ad70928f71a,RETIRADO,0.0,0.0,ind,0.0,ind,0.0,ind,,,,,,,,,,,0.0,ind,0.0,ind,0.0,ind,,,,,,,0.0,ind,0.0,ind,0.0,ind,,,,,,,0.0,0.0,0.0,0.0,0.0,0.0,0.0,0.0,0.0,0.0,0.0,0.0,0.0,0.0,0.0,0.0,0.0,0.0,0.0,0.0,0.0,0.0,0.0,0.0,0.0,0.0,0.0,0.0,0.0,0.0,0.0,0.0
202520,formato_nuevo,2b637be9fc1c889942c95eb589704932dd7ec9a60696366b7742d6fe68d7281c,APROBÓ,4.472499999999999,3.55,ind,5.05,ind,5.15,ind,,,,,,,,,,,2.5,ind,2.45,ind,5.2,ind,,,,,,,5.0,ind,3.85,ind,5.25,ind,,,,,,,3.3833333333333333,4.7,2.0,2.405972222222222,4.811944444444444,40.0,8.221944444444444,24.69166666666667,40.90527777777778,9.0,20.0,8.221944444444444,8.969393939393939,55.0,2.75,7.0,11.0,16.469722222222224,27.44953703703704,36.0,3.272727272727273,8.0,11.0,16.21361111111111,20.69822695035461,47.0,4.2727272727272725,12.771090534979423,35.0,90.0,68.96388888888889,324.0
202520,formato_nuevo,2e4232ca2c87d4b66f4ade55b36b1b8ced418fa2e109908a05deff40a05b9192,REPROBÓ,2.745,1.55,ind,4.3,ind,2.15,ind,,,,,,,,,,,1.7,ind,2.45,ind,3.8,ind,,,,,,,4.0,ind,1.5,ind,3.0,ind,,,,,,,2.6500000000000004,2.833333333333333,2.0,2.8937500000000003,5.7875,31.0,4.277777777777778,9.333333333333332,13.083333333333332,8.0,13.0,4.277777777777778,7.12962962962963,36.0,2.769230769230769,6.0,8.0,5.055555555555555,17.84313725490196,17.0,2.125,5.0,6.0,3.75,16.071428571428573,14.0,2.333333333333333,10.469465648854962,40.0,90.0,45.71666666666667,262.0
202520,formato_nuevo,3237fceabe580655e0e0599a71d94088cd838cb01b06b0e93c268dea3cb43605,APROBÓ,3.021249999999999,2.6,ind,3.55,ind,2.85,ind,,,,,,,,,,,2.375,ind,3.1,ind,1.75,ind,,,,,,,3.0,ind,3.3,ind,4.5,ind,,,,,,,2.408333333333333,3.6,2.0,0.5406944444444445,1.081388888888889,12.0,18.980555555555554,36.32861111111111,51.551944444444445,5.0,7.0,18.980555555555554,59.93859649122807,19.0,2.7142857142857144,7.0,9.0,17.348055555555554,57.82685185185184,18.0,2.0,5.0,7.0,15.223333333333333,83.03636363636363,11.0,1.5714285714285714,36.01635802469136,27.0,52.0,64.82944444444445,108.0
202520,formato_nuevo,33bef6b84b801bd000df08e5bda42b187fd21fdee42bdb656ca05f18556d24a8,REPROBÓ,2.833,2.85,ind,2.95,ind,3.7,ind,,,,,,,,,,,2.6,ind,2.0,ind,3.01,ind,,,,,,,1.5,ind,0.25,ind,2.6500000000000004,ind,,,,,,,2.536666666666666,1.4666666666666668,2.0,3.2469444444444444,6.493888888888889,18.0,4.7375,5.598888888888888,13.655555555555557,4.0,7.0,4.7375,28.425,10.0,1.4285714285714286,2.0,7.0,0.8613888888888889,4.3069444444444445,12.0,1.7142857142857142,5.0,7.0,8.056666666666667,15.10625,32.0,4.571428571428571,15.677136752136752,17.0,33.0,20.380277777777778,78.0
202520,formato_nuevo,37f534d6fc450468abc312f56d9da5298baf7ff54db40436c1b083ae2758a3b2,RETIRADO,0.5349999999999998,1.2,ind,0.0,ind,0.0,ind,,,,,,,,,,,1.4,ind,0.0,ind,0.0,ind,,,,,,,4.5,ind,0.0,ind,0.0,ind,,,,,,,0.4666666666666666,1.5,0.0,0.0,0.0,0.0,0.0,0.0,0.0,0.0,0.0,0.0,0.0,0.0,0.0,0.0,0.0,0.0,0.0,0.0,0.0,0.0,0.0,0.0,0.0,0.0,0.0,0.0,0.0,0.0,0.0,0.0
202520,formato_nuevo,383e15d930c6e207412b208abaf0815589a8c594d1b3b122544b44db7abfc860,SIN_NOTA,,,ind,,ind,,ind,,,,,,,,,,,,ind,,ind,,ind,,,,,,,,ind,,ind,,ind,,,,,,,,,0.0,0.0,0.0,0.0,0.0,0.0,0.0002777777777777,0.0,0.0,0.0,0.0,0.0,0.0,0.0,0.0,0.0,0.0,0.0,0.0,1.0,1.0,0.0002777777777777,0.0166666666666666,1.0,1.0,0.0166666666666666,1.0,1.0,0.0002777777777777,1.0
202520,formato_nuevo,3be71491479764342eb53a1323d5f70e6be9258bfc31639ea441c684e1dd10fb,REPROBÓ,1.6331249999999995,2.6500000000000004,ind,1.6,ind,1.35,ind,,,,,,,,,,,2.05,ind,1.6875,ind,0.825,ind,,,,,,,2.5,ind,0.25,ind,0.0,ind,,,,,,,1.5208333333333333,0.9166666666666666,2.0,0.3983333333333333,0.7966666666666666,21.0,15.130555555555556,24.32638888888889,24.344166666666663,8.0,14.0,15.130555555555556,25.93809523809524,35.0,2.5,7.0,9.0,9.195833333333333,20.435185185185187,27.0,3.0,6.0,9.0,0.0177777777777777,0.0969696969696969,11.0,1.2222222222222223,17.438053097345133,28.0,53.0,32.84166666666667,113.0
202520,formato_nuevo,3c8402d45141c5065c4ef67b6407ac39789a14140a9b0778ab8702cac3ed91ea,APROBÓ,3.549999999999999,3.55,ind,4.4,ind,3.4,ind,,,,,,,,,,,3.3,ind,1.0,ind,3.85,ind,,,,,,,5.0,ind,2.25,ind,2.4,ind,,,,,,,2.716666666666667,3.216666666666667,2.0,1.471666666666667,2.9433333333333334,21.0,3.6341666666666654,4.986388888888889,5.252222222222223,7.0,12.0,3.6341666666666654,8.075925925925926,27.0,2.25,4.0,5.0,1.3522222222222222,10.141666666666666,8.0,1.6,4.0,5.0,0.2658333333333333,1.99375,8.0,1.6,7.738226299694189,36.0,67.0,28.11555555555556,218.0
202520,formato_nuevo,3db528603fd1ccbc18ef111f7e1d6086b2510f05a19e1f34c924b57272a8e0e4,APROBÓ,3.883499999999999,2.95,ind,4.65,ind,5.05,ind,,,,,,,,,,,2.85,ind,2.25,ind,2.02,ind,,,,,,,4.5,ind,1.75,ind,4.0,ind,,,,,,,2.373333333333333,3.4166666666666665,2.0,1.5206944444444443,3.0413888888888887,25.0,1.065,1.0669444444444445,1.0669444444444445,3.0,4.0,1.065,7.9875,8.0,2.0,1.0,1.0,0.0019444444444444,0.0583333333333333,2.0,2.0,0.0,0.0,0.0,0.0,0.0,0.0,6.648469387755101,23.0,41.0,10.859166666666669,98.0
202520,formato_nuevo,3e56739d25e07d6241d25d682584e8f6e49dd318ad3ce6905687c02c14b48918,REPROBÓ,2.31,3.25,ind,3.45,ind,1.2,ind,,,,,,,,,,,2.8,ind,2.1,ind,0.2,ind,,,,,,,3.5,ind,0.25,ind,0.0,ind,,,,,,,1.7000000000000002,1.25,2.0,4.175833333333333,8.351666666666667,18.0,21.58138888888889,21.58388888888889,28.88888888888889,7.0,10.0,21.58138888888889,25.897666666666662,50.0,5.0,3.0,3.0,0.0025,0.0499999999999999,3.0,1.0,3.0,4.0,7.305,54.7875,8.0,2.0,22.34992354740061,31.0,57.0,81.20472222222222,218.0
202520,formato_nuevo,43a23ca2a9f3dca6912c1488110e7cbbc3814e1ec5eb50c0f0dcd79bdeb5bf2d,RETIRADO,0.6349999999999999,1.4,ind,0.0,ind,0.0,ind,,,,,,,,,,,2.6,ind,0.0,ind,0.0,ind,,,,,,,4.5,ind,0.0,ind,0.0,ind,,,,,,,0.8666666666666667,1.5,0.0,0.0,0.0,0.0,0.0,0.0,0.0,0.0,0.0,0.0,0.0,0.0,0.0,0.0,0.0,0.0,0.0,0.0,0.0,0.0,0.0,0.0,0.0,0.0,0.0,0.0,0.0,0.0,0.0,0.0
202520,formato_nuevo,4460c3a208168f7913a2e6a811b77a0a3db740ab819f1f4113e46928b65243be,APROBÓ,4.4425,3.3000000000000003,ind,5.15,ind,4.95,ind,,,,,,,,,,,3.45,ind,4.75,ind,5.2,ind,,,,,,,5.0,ind,2.5,ind,4.25,ind,,,,,,,4.466666666666666,3.9166666666666665,2.0,4.397638888888889,8.795277777777779,35.0,0.1308333333333333,19.21833333333333,25.076666666666664,9.0,13.0,0.1308333333333333,0.3568181818181818,22.0,1.6923076923076923,8.0,14.0,19.0875,16.360714285714284,70.0,5.0,6.0,10.0,5.858333333333333,13.01851851851852,27.0,2.7,12.393738489871089,32.0,59.0,37.38777777777778,181.0
202520,formato_nuevo,44967f4720c115dd2a816d7c21a91306704285b898c66c56822a73c3c2419c96,RETIRADO,1.2724999999999995,2.05,ind,2.15,ind,0.0,ind,,,,,,,,,,,1.9,ind,0.0,ind,0.0,ind,,,,,,,4.5,ind,0.1,ind,0.0,ind,,,,,,,0.6333333333333333,1.5333333333333332,0.0,0.0,0.0,0.0,0.0,0.0,0.0,0.0,0.0,0.0,0.0,0.0,0.0,0.0,0.0,0.0,0.0,0.0,0.0,0.0,0.0,0.0,0.0,0.0,0.0,0.0,0.0,0.0,0.0,0.0
202520,formato_nuevo,45f43b2a87a6209a8157e763a5766ff7fca721b9652b8eacb3070f8ee6d0f58c,APROBÓ,3.752499999999999,3.05,ind,4.95,ind,2.85,ind,,,,,,,,,,,4.375,ind,3.05,ind,3.125,ind,,,,,,,4.5,ind,4.05,ind,4.75,ind,,,,,,,3.516666666666667,4.433333333333334,1.0,9.17027777777778,9.17027777777778,21.0,27.859166666666667,35.199444444444445,39.02388888888889,7.0,13.0,27.859166666666667,23.54295774647888,71.0,5.461538461538462,5.0,6.0,7.340277777777778,27.526041666666668,16.0,2.6666666666666665,5.0,6.0,3.824444444444445,20.86060606060606,11.0,1.8333333333333333,25.694444444444443,24.0,42.0,56.52777777777778,132.0
202520,formato_nuevo,48c17701d70d0ccc11e0abfa3702b1b0f998110df23fd3afbed288997effb319,APROBÓ,5.09,4.25,ind,5.4,ind,5.95,ind,,,,,,,,,,,3.1,ind,4.65,ind,5.15,ind,,,,,,,5.0,ind,5.5,ind,4.65,ind,,,,,,,4.3,5.05,2.0,5.589027777777778,11.178055555555556,40.0,26.212222222222223,39.67805555555556,55.6375,7.0,16.0,26.212222222222223,20.163247863247864,78.0,4.875,6.0,13.0,13.465833333333334,18.3625,44.0,3.3846153846153846,5.0,7.0,15.959444444444443,59.84791666666667,16.0,2.2857142857142856,19.83189792663477,22.0,56.0,69.08111111111111,209.0
202520,formato_nuevo,4a2161621f9e27ff80c6fc07349dad590e9f6d0f2def88cfa528dfd0a13a378b,RETIRADO,1.5674999999999994,2.7,ind,2.55,ind,0.0,ind,,,,,,,,,,,2.55,ind,0.0,ind,0.0,ind,,,,,,,5.0,ind,0.25,ind,0.0,ind,,,,,,,0.85,1.75,0.0,0.0,0.0,0.0,0.0,0.0,0.0,0.0,0.0,0.0,0.0,0.0,0.0,0.0,0.0,0.0,0.0,0.0,0.0,0.0,0.0,0.0,0.0,0.0,0.0,0.0,0.0,0.0,0.0,0.0
202520,formato_nuevo,4db8c55ec5b934ff5dd98825f2c357981c36f4a220b137fb9ca5ce173c480678,RETIRADO,0.2799999999999999,0.75,ind,0.0,ind,0.0,ind,,,,,,,,,,,0.1,ind,0.0,ind,0.0,ind,,,,,,,2.5,ind,0.0,ind,0.0,ind,,,,,,,0.0333333333333333,0.8333333333333334,0.0,0.0,0.0,0.0,0.0,0.0,0.0,0.0,0.0,0.0,0.0,0.0,0.0,0.0,0.0,0.0,0.0,0.0,0.0,0.0,0.0,0.0,0.0,0.0,0.0,0.0,0.0,0.0,0.0,0.0
202520,formato_nuevo,50584de02d551a8a53553b42f04828bf0c6d3d4fb8ee8b7d92fbbf46156efe26,RETIRADO,1.1149999999999998,2.1,ind,1.5,ind,0.0,ind,,,,,,,,,,,2.5,ind,1.4,ind,0.0,ind,,,,,,,2.5,ind,0.0,ind,0.0,ind,,,,,,,1.3,0.8333333333333334,0.0,0.0,0.0,0.0,0.0,0.0,0.0,0.0,0.0,0.0,0.0,0.0,0.0,0.0,0.0,0.0,0.0,0.0,0.0,0.0,0.0,0.0,0.0,0.0,0.0,0.0,0.0,0.0,0.0,0.0
202520,formato_nuevo,551466584928e3e630dd72ccc6300ceecf56000b91d2a83aa5644438ac53b515,RETIRADO,0.2799999999999999,1.2,ind,0.0,ind,0.0,ind,,,,,,,,,,,0.3,ind,0.0,ind,0.0,ind,,,,,,,0.5,ind,0.0,ind,0.0,ind,,,,,,,0.0999999999999999,0.1666666666666666,0.0,0.0,0.0,0.0,0.0,0.0,0.0,0.0,0.0,0.0,0.0,0.0,0.0,0.0,0.0,0.0,0.0,0.0,0.0,0.0,0.0,0.0,0.0,0.0,0.0,0.0,0.0,0.0,0.0,0.0
202520,formato_nuevo,55b4e72b322d1dc2ef30a0465a0aa5fa618cabed4ce12e18aa69123c0367a2ab,RETIRADO,1.3549999999999998,2.25,ind,1.9,ind,0.0,ind,,,,,,,,,,,1.5,ind,2.1,ind,0.0,ind,,,,,,,5.0,ind,0.0,ind,0.0,ind,,,,,,,1.2,1.6666666666666667,0.0,0.0,0.0,0.0,0.0,0.0,0.0,0.0,0.0,0.0,0.0,0.0,0.0,0.0,0.0,0.0,0.0,0.0,0.0,0.0,0.0,0.0,0.0,0.0,0.0,0.0,0.0,0.0,0.0,0.0
202520,formato_nuevo,57d82b6f101107b84caa10ad698da4831a7704593887ab9ade134aa70a34ded5,APROBÓ,3.040499999999999,3.0,ind,4.1,ind,2.5,ind,,,,,,,,,,,2.65,ind,0.0,ind,2.26,ind,,,,,,,5.0,ind,2.65,ind,3.25,ind,,,,,,,1.6366666666666667,3.633333333333333,2.0,2.0033333333333334,4.006666666666667,40.0,12.197222222222225,17.41138888888889,23.020833333333336,6.0,13.0,12.197222222222225,15.24652777777778,48.0,3.692307692307693,6.0,13.0,5.214166666666666,8.690277777777776,36.0,2.769230769230769,6.0,7.0,5.609444444444445,16.828333333333333,20.0,2.857142857142857,11.164659685863873,28.0,62.0,35.54083333333333,191.0
202520,formato_nuevo,5889284b59e2873f4a52722d1a9c233e366b2a295a8095ddc250bfd673c920b6,APROBÓ,3.388749999999999,2.05,ind,3.35,ind,5.0,ind,,,,,,,,,,,2.05,ind,2.85,ind,3.4250000000000003,ind,,,,,,,5.0,ind,1.8,ind,2.7,ind,,,,,,,2.7750000000000004,3.1666666666666665,2.0,2.0250000000000004,4.05,22.0,1.545,1.8216666666666663,3.7591666666666654,5.0,11.0,1.545,5.15,18.0,1.6363636363636365,5.0,9.0,0.2766666666666666,1.1857142857142855,14.0,1.5555555555555556,2.0,3.0,1.9375,23.25,5.0,1.6666666666666667,5.659935897435897,25.0,50.0,9.810555555555556,104.0
202520,formato_nuevo,58e2c898f723b5db946bcf9f8f2ec5565580f09a190bc6a301dbe922b451cb42,REPROBÓ,0.8424999999999998,1.55,ind,0.6,ind,0.0,ind,,,,,,,,,,,3.1,ind,1.05,ind,0.0,ind,,,,,,,3.5,ind,0.0,ind,0.0,ind,,,,,,,1.3833333333333335,1.1666666666666667,0.0,0.0,0.0,0.0,0.0088888888888888,0.0088888888888888,0.0308333333333333,1.0,1.0,0.0088888888888888,0.5333333333333333,1.0,1.0,2.0,2.0,0.0,0.0,2.0,1.0,1.0,1.0,0.0219444444444444,1.3166666666666669,1.0,1.0,0.3729166666666667,6.0,8.0,0.0994444444444444,16.0
202520,formato_nuevo,59e767ed35a1ac71b172b7d7bf5c23699395a167a967bd4d92d3a6c099e01b0d,REPROBÓ,1.6881249999999994,1.7000000000000002,ind,3.15,ind,0.0,ind,,,,,,,,,,,1.7000000000000002,ind,3.3125,ind,0.0,ind,,,,,,,2.5,ind,3.7,ind,0.0,ind,,,,,,,1.6708333333333334,2.066666666666667,1.0,3.588055555555556,3.588055555555556,13.0,11.766388888888889,16.770555555555553,16.958333333333332,7.0,10.0,11.766388888888889,22.77365591397849,31.0,3.1,7.0,9.0,5.004166666666666,15.0125,20.0,2.2222222222222223,2.0,2.0,0.1877777777777777,5.633333333333333,2.0,1.0,15.355813953488374,17.0,30.0,22.01,86.0
202520,formato_nuevo,614a397db57aeb88d173e06b3454776c0fda1ef8e4584219f9ef579e329f5c01,SIN_NOTA,,,ind,,ind,,ind,,,,,,,,,,,,ind,,ind,,ind,,,,,,,,ind,,ind,,ind,,,,,,,,,2.0,2.168055555555556,4.336111111111111,53.0,1.6494444444444445,7.8069444444444445,11.73611111111111,5.0,7.0,1.6494444444444445,6.185416666666667,16.0,2.2857142857142856,6.0,9.0,6.1575,10.555714285714286,35.0,3.888888888888889,6.0,10.0,3.929166666666666,10.715909090909092,22.0,2.2,6.866319444444444,32.0,72.0,21.97222222222222,192.0
202520,formato_nuevo,64ccf4e15febaa9628ce39f870eba5b253584ca204b04fea62db48bde99e3ed1,RETIRADO,0.0,0.0,ind,0.0,ind,0.0,ind,,,,,,,,,,,0.0,ind,0.0,ind,0.0,ind,,,,,,,0.0,ind,0.0,ind,0.0,ind,,,,,,,0.0,0.0,0.0,0.0,0.0,0.0,0.0,0.0,0.0,0.0,0.0,0.0,0.0,0.0,0.0,0.0,0.0,0.0,0.0,0.0,0.0,0.0,0.0,0.0,0.0,0.0,0.0,0.0,0.0,0.0,0.0,0.0
202520,formato_nuevo,659e3f662d2862b19bdfdc4cf0fdf326c944c880aad6bc844412da671481b477,RETIRADO,0.6849999999999998,1.7999999999999998,ind,0.0,ind,0.0,ind,,,,,,,,,,,2.0,ind,0.0,ind,0.0,ind,,,,,,,4.5,ind,0.0,ind,0.0,ind,,,,,,,0.6666666666666666,1.5,0.0,0.0,0.0,0.0,0.0,0.0,0.0,0.0,0.0,0.0,0.0,0.0,0.0,0.0,0.0,0.0,0.0,0.0,0.0,0.0,0.0,0.0,0.0,0.0,0.0,0.0,0.0,0.0,0.0,0.0
202520,formato_nuevo,6625a4d19ef24f9baba7ea2d8124c6a4d4ada96f606d9ce335d2bf5ae4bede76,RETIRADO,0.0,0.0,ind,0.0,ind,0.0,ind,,,,,,,,,,,0.0,ind,0.0,ind,0.0,ind,,,,,,,0.0,ind,0.0,ind,0.0,ind,,,,,,,0.0,0.0,0.0,0.0,0.0,0.0,0.0,0.0,0.0,0.0,0.0,0.0,0.0,0.0,0.0,0.0,0.0,0.0,0.0,0.0,0.0,0.0,0.0,0.0,0.0,0.0,0.0,0.0,0.0,0.0,0.0,0.0
202520,formato_nuevo,6772a0edb41beb5a85e7c4021642e8180db3d99f742d5df89cdd3e76ae3b47e1,APROBÓ,4.9375,4.25,ind,5.75,ind,5.5,ind,,,,,,,,,,,3.6,ind,3.1,ind,4.05,ind,,,,,,,5.0,ind,5.5,ind,4.25,ind,,,,,,,3.583333333333333,4.916666666666667,2.0,5.209583333333334,10.419166666666667,55.0,7.3630555555555555,22.786944444444444,68.63694444444445,8.0,14.0,7.3630555555555555,9.015986394557824,49.0,3.5,10.0,13.0,15.42388888888889,22.034126984126985,42.0,3.230769230769231,8.0,11.0,45.85,52.90384615384615,52.0,4.727272727272728,18.38973561430793,52.0,106.0,197.07666666666665,643.0
202520,formato_nuevo,678463684e05e75b954634db29e3237b8ff964c568466857ede9d3e0c597dda5,APROBÓ,4.755499999999999,3.6,ind,5.6,ind,5.7,ind,,,,,,,,,,,2.6,ind,3.5,ind,4.01,ind,,,,,,,5.0,ind,4.35,ind,4.75,ind,,,,,,,3.37,4.7,1.0,0.0019444444444444,0.0019444444444444,1.0,10.136944444444444,10.143333333333333,10.166666666666666,3.0,8.0,10.136944444444444,20.972988505747125,29.0,3.625,2.0,3.0,0.0063888888888888,0.0958333333333333,4.0,1.3333333333333333,3.0,3.0,0.0233333333333333,0.35,4.0,1.3333333333333333,28.90291005291005,18.0,28.0,30.34805555555556,63.0
202520,formato_nuevo,6b5d6e3d40e9345bc91bc86c2bc6dacc764e709989b0b179c7ee38362a798a33,RETIRADO,0.0,0.0,ind,0.0,ind,0.0,ind,,,,,,,,,,,0.0,ind,0.0,ind,0.0,ind,,,,,,,0.0,ind,0.0,ind,0.0,ind,,,,,,,0.0,0.0,0.0,0.0,0.0,0.0,0.0,0.0,0.0,0.0,0.0,0.0,0.0,0.0,0.0,0.0,0.0,0.0,0.0,0.0,0.0,0.0,0.0,0.0,0.0,0.0,0.0,0.0,0.0,0.0,0.0,0.0
202520,formato_nuevo,6cf5b0743ab5c402b1be94be6fe89e8abd643f170f983da85c2bfcba42843b1e,RETIRADO,1.5587499999999994,1.7000000000000002,ind,2.65,ind,0.0,ind,,,,,,,,,,,3.05,ind,3.125,ind,0.0,ind,,,,,,,3.5,ind,1.45,ind,0.0,ind,,,,,,,2.058333333333333,1.65,0.0,0.0,0.0,0.0,0.0,0.0,0.0,0.0,0.0,0.0,0.0,0.0,0.0,0.0,0.0,0.0,0.0,0.0,0.0,0.0,0.0,0.0,0.0,0.0,0.0,0.0,0.0,0.0,0.0,0.0
202520,formato_nuevo,6d13fa162a529cb795a13dad8e0b4d8b7d274050a51b72b851ce331b9f2dcd6e,APROBÓ,4.812499999999999,4.1,ind,5.05,ind,5.1,ind,,,,,,,,,,,3.8,ind,4.85,ind,5.2,ind,,,,,,,5.0,ind,5.5,ind,4.75,ind,,,,,,,4.616666666666666,5.083333333333333,2.0,13.212916666666668,26.425833333333333,52.0,35.913333333333334,64.83805555555556,76.41305555555556,7.0,14.0,35.913333333333334,27.27594936708861,79.0,5.642857142857143,9.0,18.0,28.924722222222226,28.924722222222226,60.0,3.333333333333333,7.0,10.0,11.575,23.948275862068964,29.0,2.9,24.33042973286876,34.0,86.0,116.38055555555556,287.0
202520,formato_nuevo,71bfe15049f44705d8688e2d08bb0f3a92c3c18877a993e91fb0bb901082d224,APROBÓ,3.6799999999999993,2.95,ind,3.85,ind,4.0,ind,,,,,,,,,,,3.8,ind,4.7,ind,5.1000000000000005,ind,,,,,,,5.0,ind,1.2,ind,2.75,ind,,,,,,,4.533333333333334,2.983333333333333,2.0,2.225,4.45,20.0,0.9036111111111113,15.697777777777778,15.805,4.0,5.0,0.9036111111111113,2.0852564102564104,26.0,5.2,2.0,7.0,14.794166666666667,26.107352941176472,34.0,4.857142857142857,4.0,5.0,0.1072222222222222,0.9190476190476192,7.0,1.4,12.04873949579832,24.0,45.0,23.89666666666667,119.0
202520,formato_nuevo,72e4dcac4dffa5919605d94e79b2aecd4dcf459ccd8391b5626263c4ca5236ba,APROBÓ,3.0975,2.15,ind,3.4,ind,3.2,ind,,,,,,,,,,,2.125,ind,3.15,ind,2.5250000000000004,ind,,,,,,,5.0,ind,2.3,ind,5.25,ind,,,,,,,2.6,4.183333333333334,2.0,2.002222222222222,4.004444444444444,25.0,8.1325,10.806666666666668,16.25138888888889,7.0,8.0,8.1325,21.21521739130435,23.0,2.875,8.0,11.0,2.674166666666667,6.97608695652174,23.0,2.090909090909091,8.0,11.0,5.444722222222223,11.667261904761904,28.0,2.5454545454545454,11.92748015873016,31.0,60.0,33.39694444444444,168.0
202520,formato_nuevo,7433b1d80de0fe65a3d7e67b845f1d1f4741d42550c764ef4e0f1f222c2f7292,RETIRADO,0.175,0.75,ind,0.0,ind,0.0,ind,,,,,,,,,,,0.5,ind,0.0,ind,0.0,ind,,,,,,,0.0,ind,0.0,ind,0.0,ind,,,,,,,0.1666666666666666,0.0,0.0,0.0,0.0,0.0,0.0,0.0,0.0,0.0,0.0,0.0,0.0,0.0,0.0,0.0,0.0,0.0,0.0,0.0,0.0,0.0,0.0,0.0,0.0,0.0,0.0,0.0,0.0,0.0,0.0,0.0
202520,formato_nuevo,758f4a26c5fa70172205ef877efc17af23ba85afd67d278f3de18264f42aec6d,RETIRADO,0.3974999999999999,1.35,ind,0.0,ind,0.0,ind,,,,,,,,,,,2.3,ind,0.0,ind,0.0,ind,,,,,,,0.25,ind,0.0,ind,0.0,ind,,,,,,,0.7666666666666666,0.0833333333333333,0.0,0.0,0.0,0.0,0.0,0.0,0.0,0.0,0.0,0.0,0.0,0.0,0.0,0.0,0.0,0.0,0.0,0.0,0.0,0.0,0.0,0.0,0.0,0.0,0.0,0.0,0.0,0.0,0.0,0.0
202520,formato_nuevo,7a9e41cf596565390ed3e85327fcd8b5edf437d4b3a21e28f0ac6566c0cba68a,RETIRADO,0.6587499999999998,0.8999999999999999,ind,0.2,ind,0.0,ind,,,,,,,,,,,2.25,ind,1.125,ind,0.0,ind,,,,,,,4.0,ind,1.2,ind,0.0,ind,,,,,,,1.125,1.7333333333333334,0.0,0.0,0.0,0.0,0.0,0.0,0.0,0.0,0.0,0.0,0.0,0.0,0.0,0.0,0.0,0.0,0.0,0.0,0.0,0.0,0.0,0.0,0.0,0.0,0.0,0.0,0.0,0.0,0.0,0.0
202520,formato_nuevo,7abc22d5a68dd7fa036dea9983fe27a5a3af3fb7b8b5c4a39389f097a01005d5,APROBÓ,4.65,4.4,ind,5.5,ind,5.05,ind,,,,,,,,,,,4.5,ind,3.65,ind,2.95,ind,,,,,,,5.0,ind,2.55,ind,4.0,ind,,,,,,,3.7000000000000006,3.85,2.0,2.6786111111111115,5.357222222222222,32.0,10.567777777777778,13.102222222222222,14.139444444444443,6.0,9.0,10.567777777777778,24.387179487179484,26.0,2.888888888888889,7.0,8.0,2.5344444444444445,10.137777777777778,15.0,1.875,5.0,6.0,1.0372222222222225,7.779166666666667,8.0,1.3333333333333333,14.34656357388316,27.0,46.0,23.19361111111111,97.0
202520,formato_nuevo,7c41dadd3f8a1c43291e5eba1a6055ef053d0ef426b0580271a634b37cfc71ca,APROBÓ,3.0111249999999994,3.85,ind,2.2,ind,3.55,ind,,,,,,,,,,,2.9,ind,1.8125,ind,2.8600000000000003,ind,,,,,,,5.0,ind,3.2,ind,0.3,ind,,,,,,,2.524166666666667,2.833333333333333,1.0,2.728333333333333,2.728333333333333,3.0,3.785277777777778,8.235277777777778,16.53388888888889,9.0,14.0,3.785277777777778,4.12939393939394,55.0,3.928571428571429,6.0,7.0,4.45,6.846153846153846,39.0,5.571428571428571,9.0,15.0,8.29861111111111,10.373263888888888,48.0,3.2,7.734087102177554,35.0,62.0,25.65138888888889,199.0
202520,formato_nuevo,7dfb267bc93cc4e397b92f3814ab4c35288db98f3e19219b7a3715b269fd6a1e,APROBÓ,3.747499999999999,3.6,ind,3.95,ind,4.0,ind,,,,,,,,,,,3.95,ind,3.95,ind,3.9,ind,,,,,,,4.0,ind,0.25,ind,4.75,ind,,,,,,,3.9333333333333336,3.0,2.0,4.093055555555556,8.186111111111112,26.0,8.95861111111111,9.718333333333334,10.17361111111111,4.0,7.0,8.95861111111111,19.908024691358023,27.0,3.857142857142857,3.0,3.0,0.7597222222222222,15.194444444444445,3.0,1.0,4.0,6.0,0.4552777777777778,1.951190476190476,14.0,2.333333333333333,15.157905982905982,38.0,66.0,39.410555555555554,156.0
202520,formato_nuevo,81a09a151516f72e313581f367caa3f097c6689751a49d6b50479c48a751bd47,APROBÓ,4.511249999999999,4.0,ind,5.15,ind,4.7,ind,,,,,,,,,,,2.625,ind,4.65,ind,4.45,ind,,,,,,,5.0,ind,3.75,ind,4.5,ind,,,,,,,3.9083333333333337,4.416666666666667,1.0,0.2783333333333333,0.2783333333333333,5.0,13.442222222222222,22.642777777777777,30.43805555555556,6.0,10.0,13.442222222222222,26.884444444444444,30.0,3.0,4.0,5.0,9.200555555555557,26.287301587301585,21.0,4.2,3.0,5.0,7.795277777777778,42.519696969696966,11.0,2.2,20.466193853427896,28.0,55.0,48.09555555555556,141.0
202520,formato_nuevo,82943e22db0dc43fb77b23a7a3284d15da429fc99931e2894abc233b627c4e07,RETIRADO,1.6224999999999996,1.7000000000000002,ind,3.1,ind,0.0,ind,,,,,,,,,,,1.1,ind,2.55,ind,0.0,ind,,,,,,,5.0,ind,1.5,ind,0.0,ind,,,,,,,1.2166666666666666,2.1666666666666665,0.0,0.0,0.0,0.0,0.0,0.0,0.0,0.0,0.0,0.0,0.0,0.0,0.0,0.0,0.0,0.0,0.0,0.0,0.0,0.0,0.0,0.0,0.0,0.0,0.0,0.0,0.0,0.0,0.0,0.0
202520,formato_nuevo,82f367f506812c1ecff59096498c811e5a967e5aebc9c9aa058db46a9c8c95e1,APROBÓ,3.0799999999999987,2.15,ind,4.05,ind,2.85,ind,,,,,,,,,,,1.65,ind,3.0,ind,1.9,ind,,,,,,,5.0,ind,3.05,ind,3.9,ind,,,,,,,2.1833333333333336,3.983333333333334,2.0,9.561527777777776,19.12305555555556,38.0,30.34138888888889,89.4575,103.15638888888888,7.0,14.0,30.34138888888889,23.95372807017544,76.0,5.428571428571429,6.0,14.0,59.11611111111111,41.729019607843135,85.0,6.071428571428571,7.0,10.0,13.698888888888888,34.24722222222222,24.0,2.4,27.09332229580573,29.0,72.0,136.3697222222222,302.0
202520,formato_nuevo,84550941f406b6aca2585d8cdaf82108681b04f028552e0937100e0ef419306d,APROBÓ,4.579999999999998,3.75,ind,5.2,ind,5.0,ind,,,,,,,,,,,2.3,ind,4.35,ind,4.1,ind,,,,,,,5.0,ind,5.0,ind,4.85,ind,,,,,,,3.583333333333333,4.95,2.0,0.1648611111111111,0.3297222222222222,13.0,1.4830555555555556,1.596111111111111,3.979444444444444,8.0,15.0,1.4830555555555556,3.868840579710145,23.0,1.5333333333333334,9.0,13.0,0.1130555555555555,0.4522222222222222,15.0,1.1538461538461535,4.0,5.0,2.3833333333333333,23.83333333333333,6.0,1.2,7.057013201320132,41.0,89.0,23.75861111111111,202.0
202520,formato_nuevo,8508323b451868298bb7fd6afff50ef34b5b0b159397a071e595f45455a5cb45,REPROBÓ,2.6324999999999994,3.5,ind,2.0,ind,3.1,ind,,,,,,,,,,,2.45,ind,0.0,ind,2.2,ind,,,,,,,3.5,ind,3.35,ind,1.65,ind,,,,,,,1.55,2.833333333333333,1.0,2.623055555555556,2.623055555555556,8.0,0.7461111111111111,1.2291666666666663,1.3452777777777776,7.0,11.0,0.7461111111111111,1.9463768115942028,23.0,2.090909090909091,6.0,6.0,0.4830555555555555,3.2203703703703703,9.0,1.5,10.0,16.0,0.1161111111111111,0.3483333333333333,20.0,1.25,6.258253968253968,39.0,58.0,10.951944444444443,105.0
202520,formato_nuevo,8608b5f15d11111fbc7752752a8d0fe9c11749de0006b897afce3175bdcc6fdf,SIN_NOTA,,,ind,,ind,,ind,,,,,,,,,,,,ind,,ind,,ind,,,,,,,,ind,,ind,,ind,,,,,,,,,0.0,0.0,0.0,0.0,0.5355555555555556,2.841388888888889,8.230833333333333,4.0,8.0,0.5355555555555556,1.53015873015873,21.0,2.625,6.0,7.0,2.305833333333333,12.577272727272726,11.0,1.5714285714285714,8.0,11.0,5.389444444444444,11.150574712643676,29.0,2.636363636363636,7.14981884057971,20.0,36.0,10.963055555555556,92.0
202520,formato_nuevo,885da62395e6caaa49ddb1c541715de8361e21fd11ccfdb2166b6974c3ffa9a8,APROBÓ,5.26,4.5,ind,5.9,ind,5.5,ind,,,,,,,,,,,4.3,ind,4.85,ind,5.05,ind,,,,,,,5.0,ind,5.5,ind,5.5,ind,,,,,,,4.733333333333333,5.333333333333333,2.0,3.231388888888889,6.462777777777778,26.0,4.524722222222223,21.10611111111111,21.60277777777777,6.0,13.0,4.524722222222223,10.441666666666666,26.0,2.0,5.0,8.0,16.58138888888889,45.221969696969694,22.0,2.75,3.0,3.0,0.4966666666666666,5.959999999999999,5.0,1.6666666666666667,20.96359223300971,23.0,46.0,35.9875,103.0
202520,formato_nuevo,8fe6752d075c27ea18df2d1dfd2b24ce68d92ddf5d8a31d5f8d964fb2a4c6e6e,REPROBÓ,2.9955,3.25,ind,4.15,ind,1.7999999999999998,ind,,,,,,,,,,,2.3,ind,1.75,ind,3.51,ind,,,,,,,4.5,ind,1.95,ind,3.15,ind,,,,,,,2.52,3.2,2.0,13.835972222222225,27.67194444444445,103.0,53.31527777777778,98.3625,159.45333333333335,9.0,22.0,53.31527777777778,17.971441947565545,178.0,8.090909090909092,10.0,19.0,45.047222222222224,23.709064327485383,114.0,6.0,10.0,15.0,61.090833333333336,19.19083769633508,191.0,12.733333333333333,17.497776392352453,43.0,101.0,233.88694444444445,802.0
202520,formato_nuevo,9187b884f7c960a503efa84322d53b72b3628dfa9cd20b1d3632e47f199e4b0b,APROBÓ,3.792499999999999,3.35,ind,4.15,ind,3.55,ind,,,,,,,,,,,3.8,ind,4.6,ind,5.1000000000000005,ind,,,,,,,5.0,ind,1.7,ind,3.75,ind,,,,,,,4.5,3.483333333333333,2.0,3.9679166666666665,7.935833333333333,58.0,1.475833333333333,8.829722222222223,10.063055555555556,9.0,16.0,1.475833333333333,1.1651315789473684,76.0,4.75,6.0,13.0,7.353888888888889,11.313675213675214,39.0,3.0,8.0,12.0,1.2333333333333334,2.242424242424242,33.0,2.75,5.700676506765068,35.0,82.0,25.74805555555556,271.0
202520,formato_nuevo,96cf2130f0d184918fdf592bf341e965f29de02bd417396a8b43bf37474a59b1,APROBÓ,3.2824999999999998,4.6000000000000005,ind,3.4,ind,2.55,ind,,,,,,,,,,,4.375,ind,2.35,ind,2.1750000000000003,ind,,,,,,,4.5,ind,1.95,ind,2.15,ind,,,,,,,2.966666666666667,2.8666666666666667,1.0,3.77,3.77,15.0,8.267222222222221,10.988888888888887,13.638888888888888,6.0,12.0,8.267222222222221,16.534444444444443,30.0,2.5,5.0,6.0,2.7216666666666667,12.561538461538465,13.0,2.1666666666666665,6.0,7.0,2.65,9.352941176470589,17.0,2.4285714285714284,13.661063218390805,31.0,57.0,26.41138888888889,116.0
202520,formato_nuevo,9756de6a666ad8fa3f644be813fba3a7cc7ec2a2b516fc99e390253b435d2fd3,APROBÓ,4.563749999999999,3.9,ind,5.0,ind,5.5,ind,,,,,,,,,,,3.8,ind,3.125,ind,4.1,ind,,,,,,,5.0,ind,2.9,ind,4.25,ind,,,,,,,3.675,4.05,2.0,3.5629166666666667,7.1258333333333335,22.0,28.93166666666667,44.39388888888889,70.3325,12.0,19.0,28.93166666666667,19.28777777777778,90.0,4.7368421052631575,10.0,13.0,15.462222222222222,18.554666666666662,50.0,3.8461538461538463,10.0,16.0,25.93861111111111,28.296666666666667,55.0,3.4375,19.15404339250493,51.0,99.0,107.9011111111111,338.0
202520,formato_nuevo,97bc3fc1f60079946e273d912d64a944c35bb7699ffbec058722f3a416745093,RETIRADO,1.2131249999999996,2.15,ind,1.5,ind,0.0,ind,,,,,,,,,,,1.4,ind,3.0625,ind,0.0,ind,,,,,,,3.0,ind,0.7,ind,0.0,ind,,,,,,,1.4875,1.2333333333333334,0.0,0.0,0.0,0.0,0.0,0.0,0.0,0.0,0.0,0.0,0.0,0.0,0.0,0.0,0.0,0.0,0.0,0.0,0.0,0.0,0.0,0.0,0.0,0.0,0.0,0.0,0.0,0.0,0.0,0.0
202520,formato_nuevo,9c9e4a6290402a516d5a5f3d0e59e01d2159c8b6da027cb2b509192cfa305a78,REPROBÓ,2.4725,1.75,ind,4.0,ind,3.0,ind,,,,,,,,,,,1.55,ind,2.25,ind,1.65,ind,,,,,,,1.25,ind,0.75,ind,0.0,ind,,,,,,,1.8166666666666664,0.6666666666666666,2.0,3.4033333333333333,6.806666666666667,29.0,1.4983333333333333,7.185,9.98472222222222,8.0,10.0,1.4983333333333333,4.280952380952381,21.0,2.1,5.0,6.0,5.6866666666666665,37.91111111111111,9.0,1.5,6.0,7.0,2.799722222222222,12.921794871794871,13.0,1.8571428571428568,12.890816326530611,31.0,50.0,21.055,98.0
202520,formato_nuevo,9cf76befc627f1e2bed90ff6f7f48450bf58e32b3594d586d0156c4acc11fc00,REPROBÓ,2.9562500000000003,1.75,ind,3.45,ind,4.0,ind,,,,,,,,,,,4.0,ind,2.55,ind,2.625,ind,,,,,,,1.5,ind,0.75,ind,3.45,ind,,,,,,,3.0583333333333336,1.9,2.0,2.9609722222222223,5.921944444444445,27.0,0.0719444444444444,2.0894444444444447,2.0919444444444446,5.0,8.0,0.0719444444444444,0.2697916666666667,16.0,2.0,3.0,3.0,2.0175,11.004545454545456,11.0,3.6666666666666665,1.0,1.0,0.0025,0.075,2.0,2.0,9.213194444444444,15.0,29.0,11.055833333333334,72.0
202520,formato_nuevo,9dbc660cc9d5130d5341bcf99e7eb27352a1852b024102ff548a0b746cab7dbd,APROBÓ,4.839999999999999,4.65,ind,4.7,ind,5.7,ind,,,,,,,,,,,5.0,ind,4.0,ind,5.2,ind,,,,,,,4.5,ind,3.75,ind,3.75,ind,,,,,,,4.733333333333333,4.0,2.0,4.953888888888889,9.907777777777778,42.0,6.098333333333334,12.450555555555557,14.829722222222223,4.0,7.0,6.098333333333334,36.59,10.0,1.4285714285714286,4.0,10.0,6.352222222222222,12.29462365591398,31.0,3.1,4.0,5.0,2.379166666666667,15.86111111111111,9.0,1.8,15.69536231884058,22.0,44.0,30.08277777777778,115.0
202520,formato_nuevo,a16dc62258704eb935a25cd37a590a27e1a52d40ba39d75f3fe95c47646eb4e8,APROBÓ,4.038749999999999,3.05,ind,5.05,ind,4.5,ind,,,,,,,,,,,2.3,ind,3.75,ind,4.125,ind,,,,,,,4.5,ind,3.8,ind,2.35,ind,,,,,,,3.391666666666667,3.5500000000000003,2.0,0.4594444444444444,0.9188888888888888,18.0,6.403888888888889,8.978333333333333,9.053055555555556,7.0,15.0,6.403888888888889,10.97809523809524,35.0,2.333333333333333,4.0,10.0,2.5744444444444445,3.3579710144927537,46.0,4.6,2.0,2.0,0.0747222222222222,1.4944444444444445,3.0,1.5,7.490729166666666,29.0,62.0,19.975277777777777,160.0
202520,formato_nuevo,a7d9096434b5b926914b77cfb79a04bc440fb1c9e7f4da5f75260fa5aa9e6947,REPROBÓ,2.2899999999999987,2.55,ind,4.35,ind,0.6,ind,,,,,,,,,,,3.25,ind,2.5,ind,0.2,ind,,,,,,,3.5,ind,1.4,ind,0.0,ind,,,,,,,1.9833333333333332,1.6333333333333335,2.0,0.4668055555555555,0.9336111111111112,6.0,0.0463888888888888,0.0527777777777777,4.266944444444444,2.0,3.0,0.0463888888888888,0.6958333333333333,4.0,1.3333333333333333,1.0,1.0,0.0063888888888888,0.1277777777777778,3.0,3.0,5.0,8.0,4.214166666666666,13.307894736842105,19.0,2.375,12.746846846846848,22.0,49.0,23.581666666666667,111.0
202520,formato_nuevo,a9a9cf35e4ea5954c89f7274a7acc95e92a12152ac7d30fb3e11223ca2f3429f,APROBÓ,3.4506249999999987,2.6,ind,4.05,ind,4.45,ind,,,,,,,,,,,3.7,ind,2.8125,ind,2.45,ind,,,,,,,1.0,ind,3.45,ind,2.7,ind,,,,,,,2.9875000000000003,2.3833333333333333,2.0,3.8329166666666654,7.665833333333333,51.0,11.596944444444444,17.20888888888889,49.62222222222222,12.0,20.0,11.596944444444444,9.664120370370371,72.0,3.6,6.0,10.0,5.611944444444444,5.611944444444444,60.0,6.0,11.0,22.0,32.413333333333334,13.6,143.0,6.5,9.745238095238092,46.0,95.0,67.07972222222222,413.0
202520,formato_nuevo,a9e5eead40d85053112dd98ed05b5859975b468189450b9e72dd36f4d0c07614,APROBÓ,3.906,3.0,ind,5.75,ind,1.9,ind,,,,,,,,,,,4.0,ind,5.0,ind,3.47,ind,,,,,,,5.0,ind,5.3,ind,5.1,ind,,,,,,,4.156666666666667,5.133333333333334,2.0,1.40875,2.8175,22.0,6.1025,16.62388888888889,19.515,8.0,14.0,6.1025,7.472448979591836,49.0,3.5,6.0,7.0,10.52138888888889,30.06111111111112,21.0,3.0,3.0,3.0,2.891111111111111,28.91111111111111,6.0,2.0,16.787315634218288,41.0,75.0,63.23222222222222,226.0
202520,formato_nuevo,aa643f93d9b1bf7d37055887cb16eaaf494f5d215a3e8965d2a7b29c3e308198,APROBÓ,3.3274999999999992,2.3000000000000003,ind,5.65,ind,3.05,ind,,,,,,,,,,,3.0,ind,2.8,ind,1.95,ind,,,,,,,3.0,ind,0.75,ind,2.35,ind,,,,,,,2.583333333333333,2.033333333333333,2.0,2.7456944444444447,5.491388888888889,23.0,16.978055555555557,17.62138888888889,18.46777777777778,5.0,10.0,16.978055555555557,17.26581920903955,59.0,5.9,5.0,5.0,0.6433333333333333,1.8380952380952384,21.0,4.2,3.0,3.0,0.8463888888888889,8.463888888888889,6.0,2.0,12.157799145299146,28.0,54.0,31.61027777777777,156.0
202520,formato_nuevo,ab049c25b967c6b930f7362fd7404ee0a4f137979b0d37b7ba06f55a950ef4da,APROBÓ,3.2699999999999987,2.9,ind,3.75,ind,2.55,ind,,,,,,,,,,,2.25,ind,3.5,ind,4.3,ind,,,,,,,3.5,ind,3.5,ind,5.25,ind,,,,,,,3.35,4.083333333333333,2.0,16.57263888888889,33.14527777777778,40.0,9.249166666666667,26.0925,48.13638888888889,8.0,16.0,9.249166666666667,12.905813953488371,43.0,2.6875,6.0,13.0,16.843333333333334,29.723529411764705,34.0,2.6153846153846154,5.0,7.0,22.04388888888889,50.87051282051282,26.0,3.7142857142857135,27.79581105169341,29.0,65.0,86.63027777777778,187.0
202520,formato_nuevo,acf4ec296b20240333d1b8522ce571cf88c182cf0e9bed7af86657d990e4c8bb,RETIRADO,0.1399999999999999,0.0,ind,0.0,ind,0.0,ind,,,,,,,,,,,2.8,ind,0.0,ind,0.0,ind,,,,,,,0.0,ind,0.0,ind,0.0,ind,,,,,,,0.9333333333333332,0.0,0.0,0.0,0.0,0.0,0.0,0.0,0.0,0.0,0.0,0.0,0.0,0.0,0.0,0.0,0.0,0.0,0.0,0.0,0.0,0.0,0.0,0.0,0.0,0.0,0.0,0.0,0.0,0.0,0.0,0.0
202520,formato_nuevo,ad2b043d807fc2dce7f5154b03b974a7618adde8eaafe1d78e9c5510d20d284f,RETIRADO,1.8881249999999996,2.75,ind,3.0,ind,0.0,ind,,,,,,,,,,,3.95,ind,3.0625,ind,0.0,ind,,,,,,,4.5,ind,0.25,ind,0.0,ind,,,,,,,2.3375,1.5833333333333333,0.0,0.0,0.0,0.0,0.0,0.0,0.0,0.0,0.0,0.0,0.0,0.0,0.0,0.0,0.0,0.0,0.0,0.0,0.0,0.0,0.0,0.0,0.0,0.0,0.0,0.0,0.0,0.0,0.0,0.0
202520,formato_nuevo,af13b7b6bbd1a6d6de8312d68c48f589689aecd64dda29f0256fece703457820,APROBÓ,3.477499999999999,2.75,ind,3.7,ind,4.0,ind,,,,,,,,,,,3.1,ind,3.875,ind,2.2750000000000004,ind,,,,,,,5.0,ind,2.95,ind,2.85,ind,,,,,,,3.083333333333333,3.6,2.0,7.706388888888889,15.412777777777778,118.0,9.649722222222222,14.261388888888888,23.54583333333333,7.0,13.0,9.649722222222222,9.982471264367817,58.0,4.461538461538462,6.0,9.0,4.611666666666666,5.887234042553192,47.0,5.222222222222222,8.0,14.0,9.284444444444444,5.684353741496599,98.0,7.0,7.502188081936685,29.0,60.0,44.76305555555555,358.0
202520,formato_nuevo,b0c70bf1e6a908d05a51017bb38b0b1afb9b009a0dffcb65041950a35e4a19ba,REPROBÓ,2.751875,2.55,ind,3.8,ind,2.85,ind,,,,,,,,,,,0.4,ind,2.1875,ind,1.55,ind,,,,,,,3.5,ind,1.9,ind,2.05,ind,,,,,,,1.3791666666666669,2.4833333333333334,2.0,2.762777777777778,5.525555555555556,40.0,7.798611111111111,7.9111111111111105,48.15361111111111,9.0,14.0,7.798611111111111,14.179292929292927,33.0,2.357142857142857,4.0,4.0,0.1125,1.35,5.0,1.25,12.0,19.0,40.2425,60.36375,40.0,2.1052631578947367,22.455248618784527,39.0,75.0,67.74,181.0
202520,formato_nuevo,b0d166e80857ab8b5c0b90b6beb1c6e1b66b68022f62857b57bd031563432da7,APROBÓ,3.462999999999999,2.0,ind,5.3,ind,2.45,ind,,,,,,,,,,,4.15,ind,2.6,ind,3.16,ind,,,,,,,5.0,ind,4.75,ind,2.85,ind,,,,,,,3.303333333333333,4.2,1.0,0.0205555555555555,0.0205555555555555,1.0,0.4786111111111111,0.4786111111111111,0.7188888888888889,2.0,2.0,0.4786111111111111,7.179166666666666,4.0,2.0,1.0,1.0,0.0,0.0,1.0,1.0,2.0,2.0,0.2402777777777777,7.208333333333334,2.0,1.0,63.35115740740741,22.0,29.0,76.0213888888889,72.0
202520,formato_nuevo,b2f7b4b3049df46c2a0bf560250cda02f2e8a5d9d8322b9d182ce3913ae0912e,RETIRADO,0.9699999999999998,2.85,ind,0.0,ind,0.0,ind,,,,,,,,,,,3.0,ind,0.0,ind,0.0,ind,,,,,,,5.0,ind,0.0,ind,0.0,ind,,,,,,,1.0,1.6666666666666667,0.0,0.0,0.0,0.0,0.0,0.0,0.0,0.0,0.0,0.0,0.0,0.0,0.0,0.0,0.0,0.0,0.0,0.0,0.0,0.0,0.0,0.0,0.0,0.0,0.0,0.0,0.0,0.0,0.0,0.0
202520,formato_nuevo,b4d2b1be5151d71f7fdb7dfc071f9e979a72ba8485f14635590b65ea1fa61e75,APROBÓ,4.3555,3.2,ind,5.35,ind,4.45,ind,,,,,,,,,,,2.0,ind,3.65,ind,4.66,ind,,,,,,,4.0,ind,5.5,ind,5.5,ind,,,,,,,3.436666666666667,5.0,2.0,0.4430555555555555,0.8861111111111111,13.0,2.763333333333333,4.025555555555555,4.212222222222222,5.0,8.0,2.763333333333333,5.024242424242424,33.0,4.125,2.0,3.0,1.262222222222222,18.933333333333334,4.0,1.3333333333333333,1.0,1.0,0.1866666666666666,2.8000000000000003,4.0,4.0,6.511168384879724,17.0,36.0,10.526388888888889,97.0
202520,formato_nuevo,b520874e49cea70cdb4f82d752d83127aa595b6562577ef221843432871e638d,RETIRADO,0.7999999999999996,0.55,ind,1.4,ind,0.0,ind,,,,,,,,,,,2.1,ind,0.95,ind,0.0,ind,,,,,,,3.5,ind,0.25,ind,0.0,ind,,,,,,,1.0166666666666666,1.25,0.0,0.0,0.0,0.0,0.0,0.0,0.0,0.0,0.0,0.0,0.0,0.0,0.0,0.0,0.0,0.0,0.0,0.0,0.0,0.0,0.0,0.0,0.0,0.0,0.0,0.0,0.0,0.0,0.0,0.0
202520,formato_nuevo,b76ceabe760591b453e47320b5cb83cf8bd1ad09299d0ace9ab3af2f298461fe,APROBÓ,4.942499999999999,4.15,ind,5.6,ind,5.3,ind,,,,,,,,,,,3.3,ind,4.9,ind,4.55,ind,,,,,,,5.0,ind,5.25,ind,4.75,ind,,,,,,,4.25,5.0,2.0,3.649444444444444,7.298888888888888,38.0,23.385555555555555,78.46638888888889,89.05388888888889,9.0,16.0,23.385555555555555,13.491666666666664,104.0,6.5,7.0,15.0,55.08083333333333,32.40049019607843,102.0,6.8,5.0,7.0,10.5875,27.619565217391305,23.0,3.2857142857142856,21.221206896551724,26.0,54.0,102.56916666666666,290.0
202520,formato_nuevo,b85f765e434764629b8be20c04384cc3d3dbfc6f332a280fd730c62ce3f38b51,APROBÓ,5.065499999999999,3.7,ind,5.85,ind,5.65,ind,,,,,,,,,,,4.15,ind,4.0,ind,5.0600000000000005,ind,,,,,,,5.0,ind,5.3,ind,5.5,ind,,,,,,,4.403333333333333,5.266666666666667,2.0,3.3258333333333336,6.651666666666666,16.0,4.725555555555555,13.470277777777778,19.57638888888889,4.0,8.0,4.725555555555555,14.92280701754386,19.0,2.375,4.0,5.0,8.744722222222222,18.73869047619048,28.0,5.6,5.0,6.0,6.106111111111111,14.091025641025642,26.0,4.333333333333333,13.006293706293707,31.0,57.0,30.99833333333333,143.0
202520,formato_nuevo,b914c204b52a42672ee47c29fc027d83307bf7651ae4f5b81262b0087ae49315,APROBÓ,4.602499999999999,2.85,ind,5.5,ind,4.9,ind,,,,,,,,,,,3.9,ind,4.3,ind,4.7,ind,,,,,,,5.0,ind,5.5,ind,5.25,ind,,,,,,,4.3,5.25,2.0,9.500416666666668,19.000833333333333,34.0,17.644166666666667,116.87055555555555,201.835,8.0,14.0,17.644166666666667,16.286923076923078,65.0,4.642857142857143,7.0,15.0,99.22638888888888,62.66929824561405,95.0,6.333333333333333,8.0,11.0,84.96444444444444,98.03589743589744,52.0,4.727272727272728,49.034512325830654,36.0,78.0,254.16222222222223,311.0
202520,formato_nuevo,ba11c2beca6ef30ba62fdc477b0c0da9cce08a9ca3c72cc45a31022de68c2b45,APROBÓ,3.2812499999999987,2.4,ind,3.4,ind,3.55,ind,,,,,,,,,,,3.9,ind,2.55,ind,2.875,ind,,,,,,,5.0,ind,1.45,ind,5.5,ind,,,,,,,3.108333333333333,3.983333333333333,2.0,1.9519444444444445,3.903888888888889,7.0,3.6275,9.313333333333333,10.425277777777778,6.0,9.0,3.6275,8.061111111111112,27.0,3.0,4.0,5.0,5.685833333333333,28.429166666666664,12.0,2.4,3.0,4.0,1.1119444444444444,6.671666666666667,10.0,2.5,10.25642775881684,37.0,70.0,50.08555555555556,293.0
202520,formato_nuevo,c0782ed74bf5d290eb82e129c6b7083fb6302be1763dc0e8633c777a7ea5c171,RETIRADO,1.8062499999999997,2.9,ind,2.45,ind,0.0,ind,,,,,,,,,,,4.375,ind,1.9,ind,0.0,ind,,,,,,,5.0,ind,1.0,ind,0.0,ind,,,,,,,2.091666666666667,2.0,0.0,0.0,0.0,0.0,0.0,0.0,0.0,0.0,0.0,0.0,0.0,0.0,0.0,0.0,0.0,0.0,0.0,0.0,0.0,0.0,0.0,0.0,0.0,0.0,0.0,0.0,0.0,0.0,0.0,0.0
202520,formato_nuevo,c088d5d97006b1e10f0d9a4712c1465ebc414f3764b7e7a59375ff2ddd101848,RETIRADO,1.6762499999999998,1.1,ind,2.85,ind,0.0,ind,,,,,,,,,,,3.25,ind,2.925,ind,0.0,ind,,,,,,,5.0,ind,3.7,ind,0.0,ind,,,,,,,2.058333333333333,2.9,0.0,0.0,0.0,0.0,0.0,0.0,0.0,0.0,0.0,0.0,0.0,0.0,0.0,0.0,0.0,0.0,0.0,0.0,0.0,0.0,0.0,0.0,0.0,0.0,0.0,0.0,0.0,0.0,0.0,0.0
202520,formato_nuevo,c29f0a96fc203181fe4251f9928d86b6c810ef38a5308753f66907689a65e228,REPROBÓ,2.2925,1.55,ind,2.35,ind,1.95,ind,,,,,,,,,,,2.8,ind,3.5,ind,2.7,ind,,,,,,,3.0,ind,2.5,ind,3.65,ind,,,,,,,3.0,3.0500000000000003,2.0,2.2333333333333334,4.466666666666667,61.0,1.2669444444444444,4.366111111111112,4.371666666666667,6.0,12.0,1.2669444444444444,2.2357843137254902,34.0,2.833333333333333,5.0,6.0,3.099166666666666,15.495833333333332,12.0,2.0,3.0,3.0,0.0055555555555555,0.1111111111111111,3.0,1.0,5.7376000000000005,19.0,39.0,11.953333333333331,125.0
202520,formato_nuevo,c3ba1132c7d514db696d7bb7548ba617af4694c7e2c96a724f6825dbcb9beb92,RETIRADO,0.0,0.0,ind,0.0,ind,0.0,ind,,,,,,,,,,,0.0,ind,0.0,ind,0.0,ind,,,,,,,0.0,ind,0.0,ind,0.0,ind,,,,,,,0.0,0.0,0.0,0.0,0.0,0.0,0.0,0.0,0.0,0.0,0.0,0.0,0.0,0.0,0.0,0.0,0.0,0.0,0.0,0.0,0.0,0.0,0.0,0.0,0.0,0.0,0.0,0.0,0.0,0.0,0.0,0.0
202520,formato_nuevo,c4af4f107436534fd14d6d6186c92f514ed22c10a09c429407f9d68f0f5e583d,RETIRADO,0.9974999999999996,1.9,ind,1.5,ind,0.0,ind,,,,,,,,,,,1.5,ind,1.1,ind,0.0,ind,,,,,,,2.0,ind,0.25,ind,0.0,ind,,,,,,,0.8666666666666667,0.75,0.0,0.0,0.0,0.0,0.0,0.0,0.0,0.0,0.0,0.0,0.0,0.0,0.0,0.0,0.0,0.0,0.0,0.0,0.0,0.0,0.0,0.0,0.0,0.0,0.0,0.0,0.0,0.0,0.0,0.0
202520,formato_nuevo,c81d72e54d92f3bcb141be35efd25fce75595cc839611a4257dd01325fc146d9,APROBÓ,3.555499999999999,2.55,ind,3.8,ind,4.5,ind,,,,,,,,,,,4.25,ind,1.55,ind,4.36,ind,,,,,,,1.5,ind,3.0,ind,4.75,ind,,,,,,,3.3866666666666667,3.083333333333333,2.0,0.6875,1.375,15.0,0.195,8.370277777777778,11.853055555555557,8.0,16.0,0.195,0.2925,40.0,2.5,9.0,10.0,8.175277777777778,25.816666666666663,19.0,1.9,10.0,13.0,3.4827777777777778,8.706944444444444,24.0,1.8461538461538465,6.841061827956989,48.0,97.0,28.27638888888889,248.0
202520,formato_nuevo,ca1d993576ae8a9e37d739dc1984e577e1140f1d83f61aa3286d956c87ddc9af,APROBÓ,3.115,2.6,ind,4.7,ind,2.2,ind,,,,,,,,,,,1.55,ind,3.3,ind,1.9,ind,,,,,,,5.0,ind,1.9,ind,3.75,ind,,,,,,,2.25,3.5500000000000003,2.0,5.681805555555556,11.363611111111112,37.0,16.15388888888889,35.12416666666667,113.96694444444444,9.0,20.0,16.15388888888889,8.974382716049384,108.0,5.4,8.0,15.0,18.970277777777778,10.072713864306785,113.0,7.533333333333333,11.0,20.0,78.84277777777778,29.751991614255765,159.0,7.95,16.907267645003497,39.0,91.0,134.4127777777778,477.0
202520,formato_nuevo,caa7b849e93c417075e69d99fc1ab54a51cc734460d6e10e2e265e8a7c93a4b9,REPROBÓ,2.8175000000000003,3.35,ind,3.3,ind,2.05,ind,,,,,,,,,,,0.3,ind,1.15,ind,2.0,ind,,,,,,,5.0,ind,2.75,ind,5.0,ind,,,,,,,1.15,4.25,2.0,8.449861111111112,16.899722222222223,77.0,4.5488888888888885,10.045277777777777,17.286944444444444,8.0,15.0,4.5488888888888885,3.7907407407407407,72.0,4.8,7.0,8.0,5.496388888888889,7.851984126984128,42.0,5.25,6.0,11.0,7.241666666666666,10.597560975609756,41.0,3.727272727272727,7.641688199827735,50.0,106.0,49.28888888888889,387.0
202520,formato_nuevo,caf7671de30adf29c457ca73e4d960a45e1030f0c46db457afb421a1116c6270,RETIRADO,1.1524999999999996,0.95,ind,3.0,ind,0.0,ind,,,,,,,,,,,2.0,ind,1.75,ind,0.0,ind,,,,,,,0.0,ind,0.5,ind,0.0,ind,,,,,,,1.25,0.1666666666666666,0.0,0.0,0.0,0.0,0.0,0.0,0.0,0.0,0.0,0.0,0.0,0.0,0.0,0.0,0.0,0.0,0.0,0.0,0.0,0.0,0.0,0.0,0.0,0.0,0.0,0.0,0.0,0.0,0.0,0.0
202520,formato_nuevo,cd70fcdd4a399a933558f3b9e60833fb753a181709ac710f086f123a276536c1,APROBÓ,4.395499999999999,3.9,ind,3.95,ind,5.25,ind,,,,,,,,,,,4.35,ind,4.6,ind,5.0600000000000005,ind,,,,,,,5.0,ind,3.05,ind,4.25,ind,,,,,,,4.67,4.1000000000000005,2.0,11.8,23.6,53.0,16.575,23.313333333333333,44.94361111111111,7.0,15.0,16.575,11.981927710843374,83.0,5.533333333333333,9.0,13.0,6.738333333333333,13.941379310344828,29.0,2.230769230769231,8.0,11.0,21.630277777777778,23.596666666666664,55.0,5.0,15.980246913580247,39.0,85.0,86.29333333333334,324.0
202520,formato_nuevo,ce82349d4f5da0380d78afd57d49852559a15713a80e687fb83aa392933c6de8,RETIRADO,0.3525,1.55,ind,0.0,ind,0.0,ind,,,,,,,,,,,0.85,ind,0.0,ind,0.0,ind,,,,,,,0.0,ind,0.0,ind,0.0,ind,,,,,,,0.2833333333333333,0.0,0.0,0.0,0.0,0.0,0.0,0.0,0.0,0.0,0.0,0.0,0.0,0.0,0.0,0.0,0.0,0.0,0.0,0.0,0.0,0.0,0.0,0.0,0.0,0.0,0.0,0.0,0.0,0.0,0.0,0.0
202520,formato_nuevo,d07f1351e5f8949524a6b0a5c07842935a8332185205ffe0180c3b5d00457c37,APROBÓ,3.355624999999999,2.6500000000000004,ind,3.5,ind,3.35,ind,,,,,,,,,,,3.05,ind,4.0625,ind,3.5,ind,,,,,,,5.0,ind,2.4,ind,4.25,ind,,,,,,,3.5375,3.883333333333333,2.0,3.070972222222222,6.141944444444444,24.0,3.2219444444444445,8.752222222222223,18.811944444444443,9.0,13.0,3.2219444444444445,3.790522875816993,51.0,3.923076923076923,4.0,5.0,5.530277777777778,25.52435897435897,13.0,2.6,9.0,16.0,10.059722222222222,15.88377192982456,38.0,2.375,11.295908183632733,36.0,68.0,31.440277777777776,167.0
202520,formato_nuevo,d3958f2ebe0c510bc09467456d18dbb700464c0cbca392c611345c3e44fd2aa0,APROBÓ,3.155,2.75,ind,5.25,ind,2.5,ind,,,,,,,,,,,2.6,ind,3.1,ind,2.3000000000000003,ind,,,,,,,3.0,ind,0.0,ind,2.35,ind,,,,,,,2.6666666666666665,1.7833333333333332,2.0,3.6663888888888887,7.332777777777777,14.0,7.985555555555556,7.990833333333334,11.24388888888889,3.0,7.0,7.985555555555556,34.22380952380953,14.0,2.0,2.0,2.0,0.0052777777777777,0.1583333333333333,2.0,1.0,6.0,7.0,3.253055555555556,16.26527777777778,12.0,1.7142857142857142,27.926023391812866,18.0,31.0,26.529722222222222,57.0
202520,formato_nuevo,d3a74470023560f5cf94f159c52b4406f5f4673ff8a6280bd4c39ea7bdd30fc6,RETIRADO,0.4624999999999999,1.35,ind,0.0,ind,0.0,ind,,,,,,,,,,,1.35,ind,0.0,ind,0.0,ind,,,,,,,2.5,ind,0.0,ind,0.0,ind,,,,,,,0.45,0.8333333333333334,0.0,0.0,0.0,0.0,0.0,0.0,0.0,0.0,0.0,0.0,0.0,0.0,0.0,0.0,0.0,0.0,0.0,0.0,0.0,0.0,0.0,0.0,0.0,0.0,0.0,0.0,0.0,0.0,0.0,0.0
202520,formato_nuevo,d3e7eb7bcefe77cf266adfb04c793d796ac63f7d8728347cf48900bfef5ef8de,RETIRADO,1.075,3.3000000000000003,ind,0.0,ind,0.0,ind,,,,,,,,,,,1.25,ind,2.05,ind,0.0,ind,,,,,,,5.0,ind,0.0,ind,0.0,ind,,,,,,,1.1,1.6666666666666667,0.0,0.0,0.0,0.0,0.0,0.0,0.0,0.0,0.0,0.0,0.0,0.0,0.0,0.0,0.0,0.0,0.0,0.0,0.0,0.0,0.0,0.0,0.0,0.0,0.0,0.0,0.0,0.0,0.0,0.0
202520,formato_nuevo,d489adba600aff3ed030f1d1ddaea5afc26a22452224a7c55d84c297fb2ec341,APROBÓ,5.075,4.35,ind,6.0,ind,5.15,ind,,,,,,,,,,,3.8,ind,4.6,ind,3.95,ind,,,,,,,5.0,ind,5.5,ind,5.5,ind,,,,,,,4.116666666666666,5.333333333333333,2.0,0.1652777777777778,0.3305555555555555,9.0,9.79527777777778,11.966111111111111,13.620833333333334,7.0,11.0,9.79527777777778,9.32883597883598,63.0,5.727272727272728,5.0,5.0,2.1708333333333334,5.427083333333333,24.0,4.8,6.0,8.0,1.6547222222222222,5.515740740740741,18.0,2.25,8.601075268817205,34.0,62.0,26.66333333333333,186.0
202520,formato_nuevo,d5175ec11917c6334acd5e64cbe5b08d91df61884f233232398639b54e33c086,APROBÓ,4.018749999999999,3.55,ind,4.8,ind,4.2,ind,,,,,,,,,,,1.875,ind,4.2,ind,3.25,ind,,,,,,,4.0,ind,2.6,ind,5.25,ind,,,,,,,3.108333333333333,3.95,2.0,2.5644444444444443,5.128888888888889,37.0,15.865,22.73638888888889,31.365,8.0,16.0,15.865,10.12659574468085,94.0,5.875,10.0,14.0,6.871388888888889,6.6497311827957,62.0,4.428571428571429,7.0,9.0,8.62861111111111,22.509420289855075,23.0,2.555555555555556,8.045194274028631,34.0,72.0,43.71222222222222,326.0
202520,formato_nuevo,d589e6890a65f261f55cd22b4476595d6d76aed7e7f8a06b1e55cd2cf5414591,APROBÓ,3.634999999999999,3.45,ind,5.3,ind,2.4,ind,,,,,,,,,,,4.0,ind,4.2,ind,4.7,ind,,,,,,,5.0,ind,2.5,ind,0.0,ind,,,,,,,4.3,2.5,2.0,11.971527777777776,23.94305555555556,37.0,17.641666666666666,31.300555555555555,34.48361111111111,8.0,15.0,17.641666666666666,29.40277777777778,36.0,2.4,9.0,12.0,13.658888888888889,16.069281045751634,51.0,4.25,5.0,6.0,3.183055555555556,12.732222222222225,15.0,2.5,23.394670846394984,42.0,90.0,124.38166666666666,319.0
202520,formato_nuevo,d60742d15b702ec03792e10df6d3c1f55d3b1984ed321e1193d8cde3fa50ea7e,RETIRADO,0.0,0.0,ind,0.0,ind,0.0,ind,,,,,,,,,,,0.0,ind,0.0,ind,0.0,ind,,,,,,,0.0,ind,0.0,ind,0.0,ind,,,,,,,0.0,0.0,0.0,0.0,0.0,0.0,0.0,0.0,0.0,0.0,0.0,0.0,0.0,0.0,0.0,0.0,0.0,0.0,0.0,0.0,0.0,0.0,0.0,0.0,0.0,0.0,0.0,0.0,0.0,0.0,0.0,0.0
202520,formato_nuevo,d60edf997b974efbda5df234e66fdb775d952130c63ff8a9d470b7b151b17b3a,APROBÓ,3.512499999999999,3.25,ind,3.85,ind,3.75,ind,,,,,,,,,,,2.5,ind,0.0,ind,3.45,ind,,,,,,,5.0,ind,4.3,ind,4.0,ind,,,,,,,1.9833333333333332,4.433333333333334,2.0,3.778888888888889,7.557777777777778,20.0,1.155,1.2027777777777775,3.594444444444444,4.0,7.0,1.155,4.33125,16.0,2.2857142857142856,3.0,3.0,0.0477777777777777,0.9555555555555556,3.0,1.0,5.0,8.0,2.3916666666666666,7.972222222222222,18.0,2.25,9.988235294117649,23.0,40.0,14.15,85.0
202520,formato_nuevo,d671bb381f3e6ed6183fc687fe05fab6d4376cb79de1df5393d1e8363bb5d362,RETIRADO,1.2893749999999995,1.4,ind,2.1,ind,0.0,ind,,,,,,,,,,,2.1,ind,2.9375,ind,0.0,ind,,,,,,,3.0,ind,1.65,ind,0.0,ind,,,,,,,1.6791666666666665,1.55,0.0,0.0,0.0,0.0,0.0,0.0,0.0,0.0,0.0,0.0,0.0,0.0,0.0,0.0,0.0,0.0,0.0,0.0,0.0,0.0,0.0,0.0,0.0,0.0,0.0,0.0,0.0,0.0,0.0,0.0
202520,formato_nuevo,da13e8552bf4db283348c44a04cd617614f21c1a450ca3475f6b7de2ddee024d,APROBÓ,3.607499999999999,3.05,ind,4.05,ind,3.65,ind,,,,,,,,,,,2.6,ind,1.6,ind,2.8000000000000003,ind,,,,,,,5.0,ind,4.7,ind,4.75,ind,,,,,,,2.333333333333333,4.816666666666666,2.0,4.298055555555555,8.596111111111112,34.0,24.665,28.05555555555556,29.14444444444444,7.0,15.0,24.665,19.21948051948052,77.0,5.133333333333334,5.0,13.0,3.390555555555556,5.498198198198199,37.0,2.8461538461538463,4.0,6.0,1.0888888888888888,3.629629629629629,18.0,3.0,12.651033057851238,26.0,66.0,51.02583333333333,242.0
202520,formato_nuevo,da788c85bface601e855e721f3303a8964ed508dc68e40cae43b18f8ccb1dae6,APROBÓ,3.0725,1.5,ind,4.1,ind,3.55,ind,,,,,,,,,,,1.5,ind,4.25,ind,4.2,ind,,,,,,,2.75,ind,1.25,ind,3.25,ind,,,,,,,3.3166666666666664,2.4166666666666665,2.0,2.4506944444444443,4.901388888888889,28.0,4.291666666666667,8.727777777777778,20.244444444444447,8.0,14.0,4.291666666666667,7.357142857142857,35.0,2.5,7.0,12.0,4.436111111111111,16.635416666666664,16.0,1.3333333333333333,7.0,9.0,11.516666666666667,20.939393939393938,33.0,3.6666666666666665,11.797841726618708,29.0,57.0,27.331666666666667,139.0
202520,formato_nuevo,db37a788da1241c5522e76376565c60159358737ed461e08d3841c058d3ce6d4,APROBÓ,3.515,1.7000000000000002,ind,4.45,ind,4.2,ind,,,,,,,,,,,2.75,ind,4.0,ind,5.2,ind,,,,,,,1.0,ind,2.3,ind,5.0,ind,,,,,,,3.983333333333333,2.766666666666667,2.0,6.941805555555556,13.883611111111112,48.0,9.588888888888889,16.87222222222222,34.69111111111111,8.0,16.0,9.588888888888889,11.281045751633986,51.0,3.1875,6.0,13.0,7.283333333333333,9.5,46.0,3.5384615384615383,4.0,6.0,17.81888888888889,46.4840579710145,23.0,3.8333333333333335,18.111713520749664,32.0,77.0,75.16361111111111,249.0
202520,formato_nuevo,dc2bd7f218af1430d5654e41ef13393c4e58d9c4f4b4fe7af797f86d465895c8,APROBÓ,3.5112499999999995,3.15,ind,4.65,ind,2.45,ind,,,,,,,,,,,4.375,ind,3.6,ind,3.7,ind,,,,,,,5.0,ind,2.95,ind,2.5,ind,,,,,,,3.891666666666667,3.483333333333333,2.0,0.7704166666666667,1.5408333333333333,21.0,1.7361111111111112,4.498611111111112,5.128333333333334,5.0,9.0,1.7361111111111112,5.787037037037037,18.0,2.0,8.0,9.0,2.7625,16.575,10.0,1.1111111111111112,2.0,2.0,0.6297222222222222,12.594444444444443,3.0,1.5,10.026470588235291,24.0,38.0,11.363333333333332,68.0
202520,formato_nuevo,dd3e994dda2156c6f6a1f90cf393092253a82e0f7aeb2f202e97855cf9c620c2,RETIRADO,2.02625,2.6,ind,3.5,ind,0.0,ind,,,,,,,,,,,3.5,ind,3.375,ind,0.0,ind,,,,,,,3.0,ind,2.75,ind,0.0,ind,,,,,,,2.2916666666666665,1.9166666666666667,0.0,0.0,0.0,0.0,0.0,0.0,0.0,0.0,0.0,0.0,0.0,0.0,0.0,0.0,0.0,0.0,0.0,0.0,0.0,0.0,0.0,0.0,0.0,0.0,0.0,0.0,0.0,0.0,0.0,0.0
202520,formato_nuevo,deb84baad715ba2a8fa61cc853dfea300d062efaa1368907557a56665f130744,REPROBÓ,2.7825,2.55,ind,4.35,ind,2.35,ind,,,,,,,,,,,1.3,ind,1.5,ind,2.1,ind,,,,,,,2.5,ind,1.55,ind,3.0,ind,,,,,,,1.6333333333333335,2.35,2.0,3.435277777777778,6.870555555555556,16.0,11.16611111111111,17.376666666666665,44.39833333333333,4.0,8.0,11.16611111111111,14.564492753623188,46.0,5.75,6.0,7.0,6.210555555555556,7.928368794326241,47.0,6.714285714285714,7.0,10.0,27.02166666666667,19.30119047619048,84.0,8.4,17.738269639065816,37.0,76.0,92.83027777777778,314.0
202520,formato_nuevo,e1f2ba9c84e4595d16bc1075863977052fdff5289a0e6409fa3b60b303224028,APROBÓ,3.5012499999999984,2.85,ind,4.5,ind,3.45,ind,,,,,,,,,,,3.5,ind,3.9,ind,3.075,ind,,,,,,,3.5,ind,2.5,ind,2.4,ind,,,,,,,3.491666666666667,2.8000000000000003,1.0,3.2288888888888887,3.2288888888888887,1.0,8.46861111111111,9.988888888888887,10.5825,6.0,8.0,8.46861111111111,31.757291666666664,16.0,2.0,3.0,4.0,1.5202777777777778,18.24333333333333,5.0,1.25,4.0,6.0,0.5936111111111111,2.2260416666666667,16.0,2.6666666666666665,19.168421052631583,21.0,36.0,24.28,76.0
202520,formato_nuevo,e62bf8412a16e35928fac085a1fda2800351f18fa352a9c3c07eea6500cf30fc,APROBÓ,3.0012499999999998,2.05,ind,4.25,ind,2.6,ind,,,,,,,,,,,1.5,ind,3.2,ind,2.475,ind,,,,,,,5.0,ind,0.75,ind,4.65,ind,,,,,,,2.391666666666667,3.466666666666667,2.0,4.827222222222222,9.654444444444444,48.0,1.5608333333333333,6.495555555555555,7.469722222222222,7.0,12.0,1.5608333333333333,2.9265625,32.0,2.6666666666666665,4.0,4.0,4.934722222222222,7.402083333333333,40.0,10.0,6.0,8.0,0.9741666666666666,3.438235294117647,17.0,2.125,7.015497076023393,23.0,46.0,19.99416666666667,171.0
202520,formato_nuevo,ebd603351a10db5acd2dcc6a5a72428dddc2a9dae3f2fcb217fec1175b5828b8,APROBÓ,4.533,3.7,ind,5.2,ind,5.5,ind,,,,,,,,,,,3.0,ind,3.0,ind,4.16,ind,,,,,,,5.0,ind,2.95,ind,4.25,ind,,,,,,,3.3866666666666667,4.066666666666666,2.0,2.980138888888889,5.960277777777778,21.0,2.4455555555555555,3.816944444444444,6.987222222222222,8.0,10.0,2.4455555555555555,7.336666666666666,20.0,2.0,4.0,5.0,1.371388888888889,6.856944444444445,12.0,2.4,7.0,11.0,3.1702777777777778,7.045061728395062,27.0,2.4545454545454546,15.777830188679246,44.0,83.0,83.6225,318.0
202520,formato_nuevo,ec44a745c168a1827162aed80e9bffbdbbf634e9d7f1ada04353f35b9084b789,APROBÓ,4.109999999999999,2.55,ind,4.5,ind,4.75,ind,,,,,,,,,,,3.8,ind,4.75,ind,5.2,ind,,,,,,,5.0,ind,2.25,ind,4.75,ind,,,,,,,4.583333333333333,4.0,2.0,5.346805555555555,10.69361111111111,36.0,6.520833333333333,25.19833333333333,25.601666666666663,8.0,16.0,6.520833333333333,7.524038461538462,52.0,3.25,7.0,13.0,18.6775,26.682142857142853,42.0,3.230769230769231,7.0,9.0,0.4033333333333333,1.8615384615384616,13.0,1.4444444444444444,13.91565143824027,30.0,68.0,45.68972222222222,197.0
202520,formato_nuevo,edc43601cea35f40df57395a9cc47056b5bd496231f43655097272f61111d050,APROBÓ,3.693333333333333,3.25,ind,4.55,ind,3.4,ind,,,,,,,,,,,3.7,ind,2.15,ind,3.316666666666667,ind,,,,,,,5.0,ind,3.95,ind,3.0,ind,,,,,,,3.055555555555556,3.983333333333333,2.0,0.5447222222222222,1.0894444444444444,9.0,11.79861111111111,12.675833333333332,14.38,4.0,8.0,11.79861111111111,28.316666666666663,25.0,3.125,3.0,3.0,0.8772222222222222,10.526666666666667,5.0,1.6666666666666667,8.0,9.0,1.7041666666666666,4.869047619047619,21.0,2.333333333333333,12.261019283746556,30.0,55.0,24.726388888888888,121.0
202520,formato_nuevo,f25f6ebeda230126f5c2fb49eaa4090807220596f2e7a0a6dbf4fab970826836,APROBÓ,3.0199999999999987,3.0,ind,4.6,ind,1.4,ind,,,,,,,,,,,2.875,ind,2.825,ind,0.2,ind,,,,,,,5.0,ind,3.25,ind,4.25,ind,,,,,,,1.9666666666666668,4.166666666666667,2.0,2.597638888888889,5.195277777777778,80.0,1.946388888888889,3.789444444444445,3.793333333333333,3.0,6.0,1.946388888888889,4.671333333333333,25.0,4.166666666666667,5.0,6.0,1.843055555555556,18.43055555555556,6.0,1.0,2.0,2.0,0.0038888888888888,0.0466666666666666,5.0,2.5,4.493312101910829,18.0,36.0,11.7575,157.0
202520,formato_nuevo,f37027a97baccf6e3653ca9e6e9d501744c7fb116af9e50e37c6ca4913c4bd64,RETIRADO,0.3475,1.4,ind,0.0,ind,0.0,ind,,,,,,,,,,,0.85,ind,0.0,ind,0.0,ind,,,,,,,0.5,ind,0.0,ind,0.0,ind,,,,,,,0.2833333333333333,0.1666666666666666,0.0,0.0,0.0,0.0,0.0,0.0,0.0,0.0,0.0,0.0,0.0,0.0,0.0,0.0,0.0,0.0,0.0,0.0,0.0,0.0,0.0,0.0,0.0,0.0,0.0,0.0,0.0,0.0,0.0,0.0
202520,formato_nuevo,f4453f5f1aa0d6361b118c13ce32aa9463938d7cfeca7d8d7590e6012b1c9233,RETIRADO,0.0524999999999999,0.0,ind,0.0,ind,0.0,ind,,,,,,,,,,,1.05,ind,0.0,ind,0.0,ind,,,,,,,0.0,ind,0.0,ind,0.0,ind,,,,,,,0.35,0.0,0.0,0.0,0.0,0.0,0.0,0.0,0.0,0.0,0.0,0.0,0.0,0.0,0.0,0.0,0.0,0.0,0.0,0.0,0.0,0.0,0.0,0.0,0.0,0.0,0.0,0.0,0.0,0.0,0.0,0.0
202520,formato_nuevo,f5ed08ee355dda5c2fc0b0b238922d1e2fc50c80776f0d0b3519f2a5f8f5a822,APROBÓ,4.535499999999999,3.7,ind,5.4,ind,5.25,ind,,,,,,,,,,,3.4,ind,5.0,ind,3.06,ind,,,,,,,4.0,ind,3.7,ind,3.5,ind,,,,,,,3.82,3.733333333333333,2.0,4.412638888888889,8.825277777777778,23.0,20.613333333333333,24.47055555555556,28.73333333333333,3.0,6.0,20.613333333333333,45.8074074074074,27.0,4.5,3.0,4.0,3.857222222222222,17.8025641025641,13.0,3.25,3.0,4.0,4.262777777777778,31.97083333333333,8.0,2.0,21.41177606177606,39.0,75.0,92.4275,259.0
202520,formato_nuevo,f885efbf201c3204556023f569ab1c24cba558a2ddd47aa33f5351e8fc79d37f,REPROBÓ,2.90375,2.0,ind,3.9,ind,2.4,ind,,,,,,,,,,,2.375,ind,3.45,ind,2.5,ind,,,,,,,3.5,ind,1.5,ind,5.25,ind,,,,,,,2.775,3.4166666666666665,2.0,18.82055555555556,37.64111111111111,65.0,19.613055555555555,155.20027777777776,416.4172222222222,8.0,17.0,19.613055555555555,17.30563725490196,68.0,4.0,8.0,9.0,135.5872222222222,117.90193236714975,69.0,7.666666666666667,8.0,12.0,261.21694444444444,153.65702614379086,102.0,8.5,88.15157170923379,32.0,73.0,747.8191666666667,509.0
202520,formato_nuevo,fa1e8e048a7a0e33985c841351bd91c24d7405be786d48c1fdaf17aa33bb81b7,APROBÓ,3.837499999999999,2.95,ind,5.45,ind,4.0,ind,,,,,,,,,,,1.2,ind,1.8,ind,0.0,ind,,,,,,,4.5,ind,4.7,ind,5.5,ind,,,,,,,1.0,4.9,2.0,0.0779166666666666,0.1558333333333333,19.0,3.063055555555556,3.3627777777777776,4.197222222222222,7.0,11.0,3.063055555555556,5.405392156862745,34.0,3.090909090909091,3.0,4.0,0.2997222222222222,2.9972222222222222,6.0,1.5,3.0,4.0,0.8344444444444444,3.576190476190476,14.0,3.5,5.310174418604651,34.0,70.0,15.2225,172.0
202520,formato_nuevo,fa29576577f876bb38a52c3551106b3548b75bd301bb2a37e1dea4671fc89b8a,APROBÓ,3.5279999999999987,3.5,ind,2.55,ind,5.4,ind,,,,,,,,,,,2.15,ind,0.5,ind,3.66,ind,,,,,,,4.0,ind,1.75,ind,4.75,ind,,,,,,,2.103333333333333,3.5,2.0,25.74125,51.4825,45.0,22.56111111111111,62.91305555555555,165.11194444444445,8.0,19.0,22.56111111111111,13.673400673400671,99.0,5.2105263157894735,9.0,18.0,40.35194444444444,31.85679824561403,76.0,4.222222222222222,10.0,16.0,102.19888888888887,58.96089743589744,104.0,6.5,34.2809934318555,44.0,95.0,231.9680555555556,406.0
202520,formato_nuevo,fa57c79aa0b0046c7aa601001385fd681b2a0cbc355dbcb2478f63bc50b2f9c1,SIN_NOTA,,,ind,,ind,,ind,,,,,,,,,,,,ind,,ind,,ind,,,,,,,,ind,,ind,,ind,,,,,,,,,1.0,0.0219444444444444,0.0219444444444444,2.0,0.2933333333333333,0.2933333333333333,0.2933333333333333,1.0,1.0,0.2933333333333333,17.6,1.0,1.0,0.0,0.0,0.0,0.0,0.0,0.0,0.0,0.0,0.0,0.0,0.0,0.0,1.6197916666666667,5.0,7.0,0.4319444444444444,16.0
202520,formato_nuevo,fa7bf70134b457544241ed972fe13e259cdb7c08e64fd76179cdae83e8fad524,APROBÓ,3.809999999999999,3.15,ind,4.15,ind,4.0,ind,,,,,,,,,,,3.1,ind,3.5,ind,3.5500000000000003,ind,,,,,,,5.0,ind,3.45,ind,4.25,ind,,,,,,,3.3833333333333333,4.233333333333333,1.0,8.483888888888888,8.483888888888888,40.0,4.183611111111111,7.748611111111112,9.18888888888889,9.0,15.0,4.183611111111111,4.2545197740113,59.0,3.933333333333333,8.0,9.0,3.565,11.883333333333333,18.0,2.0,7.0,8.0,1.4402777777777778,7.856060606060606,11.0,1.375,7.296284501061571,31.0,54.0,19.091944444444444,157.0
202520,formato_nuevo,fc2c29079d692b3149a0f73080522bcf423d7c0d5c62d207e1918d88e657b774,RETIRADO,0.4537499999999999,1.2,ind,0.25,ind,0.0,ind,,,,,,,,,,,2.125,ind,0.9,ind,0.0,ind,,,,,,,0.0,ind,0.0,ind,0.0,ind,,,,,,,1.0083333333333333,0.0,0.0,0.0,0.0,0.0,0.0,0.0,0.0,0.0,0.0,0.0,0.0,0.0,0.0,0.0,0.0,0.0,0.0,0.0,0.0,0.0,0.0,0.0,0.0,0.0,0.0,0.0,0.0,0.0,0.0,0.0
202520,formato_nuevo,fca38905bcc59902cf35b41c3546bf34ca281751a8fd3b7e9532c27cb012f8bd,RETIRADO,1.4,1.95,ind,1.95,ind,0.0,ind,,,,,,,,,,,2.9,ind,2.05,ind,0.0,ind,,,,,,,4.5,ind,1.0,ind,0.0,ind,,,,,,,1.6499999999999997,1.8333333333333333,0.0,0.0,0.0,0.0,0.0,0.0,0.0,0.0,0.0,0.0,0.0,0.0,0.0,0.0,0.0,0.0,0.0,0.0,0.0,0.0,0.0,0.0,0.0,0.0,0.0,0.0,0.0,0.0,0.0,0.0
